trades,win_rate,avg_pnl_pct,total_pnl_pct,expectancy,profit_factor,avg_win,avg_loss,avg_peak_pnl,avg_return_t7,peak_pnl_pct,sharpe,max_drawdown_pct,tp_pct,sl_pct,score_threshold,max_hold_days,max_mcap_M
3,33.3,1.0,3.0,1.0,2.5,5.0,1.0,6.84,0.0,5.0,3.113,2.0,5.0,2.0,5,1,100
4,50.0,2.0,8.0,2.0,5.0,5.0,1.0,7.15,0.0,5.0,5.15,2.0,5.0,2.0,5,1,150
5,40.0,1.2,6.0,1.2,2.5,5.0,1.333,5.78,0.0,5.0,2.673,2.0,5.0,2.0,5,1,200
5,40.0,1.2,6.0,1.2,2.5,5.0,1.333,5.78,0.0,5.0,2.673,2.0,5.0,2.0,5,1,300
6,50.0,1.371,8.23,1.3715,3.057,4.076,1.333,5.24,0.0,5.0,3.028,2.0,5.0,2.0,5,1,500
6,50.0,1.371,8.23,1.3715,3.057,4.076,1.333,5.24,0.0,5.0,3.028,2.0,5.0,2.0,5,1,1000
3,33.3,1.0,3.0,1.0,2.5,5.0,1.0,6.84,0.0,5.0,3.113,2.0,5.0,2.0,5,2,100
4,50.0,2.0,8.0,2.0,5.0,5.0,1.0,7.15,0.0,5.0,5.15,2.0,5.0,2.0,5,2,150
5,40.0,1.2,6.0,1.2,2.5,5.0,1.333,5.78,0.0,5.0,2.673,2.0,5.0,2.0,5,2,200
5,40.0,1.2,6.0,1.2,2.5,5.0,1.333,5.78,0.0,5.0,2.673,2.0,5.0,2.0,5,2,300
6,50.0,1.239,7.43,1.2388,2.858,3.811,1.333,5.59,0.0,5.0,2.758,2.0,5.0,2.0,5,2,500
6,50.0,1.239,7.43,1.2388,2.858,3.811,1.333,5.59,0.0,5.0,2.758,2.0,5.0,2.0,5,2,1000
3,66.7,1.735,5.21,1.735,3.603,3.603,2.0,8.25,0.0,5.0,5.527,2.0,5.0,2.0,5,3,100
4,75.0,2.551,10.21,2.5513,6.103,4.068,2.0,8.21,0.0,5.0,7.069,2.0,5.0,2.0,5,3,150
5,60.0,1.641,8.21,1.641,3.051,4.068,2.0,6.63,0.0,5.0,3.706,2.0,5.0,2.0,5,3,200
5,60.0,1.641,8.21,1.641,3.051,4.068,2.0,6.63,0.0,5.0,3.706,2.0,5.0,2.0,5,3,300
6,66.7,2.201,13.21,2.2008,4.301,4.301,2.0,6.43,0.0,5.0,4.556,2.0,5.0,2.0,5,3,500
6,66.7,2.201,13.21,2.2008,4.301,4.301,2.0,6.43,0.0,5.0,4.556,2.0,5.0,2.0,5,3,1000
3,66.7,1.735,5.21,1.735,3.603,3.603,2.0,8.25,0.0,5.0,5.527,2.0,5.0,2.0,5,4,100
4,75.0,2.551,10.21,2.5513,6.103,4.068,2.0,8.21,0.0,5.0,7.069,2.0,5.0,2.0,5,4,150
5,60.0,1.641,8.21,1.641,3.051,4.068,2.0,6.63,0.0,5.0,3.706,2.0,5.0,2.0,5,4,200
5,60.0,1.641,8.21,1.641,3.051,4.068,2.0,6.63,0.0,5.0,3.706,2.0,5.0,2.0,5,4,300
6,66.7,2.201,13.21,2.2008,4.301,4.301,2.0,6.43,0.0,5.0,4.556,2.0,5.0,2.0,5,4,500
6,66.7,2.201,13.21,2.2008,4.301,4.301,2.0,6.43,0.0,5.0,4.556,2.0,5.0,2.0,5,4,1000
3,66.7,1.735,5.21,1.735,3.603,3.603,2.0,8.25,0.0,5.0,5.527,2.0,5.0,2.0,5,5,100
4,75.0,2.551,10.21,2.5513,6.103,4.068,2.0,8.21,0.0,5.0,7.069,2.0,5.0,2.0,5,5,150
5,60.0,1.641,8.21,1.641,3.051,4.068,2.0,6.63,0.0,5.0,3.706,2.0,5.0,2.0,5,5,200
5,60.0,1.641,8.21,1.641,3.051,4.068,2.0,6.63,0.0,5.0,3.706,2.0,5.0,2.0,5,5,300
6,66.7,2.201,13.21,2.2008,4.301,4.301,2.0,6.43,0.0,5.0,4.556,2.0,5.0,2.0,5,5,500
6,66.7,2.201,13.21,2.2008,4.301,4.301,2.0,6.43,0.0,5.0,4.556,2.0,5.0,2.0,5,5,1000
3,66.7,2.232,6.7,2.2317,4.348,4.348,2.0,8.25,0.0,5.0,6.73,2.0,5.0,2.0,5,7,100
4,75.0,2.924,11.7,2.9238,6.848,4.565,2.0,8.21,0.0,5.0,8.024,2.0,5.0,2.0,5,7,150
5,60.0,1.939,9.7,1.939,3.424,4.565,2.0,6.63,0.0,5.0,4.234,2.0,5.0,2.0,5,7,200
5,60.0,1.939,9.7,1.939,3.424,4.565,2.0,6.63,0.0,5.0,4.234,2.0,5.0,2.0,5,7,300
6,66.7,2.449,14.7,2.4492,4.674,4.674,2.0,6.43,0.0,5.0,4.992,2.0,5.0,2.0,5,7,500
6,66.7,2.449,14.7,2.4492,4.674,4.674,2.0,6.43,0.0,5.0,4.992,2.0,5.0,2.0,5,7,1000
3,33.3,0.667,2.0,0.6667,1.667,5.0,1.5,6.84,0.0,5.0,1.852,3.0,5.0,3.0,5,1,100
4,50.0,1.75,7.0,1.75,3.333,5.0,1.5,7.15,0.0,5.0,4.063,3.0,5.0,3.0,5,1,150
5,40.0,1.243,6.21,1.2428,2.641,5.0,1.262,5.78,0.0,5.0,2.739,3.0,5.0,3.0,5,1,200
5,40.0,1.243,6.21,1.2428,2.641,5.0,1.262,5.78,0.0,5.0,2.739,3.0,5.0,3.0,5,1,300
6,50.0,1.407,8.44,1.4072,3.23,4.076,1.262,5.24,0.0,5.0,3.077,3.0,5.0,3.0,5,1,500
6,50.0,1.407,8.44,1.4072,3.23,4.076,1.262,5.24,0.0,5.0,3.077,3.0,5.0,3.0,5,1,1000
3,33.3,0.667,2.0,0.6667,1.667,5.0,1.5,6.84,0.0,5.0,1.852,3.0,5.0,3.0,5,2,100
4,50.0,1.75,7.0,1.75,3.333,5.0,1.5,7.15,0.0,5.0,4.063,3.0,5.0,3.0,5,2,150
5,40.0,1.369,6.84,1.3686,3.168,5.0,1.052,5.97,0.0,5.0,3.083,3.0,5.0,3.0,5,2,200
5,40.0,1.369,6.84,1.3686,3.168,5.0,1.052,5.97,0.0,5.0,3.083,3.0,5.0,3.0,5,2,300
6,50.0,1.379,8.28,1.3793,3.621,3.811,1.052,5.75,0.0,5.0,3.107,3.0,5.0,3.0,5,2,500
6,50.0,1.379,8.28,1.3793,3.621,3.811,1.052,5.75,0.0,5.0,3.107,3.0,5.0,3.0,5,2,1000
3,66.7,1.402,4.21,1.4017,2.402,3.603,3.0,8.25,0.0,5.0,3.875,3.0,5.0,3.0,5,3,100
4,75.0,2.301,9.21,2.3013,4.068,4.068,3.0,8.21,0.0,5.0,5.592,3.0,5.0,3.0,5,3,150
5,60.0,1.241,6.21,1.241,2.034,4.068,3.0,6.85,0.0,5.0,2.44,3.0,5.0,3.0,5,3,200
5,60.0,1.241,6.21,1.241,2.034,4.068,3.0,6.85,0.0,5.0,2.44,3.0,5.0,3.0,5,3,300
6,66.7,1.867,11.21,1.8675,2.867,4.301,3.0,6.61,0.0,5.0,3.38,3.0,5.0,3.0,5,3,500
6,66.7,1.867,11.21,1.8675,2.867,4.301,3.0,6.61,0.0,5.0,3.38,3.0,5.0,3.0,5,3,1000
3,66.7,1.402,4.21,1.4017,2.402,3.603,3.0,8.25,0.0,5.0,3.875,3.0,5.0,3.0,5,4,100
4,75.0,2.301,9.21,2.3013,4.068,4.068,3.0,8.21,0.0,5.0,5.592,3.0,5.0,3.0,5,4,150
5,60.0,1.241,6.21,1.241,2.034,4.068,3.0,6.85,0.0,5.0,2.44,3.0,5.0,3.0,5,4,200
5,60.0,1.241,6.21,1.241,2.034,4.068,3.0,6.85,0.0,5.0,2.44,3.0,5.0,3.0,5,4,300
6,66.7,1.867,11.21,1.8675,2.867,4.301,3.0,6.61,0.0,5.0,3.38,3.0,5.0,3.0,5,4,500
6,66.7,1.867,11.21,1.8675,2.867,4.301,3.0,6.61,0.0,5.0,3.38,3.0,5.0,3.0,5,4,1000
3,66.7,1.402,4.21,1.4017,2.402,3.603,3.0,8.25,0.0,5.0,3.875,3.0,5.0,3.0,5,5,100
4,75.0,2.301,9.21,2.3013,4.068,4.068,3.0,8.21,0.0,5.0,5.592,3.0,5.0,3.0,5,5,150
5,60.0,1.241,6.21,1.241,2.034,4.068,3.0,6.85,0.0,5.0,2.44,3.0,5.0,3.0,5,5,200
5,60.0,1.241,6.21,1.241,2.034,4.068,3.0,6.85,0.0,5.0,2.44,3.0,5.0,3.0,5,5,300
6,66.7,1.867,11.21,1.8675,2.867,4.301,3.0,6.61,0.0,5.0,3.38,3.0,5.0,3.0,5,5,500
6,66.7,1.867,11.21,1.8675,2.867,4.301,3.0,6.61,0.0,5.0,3.38,3.0,5.0,3.0,5,5,1000
3,66.7,1.898,5.7,1.8983,2.898,4.348,3.0,8.25,0.0,5.0,4.965,3.0,5.0,3.0,5,7,100
4,75.0,2.674,10.7,2.6738,4.565,4.565,3.0,8.21,0.0,5.0,6.395,3.0,5.0,3.0,5,7,150
5,60.0,1.539,7.7,1.539,2.283,4.565,3.0,6.85,0.0,5.0,2.924,3.0,5.0,3.0,5,7,200
5,60.0,1.539,7.7,1.539,2.283,4.565,3.0,6.85,0.0,5.0,2.924,3.0,5.0,3.0,5,7,300
6,66.7,2.116,12.7,2.1158,3.116,4.674,3.0,6.61,0.0,5.0,3.76,3.0,5.0,3.0,5,7,500
6,66.7,2.116,12.7,2.1158,3.116,4.674,3.0,6.61,0.0,5.0,3.76,3.0,5.0,3.0,5,7,1000
3,66.7,1.843,5.53,1.843,99.0,2.764,0.0,6.84,0.0,5.0,7.532,0,5.0,4.0,5,1,100
4,75.0,2.632,10.53,2.6322,99.0,3.51,0.0,7.15,0.0,5.0,8.797,0,5.0,4.0,5,1,150
5,60.0,1.949,9.74,1.9486,13.396,3.51,0.393,5.78,0.0,5.0,5.476,0.79,5.0,4.0,5,1,200
5,60.0,1.949,9.74,1.9486,13.396,3.51,0.393,5.78,0.0,5.0,5.476,0.79,5.0,4.0,5,1,300
6,66.7,1.995,11.97,1.9953,16.232,3.19,0.393,5.24,0.0,5.0,5.601,0.79,5.0,4.0,5,1,500
6,66.7,1.995,11.97,1.9953,16.232,3.19,0.393,5.24,0.0,5.0,5.601,0.79,5.0,4.0,5,1,1000
3,66.7,1.843,5.53,1.843,99.0,2.764,0.0,6.84,0.0,5.0,7.532,0,5.0,4.0,5,2,100
4,75.0,2.632,10.53,2.6322,99.0,3.51,0.0,7.15,0.0,5.0,8.797,0,5.0,4.0,5,2,150
5,60.0,2.074,10.37,2.0744,67.064,3.51,0.079,5.97,0.0,5.0,6.137,0.16,5.0,4.0,5,2,200
5,60.0,2.074,10.37,2.0744,67.064,3.51,0.079,5.97,0.0,5.0,6.137,0.16,5.0,4.0,5,2,300
6,66.7,1.968,11.8,1.9675,76.191,2.99,0.079,5.75,0.0,5.0,5.787,0.16,5.0,4.0,5,2,500
6,66.7,1.968,11.8,1.9675,76.191,2.99,0.079,5.75,0.0,5.0,5.787,0.16,5.0,4.0,5,2,1000
3,66.7,1.068,3.21,1.0683,1.801,3.603,4.0,8.25,0.0,5.0,2.603,4.0,5.0,4.0,5,3,100
4,75.0,2.051,8.21,2.0513,3.051,4.068,4.0,8.21,0.0,5.0,4.43,4.0,5.0,4.0,5,3,150
5,60.0,0.841,4.21,0.841,1.526,4.068,4.0,6.85,0.0,5.0,1.463,4.0,5.0,4.0,5,3,200
5,60.0,0.841,4.21,0.841,1.526,4.068,4.0,6.85,0.0,5.0,1.463,4.0,5.0,4.0,5,3,300
6,66.7,1.534,9.21,1.5342,2.151,4.301,4.0,6.61,0.0,5.0,2.463,4.0,5.0,4.0,5,3,500
6,66.7,1.534,9.21,1.5342,2.151,4.301,4.0,6.61,0.0,5.0,2.463,4.0,5.0,4.0,5,3,1000
3,66.7,1.068,3.21,1.0683,1.801,3.603,4.0,8.25,0.0,5.0,2.603,4.0,5.0,4.0,5,4,100
4,75.0,2.051,8.21,2.0513,3.051,4.068,4.0,8.21,0.0,5.0,4.43,4.0,5.0,4.0,5,4,150
5,60.0,0.841,4.21,0.841,1.526,4.068,4.0,6.85,0.0,5.0,1.463,4.0,5.0,4.0,5,4,200
5,60.0,0.841,4.21,0.841,1.526,4.068,4.0,6.85,0.0,5.0,1.463,4.0,5.0,4.0,5,4,300
6,66.7,1.534,9.21,1.5342,2.151,4.301,4.0,6.61,0.0,5.0,2.463,4.0,5.0,4.0,5,4,500
6,66.7,1.534,9.21,1.5342,2.151,4.301,4.0,6.61,0.0,5.0,2.463,4.0,5.0,4.0,5,4,1000
3,66.7,1.068,3.21,1.0683,1.801,3.603,4.0,8.25,0.0,5.0,2.603,4.0,5.0,4.0,5,5,100
4,75.0,2.051,8.21,2.0513,3.051,4.068,4.0,8.21,0.0,5.0,4.43,4.0,5.0,4.0,5,5,150
5,60.0,0.841,4.21,0.841,1.526,4.068,4.0,6.85,0.0,5.0,1.463,4.0,5.0,4.0,5,5,200
5,60.0,0.841,4.21,0.841,1.526,4.068,4.0,6.85,0.0,5.0,1.463,4.0,5.0,4.0,5,5,300
6,66.7,1.534,9.21,1.5342,2.151,4.301,4.0,6.61,0.0,5.0,2.463,4.0,5.0,4.0,5,5,500
6,66.7,1.534,9.21,1.5342,2.151,4.301,4.0,6.61,0.0,5.0,2.463,4.0,5.0,4.0,5,5,1000
3,66.7,1.565,4.7,1.565,2.174,4.348,4.0,8.25,0.0,5.0,3.612,4.0,5.0,4.0,5,7,100
4,75.0,2.424,9.7,2.4238,3.424,4.565,4.0,8.21,0.0,5.0,5.134,4.0,5.0,4.0,5,7,150
5,60.0,1.139,5.7,1.139,1.712,4.565,4.0,6.85,0.0,5.0,1.915,4.0,5.0,4.0,5,7,200
5,60.0,1.139,5.7,1.139,1.712,4.565,4.0,6.85,0.0,5.0,1.915,4.0,5.0,4.0,5,7,300
6,66.7,1.782,10.7,1.7825,2.337,4.674,4.0,6.61,0.0,5.0,2.807,4.0,5.0,4.0,5,7,500
6,66.7,1.782,10.7,1.7825,2.337,4.674,4.0,6.61,0.0,5.0,2.807,4.0,5.0,4.0,5,7,1000
3,33.3,2.0,6.0,2.0,4.0,8.0,1.0,6.84,0.0,8.0,4.243,2.0,8.0,2.0,5,1,100
4,50.0,3.5,14.0,3.5,8.0,8.0,1.0,7.15,0.0,8.0,6.099,2.0,8.0,2.0,5,1,150
5,40.0,2.4,12.0,2.4,4.0,8.0,1.333,5.78,0.0,8.0,3.68,2.0,8.0,2.0,5,1,200
5,40.0,2.4,12.0,2.4,4.0,8.0,1.333,5.78,0.0,8.0,3.68,2.0,8.0,2.0,5,1,300
6,50.0,2.371,14.23,2.3715,4.557,6.076,1.333,5.24,0.0,8.0,3.636,2.0,8.0,2.0,5,1,500
6,50.0,2.371,14.23,2.3715,4.557,6.076,1.333,5.24,0.0,8.0,3.636,2.0,8.0,2.0,5,1,1000
3,33.3,2.0,6.0,2.0,4.0,8.0,1.0,6.84,0.0,8.0,4.243,2.0,8.0,2.0,5,2,100
4,50.0,3.5,14.0,3.5,8.0,8.0,1.0,7.15,0.0,8.0,6.099,2.0,8.0,2.0,5,2,150
5,40.0,2.4,12.0,2.4,4.0,8.0,1.333,5.78,0.0,8.0,3.68,2.0,8.0,2.0,5,2,200
5,40.0,2.4,12.0,2.4,4.0,8.0,1.333,5.78,0.0,8.0,3.68,2.0,8.0,2.0,5,2,300
6,50.0,2.239,13.43,2.2388,4.358,5.811,1.333,5.59,0.0,8.0,3.42,2.0,8.0,2.0,5,2,500
6,50.0,2.239,13.43,2.2388,4.358,5.811,1.333,5.59,0.0,8.0,3.42,2.0,8.0,2.0,5,2,1000
3,66.7,2.735,8.21,2.735,5.103,5.103,2.0,8.25,0.0,8.0,6.114,2.0,8.0,2.0,5,3,100
4,75.0,4.051,16.2,4.0512,9.102,6.068,2.0,8.21,0.0,8.0,7.621,2.0,8.0,2.0,5,3,150
5,60.0,2.841,14.21,2.841,4.551,6.068,2.0,6.63,0.0,8.0,4.499,2.0,8.0,2.0,5,3,200
5,60.0,2.841,14.21,2.841,4.551,6.068,2.0,6.63,0.0,8.0,4.499,2.0,8.0,2.0,5,3,300
6,66.7,3.137,18.82,3.1372,5.706,5.706,2.0,6.43,0.0,8.0,4.904,2.0,8.0,2.0,5,3,500
6,66.7,3.137,18.82,3.1372,5.706,5.706,2.0,6.43,0.0,8.0,4.904,2.0,8.0,2.0,5,3,1000
3,66.7,2.735,8.21,2.735,5.103,5.103,2.0,8.25,0.0,8.0,6.114,2.0,8.0,2.0,5,4,100
4,75.0,4.051,16.2,4.0512,9.102,6.068,2.0,8.21,0.0,8.0,7.621,2.0,8.0,2.0,5,4,150
5,60.0,2.841,14.21,2.841,4.551,6.068,2.0,6.63,0.0,8.0,4.499,2.0,8.0,2.0,5,4,200
5,60.0,2.841,14.21,2.841,4.551,6.068,2.0,6.63,0.0,8.0,4.499,2.0,8.0,2.0,5,4,300
6,66.7,3.701,22.2,3.7008,6.551,6.551,2.0,7.2,0.0,8.0,5.304,2.0,8.0,2.0,5,4,500
6,66.7,3.701,22.2,3.7008,6.551,6.551,2.0,7.2,0.0,8.0,5.304,2.0,8.0,2.0,5,4,1000
3,66.7,2.735,8.21,2.735,5.103,5.103,2.0,8.25,0.0,8.0,6.114,2.0,8.0,2.0,5,5,100
4,75.0,4.051,16.2,4.0512,9.102,6.068,2.0,8.21,0.0,8.0,7.621,2.0,8.0,2.0,5,5,150
5,60.0,2.841,14.21,2.841,4.551,6.068,2.0,6.63,0.0,8.0,4.499,2.0,8.0,2.0,5,5,200
5,60.0,2.841,14.21,2.841,4.551,6.068,2.0,6.63,0.0,8.0,4.499,2.0,8.0,2.0,5,5,300
6,66.7,3.701,22.2,3.7008,6.551,6.551,2.0,7.2,0.0,8.0,5.304,2.0,8.0,2.0,5,5,500
6,66.7,3.701,22.2,3.7008,6.551,6.551,2.0,7.2,0.0,8.0,5.304,2.0,8.0,2.0,5,5,1000
3,66.7,3.232,9.7,3.2317,5.848,5.848,2.0,8.25,0.0,8.0,7.232,2.0,8.0,2.0,5,7,100
4,75.0,4.424,17.7,4.4238,9.848,6.565,2.0,8.21,0.0,8.0,8.555,2.0,8.0,2.0,5,7,150
5,60.0,3.139,15.7,3.139,4.924,6.565,2.0,6.63,0.0,8.0,4.973,2.0,8.0,2.0,5,7,200
5,60.0,3.139,15.7,3.139,4.924,6.565,2.0,6.63,0.0,8.0,4.973,2.0,8.0,2.0,5,7,300
6,66.7,3.949,23.7,3.9492,6.924,6.924,2.0,7.2,0.0,8.0,5.721,2.0,8.0,2.0,5,7,500
6,66.7,3.949,23.7,3.9492,6.924,6.924,2.0,7.2,0.0,8.0,5.721,2.0,8.0,2.0,5,7,1000
3,33.3,1.667,5.0,1.6667,2.667,8.0,1.5,6.84,0.0,8.0,3.29,3.0,8.0,3.0,5,1,100
4,50.0,3.25,13.0,3.25,5.333,8.0,1.5,7.15,0.0,8.0,5.3,3.0,8.0,3.0,5,1,150
5,40.0,2.443,12.21,2.4428,4.226,8.0,1.262,5.78,0.0,8.0,3.735,3.0,8.0,3.0,5,1,200
5,40.0,2.443,12.21,2.4428,4.226,8.0,1.262,5.78,0.0,8.0,3.735,3.0,8.0,3.0,5,1,300
6,50.0,2.407,14.44,2.4072,4.815,6.076,1.262,5.24,0.0,8.0,3.68,3.0,8.0,3.0,5,1,500
6,50.0,2.407,14.44,2.4072,4.815,6.076,1.262,5.24,0.0,8.0,3.68,3.0,8.0,3.0,5,1,1000
3,33.3,1.667,5.0,1.6667,2.667,8.0,1.5,6.84,0.0,8.0,3.29,3.0,8.0,3.0,5,2,100
4,50.0,3.25,13.0,3.25,5.333,8.0,1.5,7.15,0.0,8.0,5.3,3.0,8.0,3.0,5,2,150
5,40.0,2.569,12.84,2.5686,5.068,8.0,1.052,5.97,0.0,8.0,3.998,3.0,8.0,3.0,5,2,200
5,40.0,2.569,12.84,2.5686,5.068,8.0,1.052,5.97,0.0,8.0,3.998,3.0,8.0,3.0,5,2,300
6,50.0,2.379,14.28,2.3793,5.522,5.811,1.052,5.75,0.0,8.0,3.684,3.0,8.0,3.0,5,2,500
6,50.0,2.379,14.28,2.3793,5.522,5.811,1.052,5.75,0.0,8.0,3.684,3.0,8.0,3.0,5,2,1000
3,66.7,2.402,7.21,2.4017,3.402,5.103,3.0,8.25,0.0,8.0,4.899,3.0,8.0,3.0,5,3,100
4,75.0,3.801,15.21,3.8012,6.068,6.068,3.0,8.21,0.0,8.0,6.581,3.0,8.0,3.0,5,3,150
5,60.0,2.441,12.21,2.441,3.034,6.068,3.0,6.85,0.0,8.0,3.522,3.0,8.0,3.0,5,3,200
5,60.0,2.441,12.21,2.441,3.034,6.068,3.0,6.85,0.0,8.0,3.522,3.0,8.0,3.0,5,3,300
6,66.7,2.804,16.82,2.8038,3.804,5.706,3.0,6.61,0.0,8.0,3.981,3.0,8.0,3.0,5,3,500
6,66.7,2.804,16.82,2.8038,3.804,5.706,3.0,6.61,0.0,8.0,3.981,3.0,8.0,3.0,5,3,1000
3,66.7,2.402,7.21,2.4017,3.402,5.103,3.0,8.25,0.0,8.0,4.899,3.0,8.0,3.0,5,4,100
4,75.0,3.801,15.21,3.8012,6.068,6.068,3.0,8.21,0.0,8.0,6.581,3.0,8.0,3.0,5,4,150
5,60.0,2.441,12.21,2.441,3.034,6.068,3.0,6.85,0.0,8.0,3.522,3.0,8.0,3.0,5,4,200
5,60.0,2.441,12.21,2.441,3.034,6.068,3.0,6.85,0.0,8.0,3.522,3.0,8.0,3.0,5,4,300
6,66.7,3.367,20.2,3.3675,4.367,6.551,3.0,7.38,0.0,8.0,4.412,3.0,8.0,3.0,5,4,500
6,66.7,3.367,20.2,3.3675,4.367,6.551,3.0,7.38,0.0,8.0,4.412,3.0,8.0,3.0,5,4,1000
3,66.7,2.402,7.21,2.4017,3.402,5.103,3.0,8.25,0.0,8.0,4.899,3.0,8.0,3.0,5,5,100
4,75.0,3.801,15.21,3.8012,6.068,6.068,3.0,8.21,0.0,8.0,6.581,3.0,8.0,3.0,5,5,150
5,60.0,2.441,12.21,2.441,3.034,6.068,3.0,6.85,0.0,8.0,3.522,3.0,8.0,3.0,5,5,200
5,60.0,2.441,12.21,2.441,3.034,6.068,3.0,6.85,0.0,8.0,3.522,3.0,8.0,3.0,5,5,300
6,66.7,3.367,20.2,3.3675,4.367,6.551,3.0,7.38,0.0,8.0,4.412,3.0,8.0,3.0,5,5,500
6,66.7,3.367,20.2,3.3675,4.367,6.551,3.0,7.38,0.0,8.0,4.412,3.0,8.0,3.0,5,5,1000
3,66.7,2.898,8.7,2.8983,3.898,5.848,3.0,8.25,0.0,8.0,5.869,3.0,8.0,3.0,5,7,100
4,75.0,4.174,16.7,4.1738,6.565,6.565,3.0,8.21,0.0,8.0,7.363,3.0,8.0,3.0,5,7,150
5,60.0,2.739,13.7,2.739,3.283,6.565,3.0,6.85,0.0,8.0,3.934,3.0,8.0,3.0,5,7,200
5,60.0,2.739,13.7,2.739,3.283,6.565,3.0,6.85,0.0,8.0,3.934,3.0,8.0,3.0,5,7,300
6,66.7,3.616,21.7,3.6158,4.616,6.924,3.0,7.38,0.0,8.0,4.763,3.0,8.0,3.0,5,7,500
6,66.7,3.616,21.7,3.6158,4.616,6.924,3.0,7.38,0.0,8.0,4.763,3.0,8.0,3.0,5,7,1000
3,66.7,2.843,8.53,2.843,99.0,4.264,0.0,6.84,0.0,8.0,7.133,0,8.0,4.0,5,1,100
4,75.0,4.132,16.53,4.1322,99.0,5.51,0.0,7.15,0.0,8.0,8.47,0,8.0,4.0,5,1,150
5,60.0,3.149,15.74,3.1486,21.029,5.51,0.393,5.78,0.0,8.0,5.612,0.79,8.0,4.0,5,1,200
5,60.0,3.149,15.74,3.1486,21.029,5.51,0.393,5.78,0.0,8.0,5.612,0.79,8.0,4.0,5,1,300
6,66.7,2.995,17.97,2.9953,23.865,4.689,0.393,5.24,0.0,8.0,5.315,0.79,8.0,4.0,5,1,500
6,66.7,2.995,17.97,2.9953,23.865,4.689,0.393,5.24,0.0,8.0,5.315,0.79,8.0,4.0,5,1,1000
3,66.7,2.843,8.53,2.843,99.0,4.264,0.0,6.84,0.0,8.0,7.133,0,8.0,4.0,5,2,100
4,75.0,4.132,16.53,4.1322,99.0,5.51,0.0,7.15,0.0,8.0,8.47,0,8.0,4.0,5,2,150
5,60.0,3.274,16.37,3.2744,99.0,5.51,0.079,5.97,0.0,8.0,6.014,0.16,8.0,4.0,5,2,200
5,60.0,3.274,16.37,3.2744,99.0,5.51,0.079,5.97,0.0,8.0,6.014,0.16,8.0,4.0,5,2,300
6,66.7,2.967,17.8,2.9675,99.0,4.49,0.079,5.75,0.0,8.0,5.35,0.16,8.0,4.0,5,2,500
6,66.7,2.967,17.8,2.9675,99.0,4.49,0.079,5.75,0.0,8.0,5.35,0.16,8.0,4.0,5,2,1000
3,66.7,2.068,6.21,2.0683,2.551,5.103,4.0,8.25,0.0,8.0,3.869,4.0,8.0,4.0,5,3,100
4,75.0,3.551,14.21,3.5512,4.551,6.068,4.0,8.21,0.0,8.0,5.683,4.0,8.0,4.0,5,3,150
5,60.0,2.041,10.21,2.041,2.276,6.068,4.0,6.85,0.0,8.0,2.7,4.0,8.0,4.0,5,3,200
5,60.0,2.041,10.21,2.041,2.276,6.068,4.0,6.85,0.0,8.0,2.7,4.0,8.0,4.0,5,3,300
6,66.7,2.47,14.82,2.4705,2.853,5.706,4.0,6.61,0.0,8.0,3.207,4.0,8.0,4.0,5,3,500
6,66.7,2.47,14.82,2.4705,2.853,5.706,4.0,6.61,0.0,8.0,3.207,4.0,8.0,4.0,5,3,1000
3,66.7,2.068,6.21,2.0683,2.551,5.103,4.0,8.25,0.0,8.0,3.869,4.0,8.0,4.0,5,4,100
4,75.0,3.551,14.21,3.5512,4.551,6.068,4.0,8.21,0.0,8.0,5.683,4.0,8.0,4.0,5,4,150
5,60.0,2.041,10.21,2.041,2.276,6.068,4.0,6.85,0.0,8.0,2.7,4.0,8.0,4.0,5,4,200
5,60.0,2.041,10.21,2.041,2.276,6.068,4.0,6.85,0.0,8.0,2.7,4.0,8.0,4.0,5,4,300
6,66.7,3.034,18.2,3.0342,3.276,6.551,4.0,7.38,0.0,8.0,3.655,4.0,8.0,4.0,5,4,500
6,66.7,3.034,18.2,3.0342,3.276,6.551,4.0,7.38,0.0,8.0,3.655,4.0,8.0,4.0,5,4,1000
3,66.7,2.068,6.21,2.0683,2.551,5.103,4.0,8.25,0.0,8.0,3.869,4.0,8.0,4.0,5,5,100
4,75.0,3.551,14.21,3.5512,4.551,6.068,4.0,8.21,0.0,8.0,5.683,4.0,8.0,4.0,5,5,150
5,60.0,2.041,10.21,2.041,2.276,6.068,4.0,6.85,0.0,8.0,2.7,4.0,8.0,4.0,5,5,200
5,60.0,2.041,10.21,2.041,2.276,6.068,4.0,6.85,0.0,8.0,2.7,4.0,8.0,4.0,5,5,300
6,66.7,3.034,18.2,3.0342,3.276,6.551,4.0,7.38,0.0,8.0,3.655,4.0,8.0,4.0,5,5,500
6,66.7,3.034,18.2,3.0342,3.276,6.551,4.0,7.38,0.0,8.0,3.655,4.0,8.0,4.0,5,5,1000
3,66.7,2.565,7.7,2.565,2.924,5.848,4.0,8.25,0.0,8.0,4.736,4.0,8.0,4.0,5,7,100
4,75.0,3.924,15.7,3.9238,4.924,6.565,4.0,8.21,0.0,8.0,6.355,4.0,8.0,4.0,5,7,150
5,60.0,2.339,11.7,2.339,2.462,6.565,4.0,6.85,0.0,8.0,3.07,4.0,8.0,4.0,5,7,200
5,60.0,2.339,11.7,2.339,2.462,6.565,4.0,6.85,0.0,8.0,3.07,4.0,8.0,4.0,5,7,300
6,66.7,3.283,19.7,3.2825,3.462,6.924,4.0,7.38,0.0,8.0,3.962,4.0,8.0,4.0,5,7,500
6,66.7,3.283,19.7,3.2825,3.462,6.924,4.0,7.38,0.0,8.0,3.962,4.0,8.0,4.0,5,7,1000
3,66.7,2.843,8.53,2.843,99.0,4.264,0.0,6.84,0.0,8.0,7.133,0,8.0,5.0,5,1,100
4,75.0,4.132,16.53,4.1322,99.0,5.51,0.0,7.15,0.0,8.0,8.47,0,8.0,5.0,5,1,150
5,60.0,3.149,15.74,3.1486,21.029,5.51,0.393,5.78,0.0,8.0,5.612,0.79,8.0,5.0,5,1,200
5,60.0,3.149,15.74,3.1486,21.029,5.51,0.393,5.78,0.0,8.0,5.612,0.79,8.0,5.0,5,1,300
6,66.7,2.995,17.97,2.9953,23.865,4.689,0.393,5.24,0.0,8.0,5.315,0.79,8.0,5.0,5,1,500
6,66.7,2.995,17.97,2.9953,23.865,4.689,0.393,5.24,0.0,8.0,5.315,0.79,8.0,5.0,5,1,1000
3,66.7,2.843,8.53,2.843,99.0,4.264,0.0,6.84,0.0,8.0,7.133,0,8.0,5.0,5,2,100
4,75.0,4.132,16.53,4.1322,99.0,5.51,0.0,7.15,0.0,8.0,8.47,0,8.0,5.0,5,2,150
5,60.0,3.274,16.37,3.2744,99.0,5.51,0.079,5.97,0.0,8.0,6.014,0.16,8.0,5.0,5,2,200
5,60.0,3.274,16.37,3.2744,99.0,5.51,0.079,5.97,0.0,8.0,6.014,0.16,8.0,5.0,5,2,300
6,66.7,2.967,17.8,2.9675,99.0,4.49,0.079,5.75,0.0,8.0,5.35,0.16,8.0,5.0,5,2,500
6,66.7,2.967,17.8,2.9675,99.0,4.49,0.079,5.75,0.0,8.0,5.35,0.16,8.0,5.0,5,2,1000
3,66.7,1.735,5.21,1.735,2.041,5.103,5.0,8.25,0.0,8.0,2.99,5.0,8.0,5.0,5,3,100
4,75.0,3.301,13.21,3.3012,3.641,6.068,5.0,8.21,0.0,8.0,4.902,5.0,8.0,5.0,5,3,150
5,60.0,1.641,8.21,1.641,1.82,6.068,5.0,6.85,0.0,8.0,2.001,5.0,8.0,5.0,5,3,200
5,60.0,1.641,8.21,1.641,1.82,6.068,5.0,6.85,0.0,8.0,2.001,5.0,8.0,5.0,5,3,300
6,66.7,2.137,12.82,2.1372,2.282,5.706,5.0,6.61,0.0,8.0,2.552,5.0,8.0,5.0,5,3,500
6,66.7,2.137,12.82,2.1372,2.282,5.706,5.0,6.61,0.0,8.0,2.552,5.0,8.0,5.0,5,3,1000
3,66.7,1.735,5.21,1.735,2.041,5.103,5.0,8.25,0.0,8.0,2.99,5.0,8.0,5.0,5,4,100
4,75.0,3.301,13.21,3.3012,3.641,6.068,5.0,8.21,0.0,8.0,4.902,5.0,8.0,5.0,5,4,150
5,60.0,1.641,8.21,1.641,1.82,6.068,5.0,6.85,0.0,8.0,2.001,5.0,8.0,5.0,5,4,200
5,60.0,1.641,8.21,1.641,1.82,6.068,5.0,6.85,0.0,8.0,2.001,5.0,8.0,5.0,5,4,300
6,66.7,2.701,16.2,2.7008,2.62,6.551,5.0,7.38,0.0,8.0,3.008,5.0,8.0,5.0,5,4,500
6,66.7,2.701,16.2,2.7008,2.62,6.551,5.0,7.38,0.0,8.0,3.008,5.0,8.0,5.0,5,4,1000
3,66.7,1.735,5.21,1.735,2.041,5.103,5.0,8.25,0.0,8.0,2.99,5.0,8.0,5.0,5,5,100
4,75.0,3.301,13.21,3.3012,3.641,6.068,5.0,8.21,0.0,8.0,4.902,5.0,8.0,5.0,5,5,150
5,60.0,1.641,8.21,1.641,1.82,6.068,5.0,6.85,0.0,8.0,2.001,5.0,8.0,5.0,5,5,200
5,60.0,1.641,8.21,1.641,1.82,6.068,5.0,6.85,0.0,8.0,2.001,5.0,8.0,5.0,5,5,300
6,66.7,2.701,16.2,2.7008,2.62,6.551,5.0,7.38,0.0,8.0,3.008,5.0,8.0,5.0,5,5,500
6,66.7,2.701,16.2,2.7008,2.62,6.551,5.0,7.38,0.0,8.0,3.008,5.0,8.0,5.0,5,5,1000
3,66.7,2.232,6.7,2.2317,2.339,5.848,5.0,8.25,0.0,8.0,3.783,5.0,8.0,5.0,5,7,100
4,75.0,3.674,14.7,3.6738,3.939,6.565,5.0,8.21,0.0,8.0,5.494,5.0,8.0,5.0,5,7,150
5,60.0,1.939,9.7,1.939,1.97,6.565,5.0,6.85,0.0,8.0,2.341,5.0,8.0,5.0,5,7,200
5,60.0,1.939,9.7,1.939,1.97,6.565,5.0,6.85,0.0,8.0,2.341,5.0,8.0,5.0,5,7,300
6,66.7,2.949,17.7,2.9492,2.769,6.924,5.0,7.38,0.0,8.0,3.282,5.0,8.0,5.0,5,7,500
6,66.7,2.949,17.7,2.9492,2.769,6.924,5.0,7.38,0.0,8.0,3.282,5.0,8.0,5.0,5,7,1000
3,66.7,2.843,8.53,2.843,99.0,4.264,0.0,6.84,0.0,8.0,7.133,0,8.0,6.0,5,1,100
4,75.0,4.132,16.53,4.1322,99.0,5.51,0.0,7.15,0.0,8.0,8.47,0,8.0,6.0,5,1,150
5,60.0,3.149,15.74,3.1486,21.029,5.51,0.393,5.78,0.0,8.0,5.612,0.79,8.0,6.0,5,1,200
5,60.0,3.149,15.74,3.1486,21.029,5.51,0.393,5.78,0.0,8.0,5.612,0.79,8.0,6.0,5,1,300
6,66.7,2.995,17.97,2.9953,23.865,4.689,0.393,5.24,0.0,8.0,5.315,0.79,8.0,6.0,5,1,500
6,66.7,2.995,17.97,2.9953,23.865,4.689,0.393,5.24,0.0,8.0,5.315,0.79,8.0,6.0,5,1,1000
3,66.7,2.843,8.53,2.843,99.0,4.264,0.0,6.84,0.0,8.0,7.133,0,8.0,6.0,5,2,100
4,75.0,4.132,16.53,4.1322,99.0,5.51,0.0,7.15,0.0,8.0,8.47,0,8.0,6.0,5,2,150
5,60.0,3.274,16.37,3.2744,99.0,5.51,0.079,5.97,0.0,8.0,6.014,0.16,8.0,6.0,5,2,200
5,60.0,3.274,16.37,3.2744,99.0,5.51,0.079,5.97,0.0,8.0,6.014,0.16,8.0,6.0,5,2,300
6,66.7,2.967,17.8,2.9675,99.0,4.49,0.079,5.75,0.0,8.0,5.35,0.16,8.0,6.0,5,2,500
6,66.7,2.967,17.8,2.9675,99.0,4.49,0.079,5.75,0.0,8.0,5.35,0.16,8.0,6.0,5,2,1000
3,66.7,1.402,4.21,1.4017,1.701,5.103,6.0,8.25,0.0,8.0,2.237,6.0,8.0,6.0,5,3,100
4,75.0,3.051,12.21,3.0512,3.034,6.068,6.0,8.21,0.0,8.0,4.222,6.0,8.0,6.0,5,3,150
5,60.0,1.241,6.21,1.241,1.517,6.068,6.0,6.85,0.0,8.0,1.403,6.0,8.0,6.0,5,3,200
5,60.0,1.241,6.21,1.241,1.517,6.068,6.0,6.85,0.0,8.0,1.403,6.0,8.0,6.0,5,3,300
6,66.7,1.804,10.82,1.8038,1.902,5.706,6.0,6.61,0.0,8.0,1.992,6.0,8.0,6.0,5,3,500
6,66.7,1.804,10.82,1.8038,1.902,5.706,6.0,6.61,0.0,8.0,1.992,6.0,8.0,6.0,5,3,1000
3,66.7,1.402,4.21,1.4017,1.701,5.103,6.0,8.25,0.0,8.0,2.237,6.0,8.0,6.0,5,4,100
4,75.0,3.051,12.21,3.0512,3.034,6.068,6.0,8.21,0.0,8.0,4.222,6.0,8.0,6.0,5,4,150
5,60.0,1.241,6.21,1.241,1.517,6.068,6.0,6.85,0.0,8.0,1.403,6.0,8.0,6.0,5,4,200
5,60.0,1.241,6.21,1.241,1.517,6.068,6.0,6.85,0.0,8.0,1.403,6.0,8.0,6.0,5,4,300
6,66.7,2.368,14.21,2.3675,2.184,6.551,6.0,7.38,0.0,8.0,2.45,6.0,8.0,6.0,5,4,500
6,66.7,2.368,14.21,2.3675,2.184,6.551,6.0,7.38,0.0,8.0,2.45,6.0,8.0,6.0,5,4,1000
3,66.7,1.402,4.21,1.4017,1.701,5.103,6.0,8.25,0.0,8.0,2.237,6.0,8.0,6.0,5,5,100
4,75.0,3.051,12.21,3.0512,3.034,6.068,6.0,8.21,0.0,8.0,4.222,6.0,8.0,6.0,5,5,150
5,60.0,1.241,6.21,1.241,1.517,6.068,6.0,6.85,0.0,8.0,1.403,6.0,8.0,6.0,5,5,200
5,60.0,1.241,6.21,1.241,1.517,6.068,6.0,6.85,0.0,8.0,1.403,6.0,8.0,6.0,5,5,300
6,66.7,2.368,14.21,2.3675,2.184,6.551,6.0,7.38,0.0,8.0,2.45,6.0,8.0,6.0,5,5,500
6,66.7,2.368,14.21,2.3675,2.184,6.551,6.0,7.38,0.0,8.0,2.45,6.0,8.0,6.0,5,5,1000
3,66.7,1.898,5.7,1.8983,1.949,5.848,6.0,8.25,0.0,8.0,2.972,6.0,8.0,6.0,5,7,100
4,75.0,3.424,13.7,3.4238,3.283,6.565,6.0,8.21,0.0,8.0,4.753,6.0,8.0,6.0,5,7,150
5,60.0,1.539,7.7,1.539,1.641,6.565,6.0,6.85,0.0,8.0,1.72,6.0,8.0,6.0,5,7,200
5,60.0,1.539,7.7,1.539,1.641,6.565,6.0,6.85,0.0,8.0,1.72,6.0,8.0,6.0,5,7,300
6,66.7,2.616,15.7,2.6158,2.308,6.924,6.0,7.38,0.0,8.0,2.7,6.0,8.0,6.0,5,7,500
6,66.7,2.616,15.7,2.6158,2.308,6.924,6.0,7.38,0.0,8.0,2.7,6.0,8.0,6.0,5,7,1000
3,33.3,2.667,8.0,2.6667,5.0,10.0,1.0,6.84,0.0,10.0,4.656,2.0,10.0,2.0,5,1,100
4,50.0,3.188,12.75,3.1878,7.376,7.376,1.0,7.15,0.0,10.0,5.459,2.0,10.0,2.0,5,1,150
5,40.0,2.15,10.75,2.1502,3.688,7.376,1.333,5.78,0.0,10.0,3.293,2.0,10.0,2.0,5,1,200
5,40.0,2.15,10.75,2.1502,3.688,7.376,1.333,5.78,0.0,10.0,3.293,2.0,10.0,2.0,5,1,300
6,50.0,2.163,12.98,2.1633,4.245,5.66,1.333,5.24,0.0,10.0,3.313,2.0,10.0,2.0,5,1,500
6,50.0,2.163,12.98,2.1633,4.245,5.66,1.333,5.24,0.0,10.0,3.313,2.0,10.0,2.0,5,1,1000
3,33.3,2.667,8.0,2.6667,5.0,10.0,1.0,6.84,0.0,10.0,4.656,2.0,10.0,2.0,5,2,100
4,50.0,4.5,18.0,4.5,10.0,10.0,1.0,21.7,0.0,10.0,6.441,2.0,10.0,2.0,5,2,150
5,40.0,3.2,16.0,3.2,5.0,10.0,1.333,17.42,0.0,10.0,4.057,2.0,10.0,2.0,5,2,200
5,40.0,3.2,16.0,3.2,5.0,10.0,1.333,17.42,0.0,10.0,4.057,2.0,10.0,2.0,5,2,300
6,50.0,2.905,17.43,2.9055,5.358,7.144,1.333,15.29,0.0,10.0,3.653,2.0,10.0,2.0,5,2,500
6,50.0,2.905,17.43,2.9055,5.358,7.144,1.333,15.29,0.0,10.0,3.653,2.0,10.0,2.0,5,2,1000
3,66.7,3.402,10.21,3.4017,6.103,6.103,2.0,8.25,0.0,10.0,6.271,2.0,10.0,2.0,5,3,100
4,75.0,5.051,20.2,5.0512,11.102,7.402,2.0,22.76,0.0,10.0,7.759,2.0,10.0,2.0,5,3,150
5,60.0,3.641,18.2,3.641,5.551,7.402,2.0,18.27,0.0,10.0,4.774,2.0,10.0,2.0,5,3,200
5,60.0,3.641,18.2,3.641,5.551,7.402,2.0,18.27,0.0,10.0,4.774,2.0,10.0,2.0,5,3,300
6,66.7,3.804,22.82,3.8038,6.706,6.706,2.0,16.13,0.0,10.0,4.974,2.0,10.0,2.0,5,3,500
6,66.7,3.804,22.82,3.8038,6.706,6.706,2.0,16.13,0.0,10.0,4.974,2.0,10.0,2.0,5,3,1000
3,66.7,3.402,10.21,3.4017,6.103,6.103,2.0,8.25,0.0,10.0,6.271,2.0,10.0,2.0,5,4,100
4,75.0,5.051,20.2,5.0512,11.102,7.402,2.0,22.76,0.0,10.0,7.759,2.0,10.0,2.0,5,4,150
5,60.0,3.641,18.2,3.641,5.551,7.402,2.0,18.27,0.0,10.0,4.774,2.0,10.0,2.0,5,4,200
5,60.0,3.641,18.2,3.641,5.551,7.402,2.0,18.27,0.0,10.0,4.774,2.0,10.0,2.0,5,4,300
6,66.7,4.701,28.2,4.7008,8.051,8.051,2.0,16.9,0.0,10.0,5.558,2.0,10.0,2.0,5,4,500
6,66.7,4.701,28.2,4.7008,8.051,8.051,2.0,16.9,0.0,10.0,5.558,2.0,10.0,2.0,5,4,1000
3,66.7,3.402,10.21,3.4017,6.103,6.103,2.0,8.25,0.0,10.0,6.271,2.0,10.0,2.0,5,5,100
4,75.0,5.051,20.2,5.0512,11.102,7.402,2.0,22.76,0.0,10.0,7.759,2.0,10.0,2.0,5,5,150
5,60.0,3.641,18.2,3.641,5.551,7.402,2.0,18.27,0.0,10.0,4.774,2.0,10.0,2.0,5,5,200
5,60.0,3.641,18.2,3.641,5.551,7.402,2.0,18.27,0.0,10.0,4.774,2.0,10.0,2.0,5,5,300
6,66.7,4.701,28.2,4.7008,8.051,8.051,2.0,16.9,0.0,10.0,5.558,2.0,10.0,2.0,5,5,500
6,66.7,4.701,28.2,4.7008,8.051,8.051,2.0,16.9,0.0,10.0,5.558,2.0,10.0,2.0,5,5,1000
3,66.7,3.898,11.7,3.8983,6.848,6.848,2.0,8.25,0.0,10.0,7.29,2.0,10.0,2.0,5,7,100
4,75.0,5.424,21.7,5.4238,11.848,7.898,2.0,22.76,0.0,10.0,8.611,2.0,10.0,2.0,5,7,150
5,60.0,3.939,19.7,3.939,5.924,7.898,2.0,18.27,0.0,10.0,5.209,2.0,10.0,2.0,5,7,200
5,60.0,3.939,19.7,3.939,5.924,7.898,2.0,18.27,0.0,10.0,5.209,2.0,10.0,2.0,5,7,300
6,66.7,4.949,29.7,4.9492,8.424,8.424,2.0,16.9,0.0,10.0,5.944,2.0,10.0,2.0,5,7,500
6,66.7,4.949,29.7,4.9492,8.424,8.424,2.0,16.9,0.0,10.0,5.944,2.0,10.0,2.0,5,7,1000
3,33.3,2.333,7.0,2.3333,3.333,10.0,1.5,6.84,0.0,10.0,3.848,3.0,10.0,3.0,5,1,100
4,50.0,2.938,11.75,2.9378,4.917,7.376,1.5,7.15,0.0,10.0,4.734,3.0,10.0,3.0,5,1,150
5,40.0,2.193,10.96,2.193,3.896,7.376,1.262,5.78,0.0,10.0,3.348,3.0,10.0,3.0,5,1,200
5,40.0,2.193,10.96,2.193,3.896,7.376,1.262,5.78,0.0,10.0,3.348,3.0,10.0,3.0,5,1,300
6,50.0,2.199,13.19,2.199,4.485,5.66,1.262,5.24,0.0,10.0,3.357,3.0,10.0,3.0,5,1,500
6,50.0,2.199,13.19,2.199,4.485,5.66,1.262,5.24,0.0,10.0,3.357,3.0,10.0,3.0,5,1,1000
3,33.3,2.333,7.0,2.3333,3.333,10.0,1.5,6.84,0.0,10.0,3.848,3.0,10.0,3.0,5,2,100
4,50.0,4.25,17.0,4.25,6.667,10.0,1.5,21.7,0.0,10.0,5.769,3.0,10.0,3.0,5,2,150
5,40.0,3.369,16.84,3.3686,6.335,10.0,1.052,17.61,0.0,10.0,4.333,3.0,10.0,3.0,5,2,200
5,40.0,3.369,16.84,3.3686,6.335,10.0,1.052,17.61,0.0,10.0,4.333,3.0,10.0,3.0,5,2,300
6,50.0,3.046,18.28,3.046,6.789,7.144,1.052,15.45,0.0,10.0,3.879,3.0,10.0,3.0,5,2,500
6,50.0,3.046,18.28,3.046,6.789,7.144,1.052,15.45,0.0,10.0,3.879,3.0,10.0,3.0,5,2,1000
3,66.7,3.068,9.21,3.0683,4.068,6.103,3.0,8.25,0.0,10.0,5.264,3.0,10.0,3.0,5,3,100
4,75.0,4.801,19.2,4.8012,7.402,7.402,3.0,22.76,0.0,10.0,6.91,3.0,10.0,3.0,5,3,150
5,60.0,3.241,16.2,3.241,3.701,7.402,3.0,18.49,0.0,10.0,3.942,3.0,10.0,3.0,5,3,200
5,60.0,3.241,16.2,3.241,3.701,7.402,3.0,18.49,0.0,10.0,3.942,3.0,10.0,3.0,5,3,300
6,66.7,3.47,20.82,3.4705,4.471,6.706,3.0,16.31,0.0,10.0,4.202,3.0,10.0,3.0,5,3,500
6,66.7,3.47,20.82,3.4705,4.471,6.706,3.0,16.31,0.0,10.0,4.202,3.0,10.0,3.0,5,3,1000
3,66.7,3.068,9.21,3.0683,4.068,6.103,3.0,8.25,0.0,10.0,5.264,3.0,10.0,3.0,5,4,100
4,75.0,4.801,19.2,4.8012,7.402,7.402,3.0,22.76,0.0,10.0,6.91,3.0,10.0,3.0,5,4,150
5,60.0,3.241,16.2,3.241,3.701,7.402,3.0,18.49,0.0,10.0,3.942,3.0,10.0,3.0,5,4,200
5,60.0,3.241,16.2,3.241,3.701,7.402,3.0,18.49,0.0,10.0,3.942,3.0,10.0,3.0,5,4,300
6,66.7,4.367,26.2,4.3675,5.367,8.051,3.0,17.08,0.0,10.0,4.803,3.0,10.0,3.0,5,4,500
6,66.7,4.367,26.2,4.3675,5.367,8.051,3.0,17.08,0.0,10.0,4.803,3.0,10.0,3.0,5,4,1000
3,66.7,3.068,9.21,3.0683,4.068,6.103,3.0,8.25,0.0,10.0,5.264,3.0,10.0,3.0,5,5,100
4,75.0,4.801,19.2,4.8012,7.402,7.402,3.0,22.76,0.0,10.0,6.91,3.0,10.0,3.0,5,5,150
5,60.0,3.241,16.2,3.241,3.701,7.402,3.0,18.49,0.0,10.0,3.942,3.0,10.0,3.0,5,5,200
5,60.0,3.241,16.2,3.241,3.701,7.402,3.0,18.49,0.0,10.0,3.942,3.0,10.0,3.0,5,5,300
6,66.7,4.367,26.2,4.3675,5.367,8.051,3.0,17.08,0.0,10.0,4.803,3.0,10.0,3.0,5,5,500
6,66.7,4.367,26.2,4.3675,5.367,8.051,3.0,17.08,0.0,10.0,4.803,3.0,10.0,3.0,5,5,1000
3,66.7,3.565,10.7,3.565,4.565,6.848,3.0,8.25,0.0,10.0,6.156,3.0,10.0,3.0,5,7,100
4,75.0,5.174,20.7,5.1738,7.898,7.898,3.0,22.76,0.0,10.0,7.639,3.0,10.0,3.0,5,7,150
5,60.0,3.539,17.7,3.539,3.949,7.898,3.0,18.49,0.0,10.0,4.321,3.0,10.0,3.0,5,7,200
5,60.0,3.539,17.7,3.539,3.949,7.898,3.0,18.49,0.0,10.0,4.321,3.0,10.0,3.0,5,7,300
6,66.7,4.616,27.7,4.6158,5.616,8.424,3.0,17.08,0.0,10.0,5.133,3.0,10.0,3.0,5,7,500
6,66.7,4.616,27.7,4.6158,5.616,8.424,3.0,17.08,0.0,10.0,5.133,3.0,10.0,3.0,5,7,1000
3,66.7,3.51,10.53,3.5097,99.0,5.264,0.0,6.84,0.0,10.0,7.001,0,10.0,4.0,5,1,100
4,75.0,3.82,15.28,3.82,99.0,5.093,0.0,7.15,0.0,10.0,7.552,0,10.0,4.0,5,1,150
5,60.0,2.899,14.49,2.8988,19.44,5.093,0.393,5.78,0.0,10.0,5.099,0.79,10.0,4.0,5,1,200
5,60.0,2.899,14.49,2.8988,19.44,5.093,0.393,5.78,0.0,10.0,5.099,0.79,10.0,4.0,5,1,300
6,66.7,2.787,16.72,2.7872,22.276,4.377,0.393,5.24,0.0,10.0,4.891,0.79,10.0,4.0,5,1,500
6,66.7,2.787,16.72,2.7872,22.276,4.377,0.393,5.24,0.0,10.0,4.891,0.79,10.0,4.0,5,1,1000
3,66.7,3.51,10.53,3.5097,99.0,5.264,0.0,6.84,0.0,10.0,7.001,0,10.0,4.0,5,2,100
4,75.0,5.132,20.53,5.1322,99.0,6.843,0.0,21.7,0.0,10.0,8.362,0,10.0,4.0,5,2,150
5,60.0,4.074,20.37,4.0744,99.0,6.843,0.079,17.61,0.0,10.0,5.972,0.16,10.0,4.0,5,2,200
5,60.0,4.074,20.37,4.0744,99.0,6.843,0.079,17.61,0.0,10.0,5.972,0.16,10.0,4.0,5,2,300
6,66.7,3.634,21.8,3.6342,99.0,5.49,0.079,15.45,0.0,10.0,5.199,0.16,10.0,4.0,5,2,500
6,66.7,3.634,21.8,3.6342,99.0,5.49,0.079,15.45,0.0,10.0,5.199,0.16,10.0,4.0,5,2,1000
3,66.7,2.735,8.21,2.735,3.051,6.103,4.0,8.25,0.0,10.0,4.376,4.0,10.0,4.0,5,3,100
4,75.0,4.551,18.2,4.5512,5.551,7.402,4.0,22.76,0.0,10.0,6.15,4.0,10.0,4.0,5,3,150
5,60.0,2.841,14.21,2.841,2.776,7.402,4.0,18.49,0.0,10.0,3.217,4.0,10.0,4.0,5,3,200
5,60.0,2.841,14.21,2.841,2.776,7.402,4.0,18.49,0.0,10.0,3.217,4.0,10.0,4.0,5,3,300
6,66.7,3.137,18.82,3.1372,3.353,6.706,4.0,16.31,0.0,10.0,3.529,4.0,10.0,4.0,5,3,500
6,66.7,3.137,18.82,3.1372,3.353,6.706,4.0,16.31,0.0,10.0,3.529,4.0,10.0,4.0,5,3,1000
3,66.7,2.735,8.21,2.735,3.051,6.103,4.0,8.25,0.0,10.0,4.376,4.0,10.0,4.0,5,4,100
4,75.0,4.551,18.2,4.5512,5.551,7.402,4.0,22.76,0.0,10.0,6.15,4.0,10.0,4.0,5,4,150
5,60.0,2.841,14.21,2.841,2.776,7.402,4.0,18.49,0.0,10.0,3.217,4.0,10.0,4.0,5,4,200
5,60.0,2.841,14.21,2.841,2.776,7.402,4.0,18.49,0.0,10.0,3.217,4.0,10.0,4.0,5,4,300
6,66.7,4.034,24.2,4.0342,4.026,8.051,4.0,17.08,0.0,10.0,4.141,4.0,10.0,4.0,5,4,500
6,66.7,4.034,24.2,4.0342,4.026,8.051,4.0,17.08,0.0,10.0,4.141,4.0,10.0,4.0,5,4,1000
3,66.7,2.735,8.21,2.735,3.051,6.103,4.0,8.25,0.0,10.0,4.376,4.0,10.0,4.0,5,5,100
4,75.0,4.551,18.2,4.5512,5.551,7.402,4.0,22.76,0.0,10.0,6.15,4.0,10.0,4.0,5,5,150
5,60.0,2.841,14.21,2.841,2.776,7.402,4.0,18.49,0.0,10.0,3.217,4.0,10.0,4.0,5,5,200
5,60.0,2.841,14.21,2.841,2.776,7.402,4.0,18.49,0.0,10.0,3.217,4.0,10.0,4.0,5,5,300
6,66.7,4.034,24.2,4.0342,4.026,8.051,4.0,17.08,0.0,10.0,4.141,4.0,10.0,4.0,5,5,500
6,66.7,4.034,24.2,4.0342,4.026,8.051,4.0,17.08,0.0,10.0,4.141,4.0,10.0,4.0,5,5,1000
3,66.7,3.232,9.7,3.2317,3.424,6.848,4.0,8.25,0.0,10.0,5.174,4.0,10.0,4.0,5,7,100
4,75.0,4.924,19.7,4.9238,5.924,7.898,4.0,22.76,0.0,10.0,6.786,4.0,10.0,4.0,5,7,150
5,60.0,3.139,15.7,3.139,2.962,7.898,4.0,18.49,0.0,10.0,3.556,4.0,10.0,4.0,5,7,200
5,60.0,3.139,15.7,3.139,2.962,7.898,4.0,18.49,0.0,10.0,3.556,4.0,10.0,4.0,5,7,300
6,66.7,4.282,25.7,4.2825,4.212,8.424,4.0,17.08,0.0,10.0,4.429,4.0,10.0,4.0,5,7,500
6,66.7,4.282,25.7,4.2825,4.212,8.424,4.0,17.08,0.0,10.0,4.429,4.0,10.0,4.0,5,7,1000
3,66.7,3.51,10.53,3.5097,99.0,5.264,0.0,6.84,0.0,10.0,7.001,0,10.0,5.0,5,1,100
4,75.0,3.82,15.28,3.82,99.0,5.093,0.0,7.15,0.0,10.0,7.552,0,10.0,5.0,5,1,150
5,60.0,2.899,14.49,2.8988,19.44,5.093,0.393,5.78,0.0,10.0,5.099,0.79,10.0,5.0,5,1,200
5,60.0,2.899,14.49,2.8988,19.44,5.093,0.393,5.78,0.0,10.0,5.099,0.79,10.0,5.0,5,1,300
6,66.7,2.787,16.72,2.7872,22.276,4.377,0.393,5.24,0.0,10.0,4.891,0.79,10.0,5.0,5,1,500
6,66.7,2.787,16.72,2.7872,22.276,4.377,0.393,5.24,0.0,10.0,4.891,0.79,10.0,5.0,5,1,1000
3,66.7,3.51,10.53,3.5097,99.0,5.264,0.0,6.84,0.0,10.0,7.001,0,10.0,5.0,5,2,100
4,75.0,5.132,20.53,5.1322,99.0,6.843,0.0,21.7,0.0,10.0,8.362,0,10.0,5.0,5,2,150
5,60.0,4.074,20.37,4.0744,99.0,6.843,0.079,17.61,0.0,10.0,5.972,0.16,10.0,5.0,5,2,200
5,60.0,4.074,20.37,4.0744,99.0,6.843,0.079,17.61,0.0,10.0,5.972,0.16,10.0,5.0,5,2,300
6,66.7,3.634,21.8,3.6342,99.0,5.49,0.079,15.45,0.0,10.0,5.199,0.16,10.0,5.0,5,2,500
6,66.7,3.634,21.8,3.6342,99.0,5.49,0.079,15.45,0.0,10.0,5.199,0.16,10.0,5.0,5,2,1000
3,66.7,2.402,7.21,2.4017,2.441,6.103,5.0,8.25,0.0,10.0,3.594,5.0,10.0,5.0,5,3,100
4,75.0,4.301,17.2,4.3012,4.441,7.402,5.0,22.76,0.0,10.0,5.469,5.0,10.0,5.0,5,3,150
5,60.0,2.441,12.21,2.441,2.22,7.402,5.0,18.49,0.0,10.0,2.583,5.0,10.0,5.0,5,3,200
5,60.0,2.441,12.21,2.441,2.22,7.402,5.0,18.49,0.0,10.0,2.583,5.0,10.0,5.0,5,3,300
6,66.7,2.804,16.82,2.8038,2.682,6.706,5.0,16.31,0.0,10.0,2.941,5.0,10.0,5.0,5,3,500
6,66.7,2.804,16.82,2.8038,2.682,6.706,5.0,16.31,0.0,10.0,2.941,5.0,10.0,5.0,5,3,1000
3,66.7,2.402,7.21,2.4017,2.441,6.103,5.0,8.25,0.0,10.0,3.594,5.0,10.0,5.0,5,4,100
4,75.0,4.301,17.2,4.3012,4.441,7.402,5.0,22.76,0.0,10.0,5.469,5.0,10.0,5.0,5,4,150
5,60.0,2.441,12.21,2.441,2.22,7.402,5.0,18.49,0.0,10.0,2.583,5.0,10.0,5.0,5,4,200
5,60.0,2.441,12.21,2.441,2.22,7.402,5.0,18.49,0.0,10.0,2.583,5.0,10.0,5.0,5,4,300
6,66.7,3.701,22.2,3.7008,3.22,8.051,5.0,17.08,0.0,10.0,3.558,5.0,10.0,5.0,5,4,500
6,66.7,3.701,22.2,3.7008,3.22,8.051,5.0,17.08,0.0,10.0,3.558,5.0,10.0,5.0,5,4,1000
3,66.7,2.402,7.21,2.4017,2.441,6.103,5.0,8.25,0.0,10.0,3.594,5.0,10.0,5.0,5,5,100
4,75.0,4.301,17.2,4.3012,4.441,7.402,5.0,22.76,0.0,10.0,5.469,5.0,10.0,5.0,5,5,150
5,60.0,2.441,12.21,2.441,2.22,7.402,5.0,18.49,0.0,10.0,2.583,5.0,10.0,5.0,5,5,200
5,60.0,2.441,12.21,2.441,2.22,7.402,5.0,18.49,0.0,10.0,2.583,5.0,10.0,5.0,5,5,300
6,66.7,3.701,22.2,3.7008,3.22,8.051,5.0,17.08,0.0,10.0,3.558,5.0,10.0,5.0,5,5,500
6,66.7,3.701,22.2,3.7008,3.22,8.051,5.0,17.08,0.0,10.0,3.558,5.0,10.0,5.0,5,5,1000
3,66.7,2.898,8.7,2.8983,2.739,6.848,5.0,8.25,0.0,10.0,4.32,5.0,10.0,5.0,5,7,100
4,75.0,4.674,18.7,4.6738,4.739,7.898,5.0,22.76,0.0,10.0,6.032,5.0,10.0,5.0,5,7,150
5,60.0,2.739,13.7,2.739,2.369,7.898,5.0,18.49,0.0,10.0,2.891,5.0,10.0,5.0,5,7,200
5,60.0,2.739,13.7,2.739,2.369,7.898,5.0,18.49,0.0,10.0,2.891,5.0,10.0,5.0,5,7,300
6,66.7,3.949,23.7,3.9492,3.369,8.424,5.0,17.08,0.0,10.0,3.815,5.0,10.0,5.0,5,7,500
6,66.7,3.949,23.7,3.9492,3.369,8.424,5.0,17.08,0.0,10.0,3.815,5.0,10.0,5.0,5,7,1000
3,66.7,3.51,10.53,3.5097,99.0,5.264,0.0,6.84,0.0,10.0,7.001,0,10.0,6.0,5,1,100
4,75.0,3.82,15.28,3.82,99.0,5.093,0.0,7.15,0.0,10.0,7.552,0,10.0,6.0,5,1,150
5,60.0,2.899,14.49,2.8988,19.44,5.093,0.393,5.78,0.0,10.0,5.099,0.79,10.0,6.0,5,1,200
5,60.0,2.899,14.49,2.8988,19.44,5.093,0.393,5.78,0.0,10.0,5.099,0.79,10.0,6.0,5,1,300
6,66.7,2.787,16.72,2.7872,22.276,4.377,0.393,5.24,0.0,10.0,4.891,0.79,10.0,6.0,5,1,500
6,66.7,2.787,16.72,2.7872,22.276,4.377,0.393,5.24,0.0,10.0,4.891,0.79,10.0,6.0,5,1,1000
3,66.7,3.51,10.53,3.5097,99.0,5.264,0.0,6.84,0.0,10.0,7.001,0,10.0,6.0,5,2,100
4,75.0,5.132,20.53,5.1322,99.0,6.843,0.0,21.7,0.0,10.0,8.362,0,10.0,6.0,5,2,150
5,60.0,4.074,20.37,4.0744,99.0,6.843,0.079,17.61,0.0,10.0,5.972,0.16,10.0,6.0,5,2,200
5,60.0,4.074,20.37,4.0744,99.0,6.843,0.079,17.61,0.0,10.0,5.972,0.16,10.0,6.0,5,2,300
6,66.7,3.634,21.8,3.6342,99.0,5.49,0.079,15.45,0.0,10.0,5.199,0.16,10.0,6.0,5,2,500
6,66.7,3.634,21.8,3.6342,99.0,5.49,0.079,15.45,0.0,10.0,5.199,0.16,10.0,6.0,5,2,1000
3,66.7,2.068,6.21,2.0683,2.034,6.103,6.0,8.25,0.0,10.0,2.902,6.0,10.0,6.0,5,3,100
4,75.0,4.051,16.2,4.0512,3.701,7.402,6.0,22.76,0.0,10.0,4.859,6.0,10.0,6.0,5,3,150
5,60.0,2.041,10.21,2.041,1.85,7.402,6.0,18.49,0.0,10.0,2.025,6.0,10.0,6.0,5,3,200
5,60.0,2.041,10.21,2.041,1.85,7.402,6.0,18.49,0.0,10.0,2.025,6.0,10.0,6.0,5,3,300
6,66.7,2.47,14.82,2.4705,2.235,6.706,6.0,16.31,0.0,10.0,2.425,6.0,10.0,6.0,5,3,500
6,66.7,2.47,14.82,2.4705,2.235,6.706,6.0,16.31,0.0,10.0,2.425,6.0,10.0,6.0,5,3,1000
3,66.7,2.068,6.21,2.0683,2.034,6.103,6.0,8.25,0.0,10.0,2.902,6.0,10.0,6.0,5,4,100
4,75.0,4.051,16.2,4.0512,3.701,7.402,6.0,22.76,0.0,10.0,4.859,6.0,10.0,6.0,5,4,150
5,60.0,2.041,10.21,2.041,1.85,7.402,6.0,18.49,0.0,10.0,2.025,6.0,10.0,6.0,5,4,200
5,60.0,2.041,10.21,2.041,1.85,7.402,6.0,18.49,0.0,10.0,2.025,6.0,10.0,6.0,5,4,300
6,66.7,3.367,20.2,3.3675,2.684,8.051,6.0,17.08,0.0,10.0,3.042,6.0,10.0,6.0,5,4,500
6,66.7,3.367,20.2,3.3675,2.684,8.051,6.0,17.08,0.0,10.0,3.042,6.0,10.0,6.0,5,4,1000
3,66.7,2.068,6.21,2.0683,2.034,6.103,6.0,8.25,0.0,10.0,2.902,6.0,10.0,6.0,5,5,100
4,75.0,4.051,16.2,4.0512,3.701,7.402,6.0,22.76,0.0,10.0,4.859,6.0,10.0,6.0,5,5,150
5,60.0,2.041,10.21,2.041,1.85,7.402,6.0,18.49,0.0,10.0,2.025,6.0,10.0,6.0,5,5,200
5,60.0,2.041,10.21,2.041,1.85,7.402,6.0,18.49,0.0,10.0,2.025,6.0,10.0,6.0,5,5,300
6,66.7,3.367,20.2,3.3675,2.684,8.051,6.0,17.08,0.0,10.0,3.042,6.0,10.0,6.0,5,5,500
6,66.7,3.367,20.2,3.3675,2.684,8.051,6.0,17.08,0.0,10.0,3.042,6.0,10.0,6.0,5,5,1000
3,66.7,2.565,7.7,2.565,2.283,6.848,6.0,8.25,0.0,10.0,3.572,6.0,10.0,6.0,5,7,100
4,75.0,4.424,17.7,4.4238,3.949,7.898,6.0,22.76,0.0,10.0,5.364,6.0,10.0,6.0,5,7,150
5,60.0,2.339,11.7,2.339,1.975,7.898,6.0,18.49,0.0,10.0,2.31,6.0,10.0,6.0,5,7,200
5,60.0,2.339,11.7,2.339,1.975,7.898,6.0,18.49,0.0,10.0,2.31,6.0,10.0,6.0,5,7,300
6,66.7,3.616,21.7,3.6158,2.808,8.424,6.0,17.08,0.0,10.0,3.275,6.0,10.0,6.0,5,7,500
6,66.7,3.616,21.7,3.6158,2.808,8.424,6.0,17.08,0.0,10.0,3.275,6.0,10.0,6.0,5,7,1000
3,33.3,3.333,10.0,3.3333,6.0,12.0,1.0,6.84,0.0,12.0,4.942,2.0,12.0,2.0,5,1,100
4,50.0,3.688,14.75,3.6878,8.376,8.376,1.0,7.15,0.0,12.0,5.431,2.0,12.0,2.0,5,1,150
5,40.0,2.55,12.75,2.5502,4.188,8.376,1.333,5.78,0.0,12.0,3.397,2.0,12.0,2.0,5,1,200
5,40.0,2.55,12.75,2.5502,4.188,8.376,1.333,5.78,0.0,12.0,3.397,2.0,12.0,2.0,5,1,300
6,50.0,2.497,14.98,2.4967,4.745,6.327,1.333,5.24,0.0,12.0,3.324,2.0,12.0,2.0,5,1,500
6,50.0,2.497,14.98,2.4967,4.745,6.327,1.333,5.24,0.0,12.0,3.324,2.0,12.0,2.0,5,1,1000
3,33.3,3.333,10.0,3.3333,6.0,12.0,1.0,6.84,0.0,12.0,4.942,2.0,12.0,2.0,5,2,100
4,50.0,5.5,22.0,5.5,12.0,12.0,1.0,21.7,0.0,12.0,6.677,2.0,12.0,2.0,5,2,150
5,40.0,4.0,20.0,4.0,6.0,12.0,1.333,17.42,0.0,12.0,4.32,2.0,12.0,2.0,5,2,200
5,40.0,4.0,20.0,4.0,6.0,12.0,1.333,17.42,0.0,12.0,4.32,2.0,12.0,2.0,5,2,300
6,50.0,3.572,21.43,3.5722,6.358,8.478,1.333,15.29,0.0,12.0,3.81,2.0,12.0,2.0,5,2,500
6,50.0,3.572,21.43,3.5722,6.358,8.478,1.333,15.29,0.0,12.0,3.81,2.0,12.0,2.0,5,2,1000
3,66.7,4.068,12.21,4.0683,7.103,7.103,2.0,8.25,0.0,12.0,6.357,2.0,12.0,2.0,5,3,100
4,75.0,6.051,24.2,6.0512,13.102,8.735,2.0,22.76,0.0,12.0,7.833,2.0,12.0,2.0,5,3,150
5,60.0,4.441,22.2,4.441,6.551,8.735,2.0,18.27,0.0,12.0,4.957,2.0,12.0,2.0,5,3,200
5,60.0,4.441,22.2,4.441,6.551,8.735,2.0,18.27,0.0,12.0,4.957,2.0,12.0,2.0,5,3,300
6,66.7,4.471,26.82,4.4705,7.706,7.706,2.0,16.13,0.0,12.0,4.99,2.0,12.0,2.0,5,3,500
6,66.7,4.471,26.82,4.4705,7.706,7.706,2.0,16.13,0.0,12.0,4.99,2.0,12.0,2.0,5,3,1000
3,66.7,4.068,12.21,4.0683,7.103,7.103,2.0,8.25,0.0,12.0,6.357,2.0,12.0,2.0,5,4,100
4,75.0,6.051,24.2,6.0512,13.102,8.735,2.0,22.76,0.0,12.0,7.833,2.0,12.0,2.0,5,4,150
5,60.0,4.441,22.2,4.441,6.551,8.735,2.0,18.27,0.0,12.0,4.957,2.0,12.0,2.0,5,4,200
5,60.0,4.441,22.2,4.441,6.551,8.735,2.0,18.27,0.0,12.0,4.957,2.0,12.0,2.0,5,4,300
6,66.7,4.816,28.89,4.8155,8.223,8.223,2.0,16.9,0.0,12.0,5.32,2.0,12.0,2.0,5,4,500
6,66.7,4.816,28.89,4.8155,8.223,8.223,2.0,16.9,0.0,12.0,5.32,2.0,12.0,2.0,5,4,1000
3,66.7,4.068,12.21,4.0683,7.103,7.103,2.0,8.25,0.0,12.0,6.357,2.0,12.0,2.0,5,5,100
4,75.0,6.051,24.2,6.0512,13.102,8.735,2.0,22.76,0.0,12.0,7.833,2.0,12.0,2.0,5,5,150
5,60.0,4.441,22.2,4.441,6.551,8.735,2.0,18.27,0.0,12.0,4.957,2.0,12.0,2.0,5,5,200
5,60.0,4.441,22.2,4.441,6.551,8.735,2.0,18.27,0.0,12.0,4.957,2.0,12.0,2.0,5,5,300
6,66.7,5.346,32.08,5.3463,9.02,9.02,2.0,17.03,0.0,12.0,5.635,2.0,12.0,2.0,5,5,500
6,66.7,5.346,32.08,5.3463,9.02,9.02,2.0,17.03,0.0,12.0,5.635,2.0,12.0,2.0,5,5,1000
3,66.7,4.565,13.7,4.565,7.848,7.848,2.0,8.25,0.0,12.0,7.278,2.0,12.0,2.0,5,7,100
4,75.0,6.424,25.7,6.4238,13.848,9.232,2.0,22.76,0.0,12.0,8.6,2.0,12.0,2.0,5,7,150
5,60.0,4.739,23.7,4.739,6.924,9.232,2.0,18.27,0.0,12.0,5.355,2.0,12.0,2.0,5,7,200
5,60.0,4.739,23.7,4.739,6.924,9.232,2.0,18.27,0.0,12.0,5.355,2.0,12.0,2.0,5,7,300
6,66.7,5.25,31.5,5.2497,8.874,8.874,2.0,17.03,0.0,12.0,5.818,2.0,12.0,2.0,5,7,500
6,66.7,5.25,31.5,5.2497,8.874,8.874,2.0,17.03,0.0,12.0,5.818,2.0,12.0,2.0,5,7,1000
3,33.3,3.0,9.0,3.0,4.0,12.0,1.5,6.84,0.0,12.0,4.243,3.0,12.0,3.0,5,1,100
4,50.0,3.438,13.75,3.4378,5.584,8.376,1.5,7.15,0.0,12.0,4.818,3.0,12.0,3.0,5,1,150
5,40.0,2.593,12.96,2.593,4.424,8.376,1.262,5.78,0.0,12.0,3.447,3.0,12.0,3.0,5,1,200
5,40.0,2.593,12.96,2.593,4.424,8.376,1.262,5.78,0.0,12.0,3.447,3.0,12.0,3.0,5,1,300
6,50.0,2.532,15.19,2.5323,5.013,6.327,1.262,5.24,0.0,12.0,3.365,3.0,12.0,3.0,5,1,500
6,50.0,2.532,15.19,2.5323,5.013,6.327,1.262,5.24,0.0,12.0,3.365,3.0,12.0,3.0,5,1,1000
3,33.3,3.0,9.0,3.0,4.0,12.0,1.5,6.84,0.0,12.0,4.243,3.0,12.0,3.0,5,2,100
4,50.0,5.25,21.0,5.25,8.0,12.0,1.5,21.7,0.0,12.0,6.099,3.0,12.0,3.0,5,2,150
5,40.0,4.169,20.84,4.1686,7.602,12.0,1.052,17.61,0.0,12.0,4.565,3.0,12.0,3.0,5,2,200
5,40.0,4.169,20.84,4.1686,7.602,12.0,1.052,17.61,0.0,12.0,4.565,3.0,12.0,3.0,5,2,300
6,50.0,3.713,22.28,3.7127,8.056,8.478,1.052,15.45,0.0,12.0,4.007,3.0,12.0,3.0,5,2,500
6,50.0,3.713,22.28,3.7127,8.056,8.478,1.052,15.45,0.0,12.0,4.007,3.0,12.0,3.0,5,2,1000
3,66.7,3.735,11.21,3.735,4.735,7.103,3.0,8.25,0.0,12.0,5.505,3.0,12.0,3.0,5,3,100
4,75.0,5.801,23.2,5.8012,8.735,8.735,3.0,22.76,0.0,12.0,7.121,3.0,12.0,3.0,5,3,150
5,60.0,4.041,20.2,4.041,4.367,8.735,3.0,18.49,0.0,12.0,4.237,3.0,12.0,3.0,5,3,200
5,60.0,4.041,20.2,4.041,4.367,8.735,3.0,18.49,0.0,12.0,4.237,3.0,12.0,3.0,5,3,300
6,66.7,4.137,24.82,4.1372,5.137,7.706,3.0,16.31,0.0,12.0,4.335,3.0,12.0,3.0,5,3,500
6,66.7,4.137,24.82,4.1372,5.137,7.706,3.0,16.31,0.0,12.0,4.335,3.0,12.0,3.0,5,3,1000
3,66.7,3.735,11.21,3.735,4.735,7.103,3.0,8.25,0.0,12.0,5.505,3.0,12.0,3.0,5,4,100
4,75.0,5.801,23.2,5.8012,8.735,8.735,3.0,22.76,0.0,12.0,7.121,3.0,12.0,3.0,5,4,150
5,60.0,4.041,20.2,4.041,4.367,8.735,3.0,18.49,0.0,12.0,4.237,3.0,12.0,3.0,5,4,200
5,60.0,4.041,20.2,4.041,4.367,8.735,3.0,18.49,0.0,12.0,4.237,3.0,12.0,3.0,5,4,300
6,66.7,4.482,26.89,4.4822,5.482,8.223,3.0,17.08,0.0,12.0,4.641,3.0,12.0,3.0,5,4,500
6,66.7,4.482,26.89,4.4822,5.482,8.223,3.0,17.08,0.0,12.0,4.641,3.0,12.0,3.0,5,4,1000
3,66.7,3.735,11.21,3.735,4.735,7.103,3.0,8.25,0.0,12.0,5.505,3.0,12.0,3.0,5,5,100
4,75.0,5.801,23.2,5.8012,8.735,8.735,3.0,22.76,0.0,12.0,7.121,3.0,12.0,3.0,5,5,150
5,60.0,4.041,20.2,4.041,4.367,8.735,3.0,18.49,0.0,12.0,4.237,3.0,12.0,3.0,5,5,200
5,60.0,4.041,20.2,4.041,4.367,8.735,3.0,18.49,0.0,12.0,4.237,3.0,12.0,3.0,5,5,300
6,66.7,5.013,30.08,5.013,6.013,9.02,3.0,17.21,0.0,12.0,4.959,3.0,12.0,3.0,5,5,500
6,66.7,5.013,30.08,5.013,6.013,9.02,3.0,17.21,0.0,12.0,4.959,3.0,12.0,3.0,5,5,1000
3,66.7,4.232,12.7,4.2317,5.232,7.848,3.0,8.25,0.0,12.0,6.321,3.0,12.0,3.0,5,7,100
4,75.0,6.174,24.7,6.1738,9.232,9.232,3.0,22.76,0.0,12.0,7.792,3.0,12.0,3.0,5,7,150
5,60.0,4.339,21.7,4.339,4.616,9.232,3.0,18.49,0.0,12.0,4.587,3.0,12.0,3.0,5,7,200
5,60.0,4.339,21.7,4.339,4.616,9.232,3.0,18.49,0.0,12.0,4.587,3.0,12.0,3.0,5,7,300
6,66.7,4.916,29.5,4.9163,5.916,8.874,3.0,17.21,0.0,12.0,5.085,3.0,12.0,3.0,5,7,500
6,66.7,4.916,29.5,4.9163,5.916,8.874,3.0,17.21,0.0,12.0,5.085,3.0,12.0,3.0,5,7,1000
3,66.7,4.176,12.53,4.1763,99.0,6.264,0.0,6.84,0.0,12.0,6.914,0,12.0,4.0,5,1,100
4,75.0,4.32,17.28,4.32,99.0,5.76,0.0,7.15,0.0,12.0,7.142,0,12.0,4.0,5,1,150
5,60.0,3.299,16.49,3.2988,21.985,5.76,0.393,5.78,0.0,12.0,4.925,0.79,12.0,4.0,5,1,200
5,60.0,3.299,16.49,3.2988,21.985,5.76,0.393,5.78,0.0,12.0,4.925,0.79,12.0,4.0,5,1,300
6,66.7,3.12,18.72,3.1205,24.821,4.877,0.393,5.24,0.0,12.0,4.639,0.79,12.0,4.0,5,1,500
6,66.7,3.12,18.72,3.1205,24.821,4.877,0.393,5.24,0.0,12.0,4.639,0.79,12.0,4.0,5,1,1000
3,66.7,4.176,12.53,4.1763,99.0,6.264,0.0,6.84,0.0,12.0,6.914,0,12.0,4.0,5,2,100
4,75.0,6.132,24.53,6.1323,99.0,8.176,0.0,21.7,0.0,12.0,8.291,0,12.0,4.0,5,2,150
5,60.0,4.874,24.37,4.8744,99.0,8.176,0.079,17.61,0.0,12.0,5.943,0.16,12.0,4.0,5,2,200
5,60.0,4.874,24.37,4.8744,99.0,8.176,0.079,17.61,0.0,12.0,5.943,0.16,12.0,4.0,5,2,300
6,66.7,4.301,25.8,4.3008,99.0,6.49,0.079,15.45,0.0,12.0,5.098,0.16,12.0,4.0,5,2,500
6,66.7,4.301,25.8,4.3008,99.0,6.49,0.079,15.45,0.0,12.0,5.098,0.16,12.0,4.0,5,2,1000
3,66.7,3.402,10.21,3.4017,3.551,7.103,4.0,8.25,0.0,12.0,4.733,4.0,12.0,4.0,5,3,100
4,75.0,5.551,22.2,5.5512,6.551,8.735,4.0,22.76,0.0,12.0,6.469,4.0,12.0,4.0,5,3,150
5,60.0,3.641,18.2,3.641,3.276,8.735,4.0,18.49,0.0,12.0,3.594,4.0,12.0,4.0,5,3,200
5,60.0,3.641,18.2,3.641,3.276,8.735,4.0,18.49,0.0,12.0,3.594,4.0,12.0,4.0,5,3,300
6,66.7,3.804,22.82,3.8038,3.853,7.706,4.0,16.31,0.0,12.0,3.749,4.0,12.0,4.0,5,3,500
6,66.7,3.804,22.82,3.8038,3.853,7.706,4.0,16.31,0.0,12.0,3.749,4.0,12.0,4.0,5,3,1000
3,66.7,3.402,10.21,3.4017,3.551,7.103,4.0,8.25,0.0,12.0,4.733,4.0,12.0,4.0,5,4,100
4,75.0,5.551,22.2,5.5512,6.551,8.735,4.0,22.76,0.0,12.0,6.469,4.0,12.0,4.0,5,4,150
5,60.0,3.641,18.2,3.641,3.276,8.735,4.0,18.49,0.0,12.0,3.594,4.0,12.0,4.0,5,4,200
5,60.0,3.641,18.2,3.641,3.276,8.735,4.0,18.49,0.0,12.0,3.594,4.0,12.0,4.0,5,4,300
6,66.7,4.149,24.89,4.1488,4.112,8.223,4.0,17.08,0.0,12.0,4.036,4.0,12.0,4.0,5,4,500
6,66.7,4.149,24.89,4.1488,4.112,8.223,4.0,17.08,0.0,12.0,4.036,4.0,12.0,4.0,5,4,1000
3,66.7,3.402,10.21,3.4017,3.551,7.103,4.0,8.25,0.0,12.0,4.733,4.0,12.0,4.0,5,5,100
4,75.0,5.551,22.2,5.5512,6.551,8.735,4.0,22.76,0.0,12.0,6.469,4.0,12.0,4.0,5,5,150
5,60.0,3.641,18.2,3.641,3.276,8.735,4.0,18.49,0.0,12.0,3.594,4.0,12.0,4.0,5,5,200
5,60.0,3.641,18.2,3.641,3.276,8.735,4.0,18.49,0.0,12.0,3.594,4.0,12.0,4.0,5,5,300
6,66.7,4.68,28.08,4.6797,4.51,9.02,4.0,17.21,0.0,12.0,4.355,4.0,12.0,4.0,5,5,500
6,66.7,4.68,28.08,4.6797,4.51,9.02,4.0,17.21,0.0,12.0,4.355,4.0,12.0,4.0,5,5,1000
3,66.7,3.898,11.7,3.8983,3.924,7.848,4.0,8.25,0.0,12.0,5.469,4.0,12.0,4.0,5,7,100
4,75.0,5.924,23.7,5.9238,6.924,9.232,4.0,22.76,0.0,12.0,7.062,4.0,12.0,4.0,5,7,150
5,60.0,3.939,19.7,3.939,3.462,9.232,4.0,18.49,0.0,12.0,3.908,4.0,12.0,4.0,5,7,200
5,60.0,3.939,19.7,3.939,3.462,9.232,4.0,18.49,0.0,12.0,3.908,4.0,12.0,4.0,5,7,300
6,66.7,4.583,27.5,4.583,4.437,8.874,4.0,17.21,0.0,12.0,4.44,4.0,12.0,4.0,5,7,500
6,66.7,4.583,27.5,4.583,4.437,8.874,4.0,17.21,0.0,12.0,4.44,4.0,12.0,4.0,5,7,1000
3,66.7,4.176,12.53,4.1763,99.0,6.264,0.0,6.84,0.0,12.0,6.914,0,12.0,5.0,5,1,100
4,75.0,4.32,17.28,4.32,99.0,5.76,0.0,7.15,0.0,12.0,7.142,0,12.0,5.0,5,1,150
5,60.0,3.299,16.49,3.2988,21.985,5.76,0.393,5.78,0.0,12.0,4.925,0.79,12.0,5.0,5,1,200
5,60.0,3.299,16.49,3.2988,21.985,5.76,0.393,5.78,0.0,12.0,4.925,0.79,12.0,5.0,5,1,300
6,66.7,3.12,18.72,3.1205,24.821,4.877,0.393,5.24,0.0,12.0,4.639,0.79,12.0,5.0,5,1,500
6,66.7,3.12,18.72,3.1205,24.821,4.877,0.393,5.24,0.0,12.0,4.639,0.79,12.0,5.0,5,1,1000
3,66.7,4.176,12.53,4.1763,99.0,6.264,0.0,6.84,0.0,12.0,6.914,0,12.0,5.0,5,2,100
4,75.0,6.132,24.53,6.1323,99.0,8.176,0.0,21.7,0.0,12.0,8.291,0,12.0,5.0,5,2,150
5,60.0,4.874,24.37,4.8744,99.0,8.176,0.079,17.61,0.0,12.0,5.943,0.16,12.0,5.0,5,2,200
5,60.0,4.874,24.37,4.8744,99.0,8.176,0.079,17.61,0.0,12.0,5.943,0.16,12.0,5.0,5,2,300
6,66.7,4.301,25.8,4.3008,99.0,6.49,0.079,15.45,0.0,12.0,5.098,0.16,12.0,5.0,5,2,500
6,66.7,4.301,25.8,4.3008,99.0,6.49,0.079,15.45,0.0,12.0,5.098,0.16,12.0,5.0,5,2,1000
3,66.7,3.068,9.21,3.0683,2.841,7.103,5.0,8.25,0.0,12.0,4.036,5.0,12.0,5.0,5,3,100
4,75.0,5.301,21.2,5.3012,5.241,8.735,5.0,22.76,0.0,12.0,5.871,5.0,12.0,5.0,5,3,150
5,60.0,3.241,16.2,3.241,2.62,8.735,5.0,18.49,0.0,12.0,3.019,5.0,12.0,5.0,5,3,200
5,60.0,3.241,16.2,3.241,2.62,8.735,5.0,18.49,0.0,12.0,3.019,5.0,12.0,5.0,5,3,300
6,66.7,3.47,20.82,3.4705,3.082,7.706,5.0,16.31,0.0,12.0,3.224,5.0,12.0,5.0,5,3,500
6,66.7,3.47,20.82,3.4705,3.082,7.706,5.0,16.31,0.0,12.0,3.224,5.0,12.0,5.0,5,3,1000
3,66.7,3.068,9.21,3.0683,2.841,7.103,5.0,8.25,0.0,12.0,4.036,5.0,12.0,5.0,5,4,100
4,75.0,5.301,21.2,5.3012,5.241,8.735,5.0,22.76,0.0,12.0,5.871,5.0,12.0,5.0,5,4,150
5,60.0,3.241,16.2,3.241,2.62,8.735,5.0,18.49,0.0,12.0,3.019,5.0,12.0,5.0,5,4,200
5,60.0,3.241,16.2,3.241,2.62,8.735,5.0,18.49,0.0,12.0,3.019,5.0,12.0,5.0,5,4,300
6,66.7,3.816,22.89,3.8155,3.289,8.223,5.0,17.08,0.0,12.0,3.496,5.0,12.0,5.0,5,4,500
6,66.7,3.816,22.89,3.8155,3.289,8.223,5.0,17.08,0.0,12.0,3.496,5.0,12.0,5.0,5,4,1000
3,66.7,3.068,9.21,3.0683,2.841,7.103,5.0,8.25,0.0,12.0,4.036,5.0,12.0,5.0,5,5,100
4,75.0,5.301,21.2,5.3012,5.241,8.735,5.0,22.76,0.0,12.0,5.871,5.0,12.0,5.0,5,5,150
5,60.0,3.241,16.2,3.241,2.62,8.735,5.0,18.49,0.0,12.0,3.019,5.0,12.0,5.0,5,5,200
5,60.0,3.241,16.2,3.241,2.62,8.735,5.0,18.49,0.0,12.0,3.019,5.0,12.0,5.0,5,5,300
6,66.7,4.346,26.08,4.3463,3.608,9.02,5.0,17.21,0.0,12.0,3.816,5.0,12.0,5.0,5,5,500
6,66.7,4.346,26.08,4.3463,3.608,9.02,5.0,17.21,0.0,12.0,3.816,5.0,12.0,5.0,5,5,1000
3,66.7,3.565,10.7,3.565,3.139,7.848,5.0,8.25,0.0,12.0,4.707,5.0,12.0,5.0,5,7,100
4,75.0,5.674,22.7,5.6738,5.539,9.232,5.0,22.76,0.0,12.0,6.403,5.0,12.0,5.0,5,7,150
5,60.0,3.539,17.7,3.539,2.769,9.232,5.0,18.49,0.0,12.0,3.305,5.0,12.0,5.0,5,7,200
5,60.0,3.539,17.7,3.539,2.769,9.232,5.0,18.49,0.0,12.0,3.305,5.0,12.0,5.0,5,7,300
6,66.7,4.25,25.5,4.2497,3.55,8.874,5.0,17.21,0.0,12.0,3.868,5.0,12.0,5.0,5,7,500
6,66.7,4.25,25.5,4.2497,3.55,8.874,5.0,17.21,0.0,12.0,3.868,5.0,12.0,5.0,5,7,1000
3,66.7,4.176,12.53,4.1763,99.0,6.264,0.0,6.84,0.0,12.0,6.914,0,12.0,6.0,5,1,100
4,75.0,4.32,17.28,4.32,99.0,5.76,0.0,7.15,0.0,12.0,7.142,0,12.0,6.0,5,1,150
5,60.0,3.299,16.49,3.2988,21.985,5.76,0.393,5.78,0.0,12.0,4.925,0.79,12.0,6.0,5,1,200
5,60.0,3.299,16.49,3.2988,21.985,5.76,0.393,5.78,0.0,12.0,4.925,0.79,12.0,6.0,5,1,300
6,66.7,3.12,18.72,3.1205,24.821,4.877,0.393,5.24,0.0,12.0,4.639,0.79,12.0,6.0,5,1,500
6,66.7,3.12,18.72,3.1205,24.821,4.877,0.393,5.24,0.0,12.0,4.639,0.79,12.0,6.0,5,1,1000
3,66.7,4.176,12.53,4.1763,99.0,6.264,0.0,6.84,0.0,12.0,6.914,0,12.0,6.0,5,2,100
4,75.0,6.132,24.53,6.1323,99.0,8.176,0.0,21.7,0.0,12.0,8.291,0,12.0,6.0,5,2,150
5,60.0,4.874,24.37,4.8744,99.0,8.176,0.079,17.61,0.0,12.0,5.943,0.16,12.0,6.0,5,2,200
5,60.0,4.874,24.37,4.8744,99.0,8.176,0.079,17.61,0.0,12.0,5.943,0.16,12.0,6.0,5,2,300
6,66.7,4.301,25.8,4.3008,99.0,6.49,0.079,15.45,0.0,12.0,5.098,0.16,12.0,6.0,5,2,500
6,66.7,4.301,25.8,4.3008,99.0,6.49,0.079,15.45,0.0,12.0,5.098,0.16,12.0,6.0,5,2,1000
3,66.7,2.735,8.21,2.735,2.368,7.103,6.0,8.25,0.0,12.0,3.407,6.0,12.0,6.0,5,3,100
4,75.0,5.051,20.2,5.0512,4.367,8.735,6.0,22.76,0.0,12.0,5.324,6.0,12.0,6.0,5,3,150
5,60.0,2.841,14.21,2.841,2.184,8.735,6.0,18.49,0.0,12.0,2.504,6.0,12.0,6.0,5,3,200
5,60.0,2.841,14.21,2.841,2.184,8.735,6.0,18.49,0.0,12.0,2.504,6.0,12.0,6.0,5,3,300
6,66.7,3.137,18.82,3.1372,2.569,7.706,6.0,16.31,0.0,12.0,2.753,6.0,12.0,6.0,5,3,500
6,66.7,3.137,18.82,3.1372,2.569,7.706,6.0,16.31,0.0,12.0,2.753,6.0,12.0,6.0,5,3,1000
3,66.7,2.735,8.21,2.735,2.368,7.103,6.0,8.25,0.0,12.0,3.407,6.0,12.0,6.0,5,4,100
4,75.0,5.051,20.2,5.0512,4.367,8.735,6.0,22.76,0.0,12.0,5.324,6.0,12.0,6.0,5,4,150
5,60.0,2.841,14.21,2.841,2.184,8.735,6.0,18.49,0.0,12.0,2.504,6.0,12.0,6.0,5,4,200
5,60.0,2.841,14.21,2.841,2.184,8.735,6.0,18.49,0.0,12.0,2.504,6.0,12.0,6.0,5,4,300
6,66.7,3.482,20.89,3.4822,2.741,8.223,6.0,17.08,0.0,12.0,3.012,6.0,12.0,6.0,5,4,500
6,66.7,3.482,20.89,3.4822,2.741,8.223,6.0,17.08,0.0,12.0,3.012,6.0,12.0,6.0,5,4,1000
3,66.7,2.735,8.21,2.735,2.368,7.103,6.0,8.25,0.0,12.0,3.407,6.0,12.0,6.0,5,5,100
4,75.0,5.051,20.2,5.0512,4.367,8.735,6.0,22.76,0.0,12.0,5.324,6.0,12.0,6.0,5,5,150
5,60.0,2.841,14.21,2.841,2.184,8.735,6.0,18.49,0.0,12.0,2.504,6.0,12.0,6.0,5,5,200
5,60.0,2.841,14.21,2.841,2.184,8.735,6.0,18.49,0.0,12.0,2.504,6.0,12.0,6.0,5,5,300
6,66.7,4.013,24.08,4.013,3.007,9.02,6.0,17.21,0.0,12.0,3.331,6.0,12.0,6.0,5,5,500
6,66.7,4.013,24.08,4.013,3.007,9.02,6.0,17.21,0.0,12.0,3.331,6.0,12.0,6.0,5,5,1000
3,66.7,3.232,9.7,3.2317,2.616,7.848,6.0,8.25,0.0,12.0,4.027,6.0,12.0,6.0,5,7,100
4,75.0,5.424,21.7,5.4238,4.616,9.232,6.0,22.76,0.0,12.0,5.805,6.0,12.0,6.0,5,7,150
5,60.0,3.139,15.7,3.139,2.308,9.232,6.0,18.49,0.0,12.0,2.767,6.0,12.0,6.0,5,7,200
5,60.0,3.139,15.7,3.139,2.308,9.232,6.0,18.49,0.0,12.0,2.767,6.0,12.0,6.0,5,7,300
6,66.7,3.916,23.5,3.9163,2.958,8.874,6.0,17.21,0.0,12.0,3.359,6.0,12.0,6.0,5,7,500
6,66.7,3.916,23.5,3.9163,2.958,8.874,6.0,17.21,0.0,12.0,3.359,6.0,12.0,6.0,5,7,1000
3,33.3,4.333,13.0,4.3333,7.5,15.0,1.0,6.84,0.0,15.0,5.235,2.0,15.0,2.0,5,1,100
4,50.0,4.438,17.75,4.4378,9.876,9.876,1.0,7.15,0.0,15.0,5.359,2.0,15.0,2.0,5,1,150
5,40.0,3.15,15.75,3.1502,4.938,9.876,1.333,5.78,0.0,15.0,3.485,2.0,15.0,2.0,5,1,200
5,40.0,3.15,15.75,3.1502,4.938,9.876,1.333,5.78,0.0,15.0,3.485,2.0,15.0,2.0,5,1,300
6,50.0,2.997,17.98,2.9967,5.495,7.327,1.333,5.24,0.0,15.0,3.309,2.0,15.0,2.0,5,1,500
6,50.0,2.997,17.98,2.9967,5.495,7.327,1.333,5.24,0.0,15.0,3.309,2.0,15.0,2.0,5,1,1000
3,33.3,4.333,13.0,4.3333,7.5,15.0,1.0,6.84,0.0,15.0,5.235,2.0,15.0,2.0,5,2,100
4,50.0,7.0,28.0,7.0,15.0,15.0,1.0,21.7,0.0,15.0,6.918,2.0,15.0,2.0,5,2,150
5,40.0,5.2,26.0,5.2,7.5,15.0,1.333,17.42,0.0,15.0,4.594,2.0,15.0,2.0,5,2,200
5,40.0,5.2,26.0,5.2,7.5,15.0,1.333,17.42,0.0,15.0,4.594,2.0,15.0,2.0,5,2,300
6,50.0,4.572,27.43,4.5722,7.858,10.478,1.333,15.29,0.0,15.0,3.968,2.0,15.0,2.0,5,2,500
6,50.0,4.572,27.43,4.5722,7.858,10.478,1.333,15.29,0.0,15.0,3.968,2.0,15.0,2.0,5,2,1000
3,66.7,5.068,15.21,5.0683,8.602,8.602,2.0,8.25,0.0,15.0,6.425,2.0,15.0,2.0,5,3,100
4,75.0,7.551,30.2,7.5512,16.102,10.735,2.0,22.76,0.0,15.0,7.891,2.0,15.0,2.0,5,3,150
5,60.0,5.641,28.2,5.641,8.051,10.735,2.0,18.27,0.0,15.0,5.138,2.0,15.0,2.0,5,3,200
5,60.0,5.641,28.2,5.641,8.051,10.735,2.0,18.27,0.0,15.0,5.138,2.0,15.0,2.0,5,3,300
6,66.7,5.471,32.82,5.4705,9.206,9.206,2.0,16.13,0.0,15.0,4.976,2.0,15.0,2.0,5,3,500
6,66.7,5.471,32.82,5.4705,9.206,9.206,2.0,16.13,0.0,15.0,4.976,2.0,15.0,2.0,5,3,1000
3,66.7,5.068,15.21,5.0683,8.602,8.602,2.0,8.25,0.0,15.0,6.425,2.0,15.0,2.0,5,4,100
4,75.0,7.551,30.2,7.5512,16.102,10.735,2.0,22.76,0.0,15.0,7.891,2.0,15.0,2.0,5,4,150
5,60.0,5.641,28.2,5.641,8.051,10.735,2.0,18.27,0.0,15.0,5.138,2.0,15.0,2.0,5,4,200
5,60.0,5.641,28.2,5.641,8.051,10.735,2.0,18.27,0.0,15.0,5.138,2.0,15.0,2.0,5,4,300
6,66.7,5.816,34.89,5.8155,9.723,9.723,2.0,16.9,0.0,15.0,5.289,2.0,15.0,2.0,5,4,500
6,66.7,5.816,34.89,5.8155,9.723,9.723,2.0,16.9,0.0,15.0,5.289,2.0,15.0,2.0,5,4,1000
3,66.7,5.068,15.21,5.0683,8.602,8.602,2.0,8.25,0.0,15.0,6.425,2.0,15.0,2.0,5,5,100
4,75.0,7.551,30.2,7.5512,16.102,10.735,2.0,22.76,0.0,15.0,7.891,2.0,15.0,2.0,5,5,150
5,60.0,5.641,28.2,5.641,8.051,10.735,2.0,18.27,0.0,15.0,5.138,2.0,15.0,2.0,5,5,200
5,60.0,5.641,28.2,5.641,8.051,10.735,2.0,18.27,0.0,15.0,5.138,2.0,15.0,2.0,5,5,300
6,66.7,6.346,38.08,6.3463,10.52,10.52,2.0,17.03,0.0,15.0,5.643,2.0,15.0,2.0,5,5,500
6,66.7,6.346,38.08,6.3463,10.52,10.52,2.0,17.03,0.0,15.0,5.643,2.0,15.0,2.0,5,5,1000
3,66.7,5.565,16.7,5.565,9.348,9.348,2.0,8.25,0.0,15.0,7.219,2.0,15.0,2.0,5,7,100
4,75.0,7.924,31.7,7.9238,16.848,11.232,2.0,22.76,0.0,15.0,8.549,2.0,15.0,2.0,5,7,150
5,60.0,5.939,29.7,5.939,8.424,11.232,2.0,18.27,0.0,15.0,5.486,2.0,15.0,2.0,5,7,200
5,60.0,5.939,29.7,5.939,8.424,11.232,2.0,18.27,0.0,15.0,5.486,2.0,15.0,2.0,5,7,300
6,66.7,6.25,37.5,6.2497,10.374,10.374,2.0,17.03,0.0,15.0,5.745,2.0,15.0,2.0,5,7,500
6,66.7,6.25,37.5,6.2497,10.374,10.374,2.0,17.03,0.0,15.0,5.745,2.0,15.0,2.0,5,7,1000
3,33.3,4.0,12.0,4.0,5.0,15.0,1.5,6.84,0.0,15.0,4.656,3.0,15.0,3.0,5,1,100
4,50.0,4.188,16.75,4.1878,6.584,9.876,1.5,7.15,0.0,15.0,4.869,3.0,15.0,3.0,5,1,150
5,40.0,3.193,15.96,3.193,5.217,9.876,1.262,5.78,0.0,15.0,3.53,3.0,15.0,3.0,5,1,200
5,40.0,3.193,15.96,3.193,5.217,9.876,1.262,5.78,0.0,15.0,3.53,3.0,15.0,3.0,5,1,300
6,50.0,3.032,18.19,3.0323,5.806,7.327,1.262,5.24,0.0,15.0,3.346,3.0,15.0,3.0,5,1,500
6,50.0,3.032,18.19,3.0323,5.806,7.327,1.262,5.24,0.0,15.0,3.346,3.0,15.0,3.0,5,1,1000
3,33.3,4.0,12.0,4.0,5.0,15.0,1.5,6.84,0.0,15.0,4.656,3.0,15.0,3.0,5,2,100
4,50.0,6.75,27.0,6.75,10.0,15.0,1.5,21.7,0.0,15.0,6.441,3.0,15.0,3.0,5,2,150
5,40.0,5.369,26.84,5.3686,9.503,15.0,1.052,17.61,0.0,15.0,4.802,3.0,15.0,3.0,5,2,200
5,40.0,5.369,26.84,5.3686,9.503,15.0,1.052,17.61,0.0,15.0,4.802,3.0,15.0,3.0,5,2,300
6,50.0,4.713,28.28,4.7127,9.957,10.478,1.052,15.45,0.0,15.0,4.132,3.0,15.0,3.0,5,2,500
6,50.0,4.713,28.28,4.7127,9.957,10.478,1.052,15.45,0.0,15.0,4.132,3.0,15.0,3.0,5,2,1000
3,66.7,4.735,14.21,4.735,5.735,8.602,3.0,8.25,0.0,15.0,5.738,3.0,15.0,3.0,5,3,100
4,75.0,7.301,29.2,7.3012,10.735,10.735,3.0,22.76,0.0,15.0,7.321,3.0,15.0,3.0,5,3,150
5,60.0,5.241,26.2,5.241,5.367,10.735,3.0,18.49,0.0,15.0,4.542,3.0,15.0,3.0,5,3,200
5,60.0,5.241,26.2,5.241,5.367,10.735,3.0,18.49,0.0,15.0,4.542,3.0,15.0,3.0,5,3,300
6,66.7,5.137,30.82,5.1372,6.137,9.206,3.0,16.31,0.0,15.0,4.45,3.0,15.0,3.0,5,3,500
6,66.7,5.137,30.82,5.1372,6.137,9.206,3.0,16.31,0.0,15.0,4.45,3.0,15.0,3.0,5,3,1000
3,66.7,4.735,14.21,4.735,5.735,8.602,3.0,8.25,0.0,15.0,5.738,3.0,15.0,3.0,5,4,100
4,75.0,7.301,29.2,7.3012,10.735,10.735,3.0,22.76,0.0,15.0,7.321,3.0,15.0,3.0,5,4,150
5,60.0,5.241,26.2,5.241,5.367,10.735,3.0,18.49,0.0,15.0,4.542,3.0,15.0,3.0,5,4,200
5,60.0,5.241,26.2,5.241,5.367,10.735,3.0,18.49,0.0,15.0,4.542,3.0,15.0,3.0,5,4,300
6,66.7,5.482,32.89,5.4822,6.482,9.723,3.0,17.08,0.0,15.0,4.739,3.0,15.0,3.0,5,4,500
6,66.7,5.482,32.89,5.4822,6.482,9.723,3.0,17.08,0.0,15.0,4.739,3.0,15.0,3.0,5,4,1000
3,66.7,4.735,14.21,4.735,5.735,8.602,3.0,8.25,0.0,15.0,5.738,3.0,15.0,3.0,5,5,100
4,75.0,7.301,29.2,7.3012,10.735,10.735,3.0,22.76,0.0,15.0,7.321,3.0,15.0,3.0,5,5,150
5,60.0,5.241,26.2,5.241,5.367,10.735,3.0,18.49,0.0,15.0,4.542,3.0,15.0,3.0,5,5,200
5,60.0,5.241,26.2,5.241,5.367,10.735,3.0,18.49,0.0,15.0,4.542,3.0,15.0,3.0,5,5,300
6,66.7,6.013,36.08,6.013,7.013,10.52,3.0,17.21,0.0,15.0,5.078,3.0,15.0,3.0,5,5,500
6,66.7,6.013,36.08,6.013,7.013,10.52,3.0,17.21,0.0,15.0,5.078,3.0,15.0,3.0,5,5,1000
3,66.7,5.232,15.7,5.2317,6.232,9.348,3.0,8.25,0.0,15.0,6.455,3.0,15.0,3.0,5,7,100
4,75.0,7.674,30.7,7.6738,11.232,11.232,3.0,22.76,0.0,15.0,7.911,3.0,15.0,3.0,5,7,150
5,60.0,5.539,27.7,5.539,5.616,11.232,3.0,18.49,0.0,15.0,4.853,3.0,15.0,3.0,5,7,200
5,60.0,5.539,27.7,5.539,5.616,11.232,3.0,18.49,0.0,15.0,4.853,3.0,15.0,3.0,5,7,300
6,66.7,5.916,35.5,5.9163,6.916,10.374,3.0,17.21,0.0,15.0,5.15,3.0,15.0,3.0,5,7,500
6,66.7,5.916,35.5,5.9163,6.916,10.374,3.0,17.21,0.0,15.0,5.15,3.0,15.0,3.0,5,7,1000
3,66.7,5.176,15.53,5.1763,99.0,7.764,0.0,6.84,0.0,15.0,6.826,0,15.0,4.0,5,1,100
4,75.0,5.07,20.28,5.07,99.0,6.76,0.0,7.15,0.0,15.0,6.683,0,15.0,4.0,5,1,150
5,60.0,3.899,19.49,3.8988,25.802,6.76,0.393,5.78,0.0,15.0,4.713,0.79,15.0,4.0,5,1,200
5,60.0,3.899,19.49,3.8988,25.802,6.76,0.393,5.78,0.0,15.0,4.713,0.79,15.0,4.0,5,1,300
6,66.7,3.62,21.72,3.6205,28.637,5.627,0.393,5.24,0.0,15.0,4.347,0.79,15.0,4.0,5,1,500
6,66.7,3.62,21.72,3.6205,28.637,5.627,0.393,5.24,0.0,15.0,4.347,0.79,15.0,4.0,5,1,1000
3,66.7,5.176,15.53,5.1763,99.0,7.764,0.0,6.84,0.0,15.0,6.826,0,15.0,4.0,5,2,100
4,75.0,7.632,30.53,7.6323,99.0,10.176,0.0,21.7,0.0,15.0,8.22,0,15.0,4.0,5,2,150
5,60.0,6.074,30.37,6.0744,99.0,10.176,0.079,17.61,0.0,15.0,5.914,0.16,15.0,4.0,5,2,200
5,60.0,6.074,30.37,6.0744,99.0,10.176,0.079,17.61,0.0,15.0,5.914,0.16,15.0,4.0,5,2,300
6,66.7,5.301,31.8,5.3008,99.0,7.99,0.079,15.45,0.0,15.0,4.995,0.16,15.0,4.0,5,2,500
6,66.7,5.301,31.8,5.3008,99.0,7.99,0.079,15.45,0.0,15.0,4.995,0.16,15.0,4.0,5,2,1000
3,66.7,4.402,13.21,4.4017,4.301,8.602,4.0,8.25,0.0,15.0,5.1,4.0,15.0,4.0,5,3,100
4,75.0,7.051,28.2,7.0512,8.051,10.735,4.0,22.76,0.0,15.0,6.787,4.0,15.0,4.0,5,3,150
5,60.0,4.841,24.2,4.841,4.026,10.735,4.0,18.49,0.0,15.0,3.997,4.0,15.0,4.0,5,3,200
5,60.0,4.841,24.2,4.841,4.026,10.735,4.0,18.49,0.0,15.0,3.997,4.0,15.0,4.0,5,3,300
6,66.7,4.804,28.82,4.8038,4.603,9.206,4.0,16.31,0.0,15.0,3.966,4.0,15.0,4.0,5,3,500
6,66.7,4.804,28.82,4.8038,4.603,9.206,4.0,16.31,0.0,15.0,3.966,4.0,15.0,4.0,5,3,1000
3,66.7,4.402,13.21,4.4017,4.301,8.602,4.0,8.25,0.0,15.0,5.1,4.0,15.0,4.0,5,4,100
4,75.0,7.051,28.2,7.0512,8.051,10.735,4.0,22.76,0.0,15.0,6.787,4.0,15.0,4.0,5,4,150
5,60.0,4.841,24.2,4.841,4.026,10.735,4.0,18.49,0.0,15.0,3.997,4.0,15.0,4.0,5,4,200
5,60.0,4.841,24.2,4.841,4.026,10.735,4.0,18.49,0.0,15.0,3.997,4.0,15.0,4.0,5,4,300
6,66.7,5.149,30.89,5.1488,4.862,9.723,4.0,17.08,0.0,15.0,4.235,4.0,15.0,4.0,5,4,500
6,66.7,5.149,30.89,5.1488,4.862,9.723,4.0,17.08,0.0,15.0,4.235,4.0,15.0,4.0,5,4,1000
3,66.7,4.402,13.21,4.4017,4.301,8.602,4.0,8.25,0.0,15.0,5.1,4.0,15.0,4.0,5,5,100
4,75.0,7.051,28.2,7.0512,8.051,10.735,4.0,22.76,0.0,15.0,6.787,4.0,15.0,4.0,5,5,150
5,60.0,4.841,24.2,4.841,4.026,10.735,4.0,18.49,0.0,15.0,3.997,4.0,15.0,4.0,5,5,200
5,60.0,4.841,24.2,4.841,4.026,10.735,4.0,18.49,0.0,15.0,3.997,4.0,15.0,4.0,5,5,300
6,66.7,5.68,34.08,5.6797,5.26,10.52,4.0,17.21,0.0,15.0,4.561,4.0,15.0,4.0,5,5,500
6,66.7,5.68,34.08,5.6797,5.26,10.52,4.0,17.21,0.0,15.0,4.561,4.0,15.0,4.0,5,5,1000
3,66.7,4.898,14.7,4.8983,4.674,9.348,4.0,8.25,0.0,15.0,5.753,4.0,15.0,4.0,5,7,100
4,75.0,7.424,29.7,7.4238,8.424,11.232,4.0,22.76,0.0,15.0,7.32,4.0,15.0,4.0,5,7,150
5,60.0,5.139,25.7,5.139,4.212,11.232,4.0,18.49,0.0,15.0,4.278,4.0,15.0,4.0,5,7,200
5,60.0,5.139,25.7,5.139,4.212,11.232,4.0,18.49,0.0,15.0,4.278,4.0,15.0,4.0,5,7,300
6,66.7,5.583,33.5,5.583,5.187,10.374,4.0,17.21,0.0,15.0,4.611,4.0,15.0,4.0,5,7,500
6,66.7,5.583,33.5,5.583,5.187,10.374,4.0,17.21,0.0,15.0,4.611,4.0,15.0,4.0,5,7,1000
3,66.7,5.176,15.53,5.1763,99.0,7.764,0.0,6.84,0.0,15.0,6.826,0,15.0,5.0,5,1,100
4,75.0,5.07,20.28,5.07,99.0,6.76,0.0,7.15,0.0,15.0,6.683,0,15.0,5.0,5,1,150
5,60.0,3.899,19.49,3.8988,25.802,6.76,0.393,5.78,0.0,15.0,4.713,0.79,15.0,5.0,5,1,200
5,60.0,3.899,19.49,3.8988,25.802,6.76,0.393,5.78,0.0,15.0,4.713,0.79,15.0,5.0,5,1,300
6,66.7,3.62,21.72,3.6205,28.637,5.627,0.393,5.24,0.0,15.0,4.347,0.79,15.0,5.0,5,1,500
6,66.7,3.62,21.72,3.6205,28.637,5.627,0.393,5.24,0.0,15.0,4.347,0.79,15.0,5.0,5,1,1000
3,66.7,5.176,15.53,5.1763,99.0,7.764,0.0,6.84,0.0,15.0,6.826,0,15.0,5.0,5,2,100
4,75.0,7.632,30.53,7.6323,99.0,10.176,0.0,21.7,0.0,15.0,8.22,0,15.0,5.0,5,2,150
5,60.0,6.074,30.37,6.0744,99.0,10.176,0.079,17.61,0.0,15.0,5.914,0.16,15.0,5.0,5,2,200
5,60.0,6.074,30.37,6.0744,99.0,10.176,0.079,17.61,0.0,15.0,5.914,0.16,15.0,5.0,5,2,300
6,66.7,5.301,31.8,5.3008,99.0,7.99,0.079,15.45,0.0,15.0,4.995,0.16,15.0,5.0,5,2,500
6,66.7,5.301,31.8,5.3008,99.0,7.99,0.079,15.45,0.0,15.0,4.995,0.16,15.0,5.0,5,2,1000
3,66.7,4.068,12.21,4.0683,3.441,8.602,5.0,8.25,0.0,15.0,4.508,5.0,15.0,5.0,5,3,100
4,75.0,6.801,27.2,6.8012,6.441,10.735,5.0,22.76,0.0,15.0,6.288,5.0,15.0,5.0,5,3,150
5,60.0,4.441,22.2,4.441,3.22,10.735,5.0,18.49,0.0,15.0,3.498,5.0,15.0,5.0,5,3,200
5,60.0,4.441,22.2,4.441,3.22,10.735,5.0,18.49,0.0,15.0,3.498,5.0,15.0,5.0,5,3,300
6,66.7,4.471,26.82,4.4705,3.682,9.206,5.0,16.31,0.0,15.0,3.521,5.0,15.0,5.0,5,3,500
6,66.7,4.471,26.82,4.4705,3.682,9.206,5.0,16.31,0.0,15.0,3.521,5.0,15.0,5.0,5,3,1000
3,66.7,4.068,12.21,4.0683,3.441,8.602,5.0,8.25,0.0,15.0,4.508,5.0,15.0,5.0,5,4,100
4,75.0,6.801,27.2,6.8012,6.441,10.735,5.0,22.76,0.0,15.0,6.288,5.0,15.0,5.0,5,4,150
5,60.0,4.441,22.2,4.441,3.22,10.735,5.0,18.49,0.0,15.0,3.498,5.0,15.0,5.0,5,4,200
5,60.0,4.441,22.2,4.441,3.22,10.735,5.0,18.49,0.0,15.0,3.498,5.0,15.0,5.0,5,4,300
6,66.7,4.816,28.89,4.8155,3.889,9.723,5.0,17.08,0.0,15.0,3.773,5.0,15.0,5.0,5,4,500
6,66.7,4.816,28.89,4.8155,3.889,9.723,5.0,17.08,0.0,15.0,3.773,5.0,15.0,5.0,5,4,1000
3,66.7,4.068,12.21,4.0683,3.441,8.602,5.0,8.25,0.0,15.0,4.508,5.0,15.0,5.0,5,5,100
4,75.0,6.801,27.2,6.8012,6.441,10.735,5.0,22.76,0.0,15.0,6.288,5.0,15.0,5.0,5,5,150
5,60.0,4.441,22.2,4.441,3.22,10.735,5.0,18.49,0.0,15.0,3.498,5.0,15.0,5.0,5,5,200
5,60.0,4.441,22.2,4.441,3.22,10.735,5.0,18.49,0.0,15.0,3.498,5.0,15.0,5.0,5,5,300
6,66.7,5.346,32.08,5.3463,4.208,10.52,5.0,17.21,0.0,15.0,4.089,5.0,15.0,5.0,5,5,500
6,66.7,5.346,32.08,5.3463,4.208,10.52,5.0,17.21,0.0,15.0,4.089,5.0,15.0,5.0,5,5,1000
3,66.7,4.565,13.7,4.565,3.739,9.348,5.0,8.25,0.0,15.0,5.11,5.0,15.0,5.0,5,7,100
4,75.0,7.174,28.7,7.1738,6.739,11.232,5.0,22.76,0.0,15.0,6.772,5.0,15.0,5.0,5,7,150
5,60.0,4.739,23.7,4.739,3.369,11.232,5.0,18.49,0.0,15.0,3.755,5.0,15.0,5.0,5,7,200
5,60.0,4.739,23.7,4.739,3.369,11.232,5.0,18.49,0.0,15.0,3.755,5.0,15.0,5.0,5,7,300
6,66.7,5.25,31.5,5.2497,4.15,10.374,5.0,17.21,0.0,15.0,4.12,5.0,15.0,5.0,5,7,500
6,66.7,5.25,31.5,5.2497,4.15,10.374,5.0,17.21,0.0,15.0,4.12,5.0,15.0,5.0,5,7,1000
3,66.7,5.176,15.53,5.1763,99.0,7.764,0.0,6.84,0.0,15.0,6.826,0,15.0,6.0,5,1,100
4,75.0,5.07,20.28,5.07,99.0,6.76,0.0,7.15,0.0,15.0,6.683,0,15.0,6.0,5,1,150
5,60.0,3.899,19.49,3.8988,25.802,6.76,0.393,5.78,0.0,15.0,4.713,0.79,15.0,6.0,5,1,200
5,60.0,3.899,19.49,3.8988,25.802,6.76,0.393,5.78,0.0,15.0,4.713,0.79,15.0,6.0,5,1,300
6,66.7,3.62,21.72,3.6205,28.637,5.627,0.393,5.24,0.0,15.0,4.347,0.79,15.0,6.0,5,1,500
6,66.7,3.62,21.72,3.6205,28.637,5.627,0.393,5.24,0.0,15.0,4.347,0.79,15.0,6.0,5,1,1000
3,66.7,5.176,15.53,5.1763,99.0,7.764,0.0,6.84,0.0,15.0,6.826,0,15.0,6.0,5,2,100
4,75.0,7.632,30.53,7.6323,99.0,10.176,0.0,21.7,0.0,15.0,8.22,0,15.0,6.0,5,2,150
5,60.0,6.074,30.37,6.0744,99.0,10.176,0.079,17.61,0.0,15.0,5.914,0.16,15.0,6.0,5,2,200
5,60.0,6.074,30.37,6.0744,99.0,10.176,0.079,17.61,0.0,15.0,5.914,0.16,15.0,6.0,5,2,300
6,66.7,5.301,31.8,5.3008,99.0,7.99,0.079,15.45,0.0,15.0,4.995,0.16,15.0,6.0,5,2,500
6,66.7,5.301,31.8,5.3008,99.0,7.99,0.079,15.45,0.0,15.0,4.995,0.16,15.0,6.0,5,2,1000
3,66.7,3.735,11.21,3.735,2.867,8.602,6.0,8.25,0.0,15.0,3.961,6.0,15.0,6.0,5,3,100
4,75.0,6.551,26.2,6.5512,5.367,10.735,6.0,22.76,0.0,15.0,5.821,6.0,15.0,6.0,5,3,150
5,60.0,4.041,20.2,4.041,2.684,10.735,6.0,18.49,0.0,15.0,3.04,6.0,15.0,6.0,5,3,200
5,60.0,4.041,20.2,4.041,2.684,10.735,6.0,18.49,0.0,15.0,3.04,6.0,15.0,6.0,5,3,300
6,66.7,4.137,24.82,4.1372,3.069,9.206,6.0,16.31,0.0,15.0,3.112,6.0,15.0,6.0,5,3,500
6,66.7,4.137,24.82,4.1372,3.069,9.206,6.0,16.31,0.0,15.0,3.112,6.0,15.0,6.0,5,3,1000
3,66.7,3.735,11.21,3.735,2.867,8.602,6.0,8.25,0.0,15.0,3.961,6.0,15.0,6.0,5,4,100
4,75.0,6.551,26.2,6.5512,5.367,10.735,6.0,22.76,0.0,15.0,5.821,6.0,15.0,6.0,5,4,150
5,60.0,4.041,20.2,4.041,2.684,10.735,6.0,18.49,0.0,15.0,3.04,6.0,15.0,6.0,5,4,200
5,60.0,4.041,20.2,4.041,2.684,10.735,6.0,18.49,0.0,15.0,3.04,6.0,15.0,6.0,5,4,300
6,66.7,4.482,26.89,4.4822,3.241,9.723,6.0,17.08,0.0,15.0,3.35,6.0,15.0,6.0,5,4,500
6,66.7,4.482,26.89,4.4822,3.241,9.723,6.0,17.08,0.0,15.0,3.35,6.0,15.0,6.0,5,4,1000
3,66.7,3.735,11.21,3.735,2.867,8.602,6.0,8.25,0.0,15.0,3.961,6.0,15.0,6.0,5,5,100
4,75.0,6.551,26.2,6.5512,5.367,10.735,6.0,22.76,0.0,15.0,5.821,6.0,15.0,6.0,5,5,150
5,60.0,4.041,20.2,4.041,2.684,10.735,6.0,18.49,0.0,15.0,3.04,6.0,15.0,6.0,5,5,200
5,60.0,4.041,20.2,4.041,2.684,10.735,6.0,18.49,0.0,15.0,3.04,6.0,15.0,6.0,5,5,300
6,66.7,5.013,30.08,5.013,3.507,10.52,6.0,17.21,0.0,15.0,3.657,6.0,15.0,6.0,5,5,500
6,66.7,5.013,30.08,5.013,3.507,10.52,6.0,17.21,0.0,15.0,3.657,6.0,15.0,6.0,5,5,1000
3,66.7,4.232,12.7,4.2317,3.116,9.348,6.0,8.25,0.0,15.0,4.519,6.0,15.0,6.0,5,7,100
4,75.0,6.924,27.7,6.9238,5.616,11.232,6.0,22.76,0.0,15.0,6.264,6.0,15.0,6.0,5,7,150
5,60.0,4.339,21.7,4.339,2.808,11.232,6.0,18.49,0.0,15.0,3.278,6.0,15.0,6.0,5,7,200
5,60.0,4.339,21.7,4.339,2.808,11.232,6.0,18.49,0.0,15.0,3.278,6.0,15.0,6.0,5,7,300
6,66.7,4.916,29.5,4.9163,3.458,10.374,6.0,17.21,0.0,15.0,3.673,6.0,15.0,6.0,5,7,500
6,66.7,4.916,29.5,4.9163,3.458,10.374,6.0,17.21,0.0,15.0,3.673,6.0,15.0,6.0,5,7,1000
3,33.3,6.0,18.0,6.0,10.0,20.0,1.0,6.84,0.0,20.0,5.536,2.0,20.0,2.0,5,1,100
4,50.0,5.688,22.75,5.6878,12.376,12.376,1.0,7.15,0.0,20.0,5.238,2.0,20.0,2.0,5,1,150
5,40.0,4.15,20.75,4.1502,6.188,12.376,1.333,5.78,0.0,20.0,3.55,2.0,20.0,2.0,5,1,200
5,40.0,4.15,20.75,4.1502,6.188,12.376,1.333,5.78,0.0,20.0,3.55,2.0,20.0,2.0,5,1,300
6,50.0,3.83,22.98,3.83,6.745,8.993,1.333,5.24,0.0,20.0,3.261,2.0,20.0,2.0,5,1,500
6,50.0,3.83,22.98,3.83,6.745,8.993,1.333,5.24,0.0,20.0,3.261,2.0,20.0,2.0,5,1,1000
3,33.3,6.0,18.0,6.0,10.0,20.0,1.0,6.84,0.0,20.0,5.536,2.0,20.0,2.0,5,2,100
4,50.0,9.5,38.0,9.5,20.0,20.0,1.0,21.7,0.0,20.0,7.165,2.0,20.0,2.0,5,2,150
5,40.0,7.2,36.0,7.2,10.0,20.0,1.333,17.42,0.0,20.0,4.879,2.0,20.0,2.0,5,2,200
5,40.0,7.2,36.0,7.2,10.0,20.0,1.333,17.42,0.0,20.0,4.879,2.0,20.0,2.0,5,2,300
6,50.0,6.239,37.43,6.2388,10.358,13.811,1.333,15.29,0.0,20.0,4.125,2.0,20.0,2.0,5,2,500
6,50.0,6.239,37.43,6.2388,10.358,13.811,1.333,15.29,0.0,20.0,4.125,2.0,20.0,2.0,5,2,1000
3,66.7,6.735,20.2,6.735,11.102,11.102,2.0,8.25,0.0,20.0,6.473,2.0,20.0,2.0,5,3,100
4,75.0,10.051,40.2,10.0512,21.102,14.068,2.0,22.76,0.0,20.0,7.931,2.0,20.0,2.0,5,3,150
5,60.0,7.641,38.2,7.641,10.551,14.068,2.0,18.27,0.0,20.0,5.314,2.0,20.0,2.0,5,3,200
5,60.0,7.641,38.2,7.641,10.551,14.068,2.0,18.27,0.0,20.0,5.314,2.0,20.0,2.0,5,3,300
6,66.7,7.137,42.82,7.1372,11.706,11.706,2.0,16.13,0.0,20.0,4.928,2.0,20.0,2.0,5,3,500
6,66.7,7.137,42.82,7.1372,11.706,11.706,2.0,16.13,0.0,20.0,4.928,2.0,20.0,2.0,5,3,1000
3,66.7,6.735,20.2,6.735,11.102,11.102,2.0,8.25,0.0,20.0,6.473,2.0,20.0,2.0,5,4,100
4,75.0,10.051,40.2,10.0512,21.102,14.068,2.0,22.76,0.0,20.0,7.931,2.0,20.0,2.0,5,4,150
5,60.0,7.641,38.2,7.641,10.551,14.068,2.0,18.27,0.0,20.0,5.314,2.0,20.0,2.0,5,4,200
5,60.0,7.641,38.2,7.641,10.551,14.068,2.0,18.27,0.0,20.0,5.314,2.0,20.0,2.0,5,4,300
6,66.7,7.482,44.89,7.4822,12.223,12.223,2.0,16.9,0.0,20.0,5.2,2.0,20.0,2.0,5,4,500
6,66.7,7.482,44.89,7.4822,12.223,12.223,2.0,16.9,0.0,20.0,5.2,2.0,20.0,2.0,5,4,1000
3,66.7,6.735,20.2,6.735,11.102,11.102,2.0,8.25,0.0,20.0,6.473,2.0,20.0,2.0,5,5,100
4,75.0,10.051,40.2,10.0512,21.102,14.068,2.0,22.76,0.0,20.0,7.931,2.0,20.0,2.0,5,5,150
5,60.0,7.641,38.2,7.641,10.551,14.068,2.0,18.27,0.0,20.0,5.314,2.0,20.0,2.0,5,5,200
5,60.0,7.641,38.2,7.641,10.551,14.068,2.0,18.27,0.0,20.0,5.314,2.0,20.0,2.0,5,5,300
6,66.7,8.013,48.08,8.013,13.02,13.02,2.0,17.03,0.0,20.0,5.551,2.0,20.0,2.0,5,5,500
6,66.7,8.013,48.08,8.013,13.02,13.02,2.0,17.03,0.0,20.0,5.551,2.0,20.0,2.0,5,5,1000
3,66.7,7.232,21.7,7.2317,11.848,11.848,2.0,8.25,0.0,20.0,7.109,2.0,20.0,2.0,5,7,100
4,75.0,10.424,41.7,10.4238,21.848,14.565,2.0,22.76,0.0,20.0,8.455,2.0,20.0,2.0,5,7,150
5,60.0,7.939,39.7,7.939,10.924,14.565,2.0,18.27,0.0,20.0,5.6,2.0,20.0,2.0,5,7,200
5,60.0,7.939,39.7,7.939,10.924,14.565,2.0,18.27,0.0,20.0,5.6,2.0,20.0,2.0,5,7,300
6,66.7,7.916,47.5,7.9163,12.874,12.874,2.0,17.03,0.0,20.0,5.584,2.0,20.0,2.0,5,7,500
6,66.7,7.916,47.5,7.9163,12.874,12.874,2.0,17.03,0.0,20.0,5.584,2.0,20.0,2.0,5,7,1000
3,33.3,5.667,17.0,5.6667,6.667,20.0,1.5,6.84,0.0,20.0,5.087,3.0,20.0,3.0,5,1,100
4,50.0,5.438,21.75,5.4378,8.25,12.376,1.5,7.15,0.0,20.0,4.877,3.0,20.0,3.0,5,1,150
5,40.0,4.193,20.96,4.193,6.538,12.376,1.262,5.78,0.0,20.0,3.587,3.0,20.0,3.0,5,1,200
5,40.0,4.193,20.96,4.193,6.538,12.376,1.262,5.78,0.0,20.0,3.587,3.0,20.0,3.0,5,1,300
6,50.0,3.866,23.19,3.8657,7.126,8.993,1.262,5.24,0.0,20.0,3.292,3.0,20.0,3.0,5,1,500
6,50.0,3.866,23.19,3.8657,7.126,8.993,1.262,5.24,0.0,20.0,3.292,3.0,20.0,3.0,5,1,1000
3,33.3,5.667,17.0,5.6667,6.667,20.0,1.5,6.84,0.0,20.0,5.087,3.0,20.0,3.0,5,2,100
4,50.0,9.25,37.0,9.25,13.333,20.0,1.5,21.7,0.0,20.0,6.797,3.0,20.0,3.0,5,2,150
5,40.0,7.369,36.84,7.3686,12.67,20.0,1.052,17.61,0.0,20.0,5.045,3.0,20.0,3.0,5,2,200
5,40.0,7.369,36.84,7.3686,12.67,20.0,1.052,17.61,0.0,20.0,5.045,3.0,20.0,3.0,5,2,300
6,50.0,6.379,38.28,6.3793,13.124,13.811,1.052,15.45,0.0,20.0,4.253,3.0,20.0,3.0,5,2,500
6,50.0,6.379,38.28,6.3793,13.124,13.811,1.052,15.45,0.0,20.0,4.253,3.0,20.0,3.0,5,2,1000
3,66.7,6.402,19.2,6.4017,7.402,11.102,3.0,8.25,0.0,20.0,5.958,3.0,20.0,3.0,5,3,100
4,75.0,9.801,39.2,9.8012,14.068,14.068,3.0,22.76,0.0,20.0,7.507,3.0,20.0,3.0,5,3,150
5,60.0,7.241,36.2,7.241,7.034,14.068,3.0,18.49,0.0,20.0,4.854,3.0,20.0,3.0,5,3,200
5,60.0,7.241,36.2,7.241,7.034,14.068,3.0,18.49,0.0,20.0,4.854,3.0,20.0,3.0,5,3,300
6,66.7,6.804,40.82,6.8038,7.804,11.706,3.0,16.31,0.0,20.0,4.538,3.0,20.0,3.0,5,3,500
6,66.7,6.804,40.82,6.8038,7.804,11.706,3.0,16.31,0.0,20.0,4.538,3.0,20.0,3.0,5,3,1000
3,66.7,6.402,19.2,6.4017,7.402,11.102,3.0,8.25,0.0,20.0,5.958,3.0,20.0,3.0,5,4,100
4,75.0,9.801,39.2,9.8012,14.068,14.068,3.0,22.76,0.0,20.0,7.507,3.0,20.0,3.0,5,4,150
5,60.0,7.241,36.2,7.241,7.034,14.068,3.0,18.49,0.0,20.0,4.854,3.0,20.0,3.0,5,4,200
5,60.0,7.241,36.2,7.241,7.034,14.068,3.0,18.49,0.0,20.0,4.854,3.0,20.0,3.0,5,4,300
6,66.7,7.149,42.89,7.1488,8.149,12.223,3.0,17.08,0.0,20.0,4.791,3.0,20.0,3.0,5,4,500
6,66.7,7.149,42.89,7.1488,8.149,12.223,3.0,17.08,0.0,20.0,4.791,3.0,20.0,3.0,5,4,1000
3,66.7,6.402,19.2,6.4017,7.402,11.102,3.0,8.25,0.0,20.0,5.958,3.0,20.0,3.0,5,5,100
4,75.0,9.801,39.2,9.8012,14.068,14.068,3.0,22.76,0.0,20.0,7.507,3.0,20.0,3.0,5,5,150
5,60.0,7.241,36.2,7.241,7.034,14.068,3.0,18.49,0.0,20.0,4.854,3.0,20.0,3.0,5,5,200
5,60.0,7.241,36.2,7.241,7.034,14.068,3.0,18.49,0.0,20.0,4.854,3.0,20.0,3.0,5,5,300
6,66.7,7.68,46.08,7.6797,8.68,13.02,3.0,17.21,0.0,20.0,5.122,3.0,20.0,3.0,5,5,500
6,66.7,7.68,46.08,7.6797,8.68,13.02,3.0,17.21,0.0,20.0,5.122,3.0,20.0,3.0,5,5,1000
3,66.7,6.898,20.7,6.8983,7.898,11.848,3.0,8.25,0.0,20.0,6.546,3.0,20.0,3.0,5,7,100
4,75.0,10.174,40.7,10.1738,14.565,14.565,3.0,22.76,0.0,20.0,7.989,3.0,20.0,3.0,5,7,150
5,60.0,7.539,37.7,7.539,7.282,14.565,3.0,18.49,0.0,20.0,5.115,3.0,20.0,3.0,5,7,200
5,60.0,7.539,37.7,7.539,7.282,14.565,3.0,18.49,0.0,20.0,5.115,3.0,20.0,3.0,5,7,300
6,66.7,7.583,45.5,7.583,8.583,12.874,3.0,17.21,0.0,20.0,5.144,3.0,20.0,3.0,5,7,500
6,66.7,7.583,45.5,7.583,8.583,12.874,3.0,17.21,0.0,20.0,5.144,3.0,20.0,3.0,5,7,1000
3,66.7,6.843,20.53,6.843,99.0,10.264,0.0,6.84,0.0,20.0,6.739,0,20.0,4.0,5,1,100
4,75.0,6.32,25.28,6.32,99.0,8.427,0.0,7.15,0.0,20.0,6.185,0,20.0,4.0,5,1,150
5,60.0,4.899,24.49,4.8988,32.163,8.427,0.393,5.78,0.0,20.0,4.464,0.79,20.0,4.0,5,1,200
5,60.0,4.899,24.49,4.8988,32.163,8.427,0.393,5.78,0.0,20.0,4.464,0.79,20.0,4.0,5,1,300
6,66.7,4.454,26.72,4.4538,34.999,6.877,0.393,5.24,0.0,20.0,4.019,0.79,20.0,4.0,5,1,500
6,66.7,4.454,26.72,4.4538,34.999,6.877,0.393,5.24,0.0,20.0,4.019,0.79,20.0,4.0,5,1,1000
3,66.7,6.843,20.53,6.843,99.0,10.264,0.0,6.84,0.0,20.0,6.739,0,20.0,4.0,5,2,100
4,75.0,10.132,40.53,10.1323,99.0,13.51,0.0,21.7,0.0,20.0,8.149,0,20.0,4.0,5,2,150
5,60.0,8.074,40.37,8.0744,99.0,13.51,0.079,17.61,0.0,20.0,5.885,0.16,20.0,4.0,5,2,200
5,60.0,8.074,40.37,8.0744,99.0,13.51,0.079,17.61,0.0,20.0,5.885,0.16,20.0,4.0,5,2,300
6,66.7,6.968,41.8,6.9675,99.0,10.491,0.079,15.45,0.0,20.0,4.893,0.16,20.0,4.0,5,2,500
6,66.7,6.968,41.8,6.9675,99.0,10.491,0.079,15.45,0.0,20.0,4.893,0.16,20.0,4.0,5,2,1000
3,66.7,6.068,18.2,6.0683,5.551,11.102,4.0,8.25,0.0,20.0,5.468,4.0,20.0,4.0,5,3,100
4,75.0,9.551,38.2,9.5512,10.551,14.068,4.0,22.76,0.0,20.0,7.101,4.0,20.0,4.0,5,3,150
5,60.0,6.841,34.2,6.841,5.276,14.068,4.0,18.49,0.0,20.0,4.423,4.0,20.0,4.0,5,3,200
5,60.0,6.841,34.2,6.841,5.276,14.068,4.0,18.49,0.0,20.0,4.423,4.0,20.0,4.0,5,3,300
6,66.7,6.471,38.82,6.4705,5.853,11.706,4.0,16.31,0.0,20.0,4.169,4.0,20.0,4.0,5,3,500
6,66.7,6.471,38.82,6.4705,5.853,11.706,4.0,16.31,0.0,20.0,4.169,4.0,20.0,4.0,5,3,1000
3,66.7,6.068,18.2,6.0683,5.551,11.102,4.0,8.25,0.0,20.0,5.468,4.0,20.0,4.0,5,4,100
4,75.0,9.551,38.2,9.5512,10.551,14.068,4.0,22.76,0.0,20.0,7.101,4.0,20.0,4.0,5,4,150
5,60.0,6.841,34.2,6.841,5.276,14.068,4.0,18.49,0.0,20.0,4.423,4.0,20.0,4.0,5,4,200
5,60.0,6.841,34.2,6.841,5.276,14.068,4.0,18.49,0.0,20.0,4.423,4.0,20.0,4.0,5,4,300
6,66.7,6.816,40.89,6.8155,6.112,12.223,4.0,17.08,0.0,20.0,4.406,4.0,20.0,4.0,5,4,500
6,66.7,6.816,40.89,6.8155,6.112,12.223,4.0,17.08,0.0,20.0,4.406,4.0,20.0,4.0,5,4,1000
3,66.7,6.068,18.2,6.0683,5.551,11.102,4.0,8.25,0.0,20.0,5.468,4.0,20.0,4.0,5,5,100
4,75.0,9.551,38.2,9.5512,10.551,14.068,4.0,22.76,0.0,20.0,7.101,4.0,20.0,4.0,5,5,150
5,60.0,6.841,34.2,6.841,5.276,14.068,4.0,18.49,0.0,20.0,4.423,4.0,20.0,4.0,5,5,200
5,60.0,6.841,34.2,6.841,5.276,14.068,4.0,18.49,0.0,20.0,4.423,4.0,20.0,4.0,5,5,300
6,66.7,7.346,44.08,7.3463,6.51,13.02,4.0,17.21,0.0,20.0,4.72,4.0,20.0,4.0,5,5,500
6,66.7,7.346,44.08,7.3463,6.51,13.02,4.0,17.21,0.0,20.0,4.72,4.0,20.0,4.0,5,5,1000
3,66.7,6.565,19.7,6.565,5.924,11.848,4.0,8.25,0.0,20.0,6.013,4.0,20.0,4.0,5,7,100
4,75.0,9.924,39.7,9.9238,10.924,14.565,4.0,22.76,0.0,20.0,7.547,4.0,20.0,4.0,5,7,150
5,60.0,7.139,35.7,7.139,5.462,14.565,4.0,18.49,0.0,20.0,4.662,4.0,20.0,4.0,5,7,200
5,60.0,7.139,35.7,7.139,5.462,14.565,4.0,18.49,0.0,20.0,4.662,4.0,20.0,4.0,5,7,300
6,66.7,7.25,43.5,7.2497,6.437,12.874,4.0,17.21,0.0,20.0,4.733,4.0,20.0,4.0,5,7,500
6,66.7,7.25,43.5,7.2497,6.437,12.874,4.0,17.21,0.0,20.0,4.733,4.0,20.0,4.0,5,7,1000
3,66.7,6.843,20.53,6.843,99.0,10.264,0.0,6.84,0.0,20.0,6.739,0,20.0,5.0,5,1,100
4,75.0,6.32,25.28,6.32,99.0,8.427,0.0,7.15,0.0,20.0,6.185,0,20.0,5.0,5,1,150
5,60.0,4.899,24.49,4.8988,32.163,8.427,0.393,5.78,0.0,20.0,4.464,0.79,20.0,5.0,5,1,200
5,60.0,4.899,24.49,4.8988,32.163,8.427,0.393,5.78,0.0,20.0,4.464,0.79,20.0,5.0,5,1,300
6,66.7,4.454,26.72,4.4538,34.999,6.877,0.393,5.24,0.0,20.0,4.019,0.79,20.0,5.0,5,1,500
6,66.7,4.454,26.72,4.4538,34.999,6.877,0.393,5.24,0.0,20.0,4.019,0.79,20.0,5.0,5,1,1000
3,66.7,6.843,20.53,6.843,99.0,10.264,0.0,6.84,0.0,20.0,6.739,0,20.0,5.0,5,2,100
4,75.0,10.132,40.53,10.1323,99.0,13.51,0.0,21.7,0.0,20.0,8.149,0,20.0,5.0,5,2,150
5,60.0,8.074,40.37,8.0744,99.0,13.51,0.079,17.61,0.0,20.0,5.885,0.16,20.0,5.0,5,2,200
5,60.0,8.074,40.37,8.0744,99.0,13.51,0.079,17.61,0.0,20.0,5.885,0.16,20.0,5.0,5,2,300
6,66.7,6.968,41.8,6.9675,99.0,10.491,0.079,15.45,0.0,20.0,4.893,0.16,20.0,5.0,5,2,500
6,66.7,6.968,41.8,6.9675,99.0,10.491,0.079,15.45,0.0,20.0,4.893,0.16,20.0,5.0,5,2,1000
3,66.7,5.735,17.2,5.735,4.441,11.102,5.0,8.25,0.0,20.0,5.003,5.0,20.0,5.0,5,3,100
4,75.0,9.301,37.2,9.3012,8.441,14.068,5.0,22.76,0.0,20.0,6.713,5.0,20.0,5.0,5,3,150
5,60.0,6.441,32.2,6.441,4.22,14.068,5.0,18.49,0.0,20.0,4.018,5.0,20.0,5.0,5,3,200
5,60.0,6.441,32.2,6.441,4.22,14.068,5.0,18.49,0.0,20.0,4.018,5.0,20.0,5.0,5,3,300
6,66.7,6.137,36.82,6.1372,4.682,11.706,5.0,16.31,0.0,20.0,3.821,5.0,20.0,5.0,5,3,500
6,66.7,6.137,36.82,6.1372,4.682,11.706,5.0,16.31,0.0,20.0,3.821,5.0,20.0,5.0,5,3,1000
3,66.7,5.735,17.2,5.735,4.441,11.102,5.0,8.25,0.0,20.0,5.003,5.0,20.0,5.0,5,4,100
4,75.0,9.301,37.2,9.3012,8.441,14.068,5.0,22.76,0.0,20.0,6.713,5.0,20.0,5.0,5,4,150
5,60.0,6.441,32.2,6.441,4.22,14.068,5.0,18.49,0.0,20.0,4.018,5.0,20.0,5.0,5,4,200
5,60.0,6.441,32.2,6.441,4.22,14.068,5.0,18.49,0.0,20.0,4.018,5.0,20.0,5.0,5,4,300
6,66.7,6.482,38.89,6.4822,4.889,12.223,5.0,17.08,0.0,20.0,4.044,5.0,20.0,5.0,5,4,500
6,66.7,6.482,38.89,6.4822,4.889,12.223,5.0,17.08,0.0,20.0,4.044,5.0,20.0,5.0,5,4,1000
3,66.7,5.735,17.2,5.735,4.441,11.102,5.0,8.25,0.0,20.0,5.003,5.0,20.0,5.0,5,5,100
4,75.0,9.301,37.2,9.3012,8.441,14.068,5.0,22.76,0.0,20.0,6.713,5.0,20.0,5.0,5,5,150
5,60.0,6.441,32.2,6.441,4.22,14.068,5.0,18.49,0.0,20.0,4.018,5.0,20.0,5.0,5,5,200
5,60.0,6.441,32.2,6.441,4.22,14.068,5.0,18.49,0.0,20.0,4.018,5.0,20.0,5.0,5,5,300
6,66.7,7.013,42.08,7.013,5.208,13.02,5.0,17.21,0.0,20.0,4.343,5.0,20.0,5.0,5,5,500
6,66.7,7.013,42.08,7.013,5.208,13.02,5.0,17.21,0.0,20.0,4.343,5.0,20.0,5.0,5,5,1000
3,66.7,6.232,18.7,6.2317,4.739,11.848,5.0,8.25,0.0,20.0,5.512,5.0,20.0,5.0,5,7,100
4,75.0,9.674,38.7,9.6738,8.739,14.565,5.0,22.76,0.0,20.0,7.127,5.0,20.0,5.0,5,7,150
5,60.0,6.739,33.7,6.739,4.37,14.565,5.0,18.49,0.0,20.0,4.24,5.0,20.0,5.0,5,7,200
5,60.0,6.739,33.7,6.739,4.37,14.565,5.0,18.49,0.0,20.0,4.24,5.0,20.0,5.0,5,7,300
6,66.7,6.916,41.5,6.9163,5.15,12.874,5.0,17.21,0.0,20.0,4.348,5.0,20.0,5.0,5,7,500
6,66.7,6.916,41.5,6.9163,5.15,12.874,5.0,17.21,0.0,20.0,4.348,5.0,20.0,5.0,5,7,1000
3,66.7,6.843,20.53,6.843,99.0,10.264,0.0,6.84,0.0,20.0,6.739,0,20.0,6.0,5,1,100
4,75.0,6.32,25.28,6.32,99.0,8.427,0.0,7.15,0.0,20.0,6.185,0,20.0,6.0,5,1,150
5,60.0,4.899,24.49,4.8988,32.163,8.427,0.393,5.78,0.0,20.0,4.464,0.79,20.0,6.0,5,1,200
5,60.0,4.899,24.49,4.8988,32.163,8.427,0.393,5.78,0.0,20.0,4.464,0.79,20.0,6.0,5,1,300
6,66.7,4.454,26.72,4.4538,34.999,6.877,0.393,5.24,0.0,20.0,4.019,0.79,20.0,6.0,5,1,500
6,66.7,4.454,26.72,4.4538,34.999,6.877,0.393,5.24,0.0,20.0,4.019,0.79,20.0,6.0,5,1,1000
3,66.7,6.843,20.53,6.843,99.0,10.264,0.0,6.84,0.0,20.0,6.739,0,20.0,6.0,5,2,100
4,75.0,10.132,40.53,10.1323,99.0,13.51,0.0,21.7,0.0,20.0,8.149,0,20.0,6.0,5,2,150
5,60.0,8.074,40.37,8.0744,99.0,13.51,0.079,17.61,0.0,20.0,5.885,0.16,20.0,6.0,5,2,200
5,60.0,8.074,40.37,8.0744,99.0,13.51,0.079,17.61,0.0,20.0,5.885,0.16,20.0,6.0,5,2,300
6,66.7,6.968,41.8,6.9675,99.0,10.491,0.079,15.45,0.0,20.0,4.893,0.16,20.0,6.0,5,2,500
6,66.7,6.968,41.8,6.9675,99.0,10.491,0.079,15.45,0.0,20.0,4.893,0.16,20.0,6.0,5,2,1000
3,66.7,5.402,16.2,5.4017,3.701,11.102,6.0,8.25,0.0,20.0,4.562,6.0,20.0,6.0,5,3,100
4,75.0,9.051,36.2,9.0512,7.034,14.068,6.0,22.76,0.0,20.0,6.343,6.0,20.0,6.0,5,3,150
5,60.0,6.041,30.2,6.041,3.517,14.068,6.0,18.49,0.0,20.0,3.639,6.0,20.0,6.0,5,3,200
5,60.0,6.041,30.2,6.041,3.517,14.068,6.0,18.49,0.0,20.0,3.639,6.0,20.0,6.0,5,3,300
6,66.7,5.804,34.82,5.8038,3.902,11.706,6.0,16.31,0.0,20.0,3.492,6.0,20.0,6.0,5,3,500
6,66.7,5.804,34.82,5.8038,3.902,11.706,6.0,16.31,0.0,20.0,3.492,6.0,20.0,6.0,5,3,1000
3,66.7,5.402,16.2,5.4017,3.701,11.102,6.0,8.25,0.0,20.0,4.562,6.0,20.0,6.0,5,4,100
4,75.0,9.051,36.2,9.0512,7.034,14.068,6.0,22.76,0.0,20.0,6.343,6.0,20.0,6.0,5,4,150
5,60.0,6.041,30.2,6.041,3.517,14.068,6.0,18.49,0.0,20.0,3.639,6.0,20.0,6.0,5,4,200
5,60.0,6.041,30.2,6.041,3.517,14.068,6.0,18.49,0.0,20.0,3.639,6.0,20.0,6.0,5,4,300
6,66.7,6.149,36.89,6.1488,4.074,12.223,6.0,17.08,0.0,20.0,3.703,6.0,20.0,6.0,5,4,500
6,66.7,6.149,36.89,6.1488,4.074,12.223,6.0,17.08,0.0,20.0,3.703,6.0,20.0,6.0,5,4,1000
3,66.7,5.402,16.2,5.4017,3.701,11.102,6.0,8.25,0.0,20.0,4.562,6.0,20.0,6.0,5,5,100
4,75.0,9.051,36.2,9.0512,7.034,14.068,6.0,22.76,0.0,20.0,6.343,6.0,20.0,6.0,5,5,150
5,60.0,6.041,30.2,6.041,3.517,14.068,6.0,18.49,0.0,20.0,3.639,6.0,20.0,6.0,5,5,200
5,60.0,6.041,30.2,6.041,3.517,14.068,6.0,18.49,0.0,20.0,3.639,6.0,20.0,6.0,5,5,300
6,66.7,6.68,40.08,6.6797,4.34,13.02,6.0,17.21,0.0,20.0,3.989,6.0,20.0,6.0,5,5,500
6,66.7,6.68,40.08,6.6797,4.34,13.02,6.0,17.21,0.0,20.0,3.989,6.0,20.0,6.0,5,5,1000
3,66.7,5.898,17.7,5.8983,3.949,11.848,6.0,8.25,0.0,20.0,5.039,6.0,20.0,6.0,5,7,100
4,75.0,9.424,37.7,9.4238,7.282,14.565,6.0,22.76,0.0,20.0,6.728,6.0,20.0,6.0,5,7,150
5,60.0,6.339,31.7,6.339,3.641,14.565,6.0,18.49,0.0,20.0,3.846,6.0,20.0,6.0,5,7,200
5,60.0,6.339,31.7,6.339,3.641,14.565,6.0,18.49,0.0,20.0,3.846,6.0,20.0,6.0,5,7,300
6,66.7,6.583,39.5,6.583,4.292,12.874,6.0,17.21,0.0,20.0,3.988,6.0,20.0,6.0,5,7,500
6,66.7,6.583,39.5,6.583,4.292,12.874,6.0,17.21,0.0,20.0,3.988,6.0,20.0,6.0,5,7,1000
3,33.3,1.0,3.0,1.0,2.5,5.0,1.0,6.84,0.0,5.0,3.113,2.0,5.0,2.0,10,1,100
4,50.0,2.0,8.0,2.0,5.0,5.0,1.0,7.15,0.0,5.0,5.15,2.0,5.0,2.0,10,1,150
5,40.0,1.2,6.0,1.2,2.5,5.0,1.333,5.78,0.0,5.0,2.673,2.0,5.0,2.0,10,1,200
5,40.0,1.2,6.0,1.2,2.5,5.0,1.333,5.78,0.0,5.0,2.673,2.0,5.0,2.0,10,1,300
5,40.0,1.2,6.0,1.2,2.5,5.0,1.333,5.78,0.0,5.0,2.673,2.0,5.0,2.0,10,1,500
5,40.0,1.2,6.0,1.2,2.5,5.0,1.333,5.78,0.0,5.0,2.673,2.0,5.0,2.0,10,1,1000
3,33.3,1.0,3.0,1.0,2.5,5.0,1.0,6.84,0.0,5.0,3.113,2.0,5.0,2.0,10,2,100
4,50.0,2.0,8.0,2.0,5.0,5.0,1.0,7.15,0.0,5.0,5.15,2.0,5.0,2.0,10,2,150
5,40.0,1.2,6.0,1.2,2.5,5.0,1.333,5.78,0.0,5.0,2.673,2.0,5.0,2.0,10,2,200
5,40.0,1.2,6.0,1.2,2.5,5.0,1.333,5.78,0.0,5.0,2.673,2.0,5.0,2.0,10,2,300
5,40.0,1.2,6.0,1.2,2.5,5.0,1.333,5.78,0.0,5.0,2.673,2.0,5.0,2.0,10,2,500
5,40.0,1.2,6.0,1.2,2.5,5.0,1.333,5.78,0.0,5.0,2.673,2.0,5.0,2.0,10,2,1000
3,66.7,1.735,5.21,1.735,3.603,3.603,2.0,8.25,0.0,5.0,5.527,2.0,5.0,2.0,10,3,100
4,75.0,2.551,10.21,2.5513,6.103,4.068,2.0,8.21,0.0,5.0,7.069,2.0,5.0,2.0,10,3,150
5,60.0,1.641,8.21,1.641,3.051,4.068,2.0,6.63,0.0,5.0,3.706,2.0,5.0,2.0,10,3,200
5,60.0,1.641,8.21,1.641,3.051,4.068,2.0,6.63,0.0,5.0,3.706,2.0,5.0,2.0,10,3,300
5,60.0,1.641,8.21,1.641,3.051,4.068,2.0,6.63,0.0,5.0,3.706,2.0,5.0,2.0,10,3,500
5,60.0,1.641,8.21,1.641,3.051,4.068,2.0,6.63,0.0,5.0,3.706,2.0,5.0,2.0,10,3,1000
3,66.7,1.735,5.21,1.735,3.603,3.603,2.0,8.25,0.0,5.0,5.527,2.0,5.0,2.0,10,4,100
4,75.0,2.551,10.21,2.5513,6.103,4.068,2.0,8.21,0.0,5.0,7.069,2.0,5.0,2.0,10,4,150
5,60.0,1.641,8.21,1.641,3.051,4.068,2.0,6.63,0.0,5.0,3.706,2.0,5.0,2.0,10,4,200
5,60.0,1.641,8.21,1.641,3.051,4.068,2.0,6.63,0.0,5.0,3.706,2.0,5.0,2.0,10,4,300
5,60.0,1.641,8.21,1.641,3.051,4.068,2.0,6.63,0.0,5.0,3.706,2.0,5.0,2.0,10,4,500
5,60.0,1.641,8.21,1.641,3.051,4.068,2.0,6.63,0.0,5.0,3.706,2.0,5.0,2.0,10,4,1000
3,66.7,1.735,5.21,1.735,3.603,3.603,2.0,8.25,0.0,5.0,5.527,2.0,5.0,2.0,10,5,100
4,75.0,2.551,10.21,2.5513,6.103,4.068,2.0,8.21,0.0,5.0,7.069,2.0,5.0,2.0,10,5,150
5,60.0,1.641,8.21,1.641,3.051,4.068,2.0,6.63,0.0,5.0,3.706,2.0,5.0,2.0,10,5,200
5,60.0,1.641,8.21,1.641,3.051,4.068,2.0,6.63,0.0,5.0,3.706,2.0,5.0,2.0,10,5,300
5,60.0,1.641,8.21,1.641,3.051,4.068,2.0,6.63,0.0,5.0,3.706,2.0,5.0,2.0,10,5,500
5,60.0,1.641,8.21,1.641,3.051,4.068,2.0,6.63,0.0,5.0,3.706,2.0,5.0,2.0,10,5,1000
3,66.7,2.232,6.7,2.2317,4.348,4.348,2.0,8.25,0.0,5.0,6.73,2.0,5.0,2.0,10,7,100
4,75.0,2.924,11.7,2.9238,6.848,4.565,2.0,8.21,0.0,5.0,8.024,2.0,5.0,2.0,10,7,150
5,60.0,1.939,9.7,1.939,3.424,4.565,2.0,6.63,0.0,5.0,4.234,2.0,5.0,2.0,10,7,200
5,60.0,1.939,9.7,1.939,3.424,4.565,2.0,6.63,0.0,5.0,4.234,2.0,5.0,2.0,10,7,300
5,60.0,1.939,9.7,1.939,3.424,4.565,2.0,6.63,0.0,5.0,4.234,2.0,5.0,2.0,10,7,500
5,60.0,1.939,9.7,1.939,3.424,4.565,2.0,6.63,0.0,5.0,4.234,2.0,5.0,2.0,10,7,1000
3,33.3,0.667,2.0,0.6667,1.667,5.0,1.5,6.84,0.0,5.0,1.852,3.0,5.0,3.0,10,1,100
4,50.0,1.75,7.0,1.75,3.333,5.0,1.5,7.15,0.0,5.0,4.063,3.0,5.0,3.0,10,1,150
5,40.0,1.243,6.21,1.2428,2.641,5.0,1.262,5.78,0.0,5.0,2.739,3.0,5.0,3.0,10,1,200
5,40.0,1.243,6.21,1.2428,2.641,5.0,1.262,5.78,0.0,5.0,2.739,3.0,5.0,3.0,10,1,300
5,40.0,1.243,6.21,1.2428,2.641,5.0,1.262,5.78,0.0,5.0,2.739,3.0,5.0,3.0,10,1,500
5,40.0,1.243,6.21,1.2428,2.641,5.0,1.262,5.78,0.0,5.0,2.739,3.0,5.0,3.0,10,1,1000
3,33.3,0.667,2.0,0.6667,1.667,5.0,1.5,6.84,0.0,5.0,1.852,3.0,5.0,3.0,10,2,100
4,50.0,1.75,7.0,1.75,3.333,5.0,1.5,7.15,0.0,5.0,4.063,3.0,5.0,3.0,10,2,150
5,40.0,1.369,6.84,1.3686,3.168,5.0,1.052,5.97,0.0,5.0,3.083,3.0,5.0,3.0,10,2,200
5,40.0,1.369,6.84,1.3686,3.168,5.0,1.052,5.97,0.0,5.0,3.083,3.0,5.0,3.0,10,2,300
5,40.0,1.369,6.84,1.3686,3.168,5.0,1.052,5.97,0.0,5.0,3.083,3.0,5.0,3.0,10,2,500
5,40.0,1.369,6.84,1.3686,3.168,5.0,1.052,5.97,0.0,5.0,3.083,3.0,5.0,3.0,10,2,1000
3,66.7,1.402,4.21,1.4017,2.402,3.603,3.0,8.25,0.0,5.0,3.875,3.0,5.0,3.0,10,3,100
4,75.0,2.301,9.21,2.3013,4.068,4.068,3.0,8.21,0.0,5.0,5.592,3.0,5.0,3.0,10,3,150
5,60.0,1.241,6.21,1.241,2.034,4.068,3.0,6.85,0.0,5.0,2.44,3.0,5.0,3.0,10,3,200
5,60.0,1.241,6.21,1.241,2.034,4.068,3.0,6.85,0.0,5.0,2.44,3.0,5.0,3.0,10,3,300
5,60.0,1.241,6.21,1.241,2.034,4.068,3.0,6.85,0.0,5.0,2.44,3.0,5.0,3.0,10,3,500
5,60.0,1.241,6.21,1.241,2.034,4.068,3.0,6.85,0.0,5.0,2.44,3.0,5.0,3.0,10,3,1000
3,66.7,1.402,4.21,1.4017,2.402,3.603,3.0,8.25,0.0,5.0,3.875,3.0,5.0,3.0,10,4,100
4,75.0,2.301,9.21,2.3013,4.068,4.068,3.0,8.21,0.0,5.0,5.592,3.0,5.0,3.0,10,4,150
5,60.0,1.241,6.21,1.241,2.034,4.068,3.0,6.85,0.0,5.0,2.44,3.0,5.0,3.0,10,4,200
5,60.0,1.241,6.21,1.241,2.034,4.068,3.0,6.85,0.0,5.0,2.44,3.0,5.0,3.0,10,4,300
5,60.0,1.241,6.21,1.241,2.034,4.068,3.0,6.85,0.0,5.0,2.44,3.0,5.0,3.0,10,4,500
5,60.0,1.241,6.21,1.241,2.034,4.068,3.0,6.85,0.0,5.0,2.44,3.0,5.0,3.0,10,4,1000
3,66.7,1.402,4.21,1.4017,2.402,3.603,3.0,8.25,0.0,5.0,3.875,3.0,5.0,3.0,10,5,100
4,75.0,2.301,9.21,2.3013,4.068,4.068,3.0,8.21,0.0,5.0,5.592,3.0,5.0,3.0,10,5,150
5,60.0,1.241,6.21,1.241,2.034,4.068,3.0,6.85,0.0,5.0,2.44,3.0,5.0,3.0,10,5,200
5,60.0,1.241,6.21,1.241,2.034,4.068,3.0,6.85,0.0,5.0,2.44,3.0,5.0,3.0,10,5,300
5,60.0,1.241,6.21,1.241,2.034,4.068,3.0,6.85,0.0,5.0,2.44,3.0,5.0,3.0,10,5,500
5,60.0,1.241,6.21,1.241,2.034,4.068,3.0,6.85,0.0,5.0,2.44,3.0,5.0,3.0,10,5,1000
3,66.7,1.898,5.7,1.8983,2.898,4.348,3.0,8.25,0.0,5.0,4.965,3.0,5.0,3.0,10,7,100
4,75.0,2.674,10.7,2.6738,4.565,4.565,3.0,8.21,0.0,5.0,6.395,3.0,5.0,3.0,10,7,150
5,60.0,1.539,7.7,1.539,2.283,4.565,3.0,6.85,0.0,5.0,2.924,3.0,5.0,3.0,10,7,200
5,60.0,1.539,7.7,1.539,2.283,4.565,3.0,6.85,0.0,5.0,2.924,3.0,5.0,3.0,10,7,300
5,60.0,1.539,7.7,1.539,2.283,4.565,3.0,6.85,0.0,5.0,2.924,3.0,5.0,3.0,10,7,500
5,60.0,1.539,7.7,1.539,2.283,4.565,3.0,6.85,0.0,5.0,2.924,3.0,5.0,3.0,10,7,1000
3,66.7,1.843,5.53,1.843,99.0,2.764,0.0,6.84,0.0,5.0,7.532,0,5.0,4.0,10,1,100
4,75.0,2.632,10.53,2.6322,99.0,3.51,0.0,7.15,0.0,5.0,8.797,0,5.0,4.0,10,1,150
5,60.0,1.949,9.74,1.9486,13.396,3.51,0.393,5.78,0.0,5.0,5.476,0.79,5.0,4.0,10,1,200
5,60.0,1.949,9.74,1.9486,13.396,3.51,0.393,5.78,0.0,5.0,5.476,0.79,5.0,4.0,10,1,300
5,60.0,1.949,9.74,1.9486,13.396,3.51,0.393,5.78,0.0,5.0,5.476,0.79,5.0,4.0,10,1,500
5,60.0,1.949,9.74,1.9486,13.396,3.51,0.393,5.78,0.0,5.0,5.476,0.79,5.0,4.0,10,1,1000
3,66.7,1.843,5.53,1.843,99.0,2.764,0.0,6.84,0.0,5.0,7.532,0,5.0,4.0,10,2,100
4,75.0,2.632,10.53,2.6322,99.0,3.51,0.0,7.15,0.0,5.0,8.797,0,5.0,4.0,10,2,150
5,60.0,2.074,10.37,2.0744,67.064,3.51,0.079,5.97,0.0,5.0,6.137,0.16,5.0,4.0,10,2,200
5,60.0,2.074,10.37,2.0744,67.064,3.51,0.079,5.97,0.0,5.0,6.137,0.16,5.0,4.0,10,2,300
5,60.0,2.074,10.37,2.0744,67.064,3.51,0.079,5.97,0.0,5.0,6.137,0.16,5.0,4.0,10,2,500
5,60.0,2.074,10.37,2.0744,67.064,3.51,0.079,5.97,0.0,5.0,6.137,0.16,5.0,4.0,10,2,1000
3,66.7,1.068,3.21,1.0683,1.801,3.603,4.0,8.25,0.0,5.0,2.603,4.0,5.0,4.0,10,3,100
4,75.0,2.051,8.21,2.0513,3.051,4.068,4.0,8.21,0.0,5.0,4.43,4.0,5.0,4.0,10,3,150
5,60.0,0.841,4.21,0.841,1.526,4.068,4.0,6.85,0.0,5.0,1.463,4.0,5.0,4.0,10,3,200
5,60.0,0.841,4.21,0.841,1.526,4.068,4.0,6.85,0.0,5.0,1.463,4.0,5.0,4.0,10,3,300
5,60.0,0.841,4.21,0.841,1.526,4.068,4.0,6.85,0.0,5.0,1.463,4.0,5.0,4.0,10,3,500
5,60.0,0.841,4.21,0.841,1.526,4.068,4.0,6.85,0.0,5.0,1.463,4.0,5.0,4.0,10,3,1000
3,66.7,1.068,3.21,1.0683,1.801,3.603,4.0,8.25,0.0,5.0,2.603,4.0,5.0,4.0,10,4,100
4,75.0,2.051,8.21,2.0513,3.051,4.068,4.0,8.21,0.0,5.0,4.43,4.0,5.0,4.0,10,4,150
5,60.0,0.841,4.21,0.841,1.526,4.068,4.0,6.85,0.0,5.0,1.463,4.0,5.0,4.0,10,4,200
5,60.0,0.841,4.21,0.841,1.526,4.068,4.0,6.85,0.0,5.0,1.463,4.0,5.0,4.0,10,4,300
5,60.0,0.841,4.21,0.841,1.526,4.068,4.0,6.85,0.0,5.0,1.463,4.0,5.0,4.0,10,4,500
5,60.0,0.841,4.21,0.841,1.526,4.068,4.0,6.85,0.0,5.0,1.463,4.0,5.0,4.0,10,4,1000
3,66.7,1.068,3.21,1.0683,1.801,3.603,4.0,8.25,0.0,5.0,2.603,4.0,5.0,4.0,10,5,100
4,75.0,2.051,8.21,2.0513,3.051,4.068,4.0,8.21,0.0,5.0,4.43,4.0,5.0,4.0,10,5,150
5,60.0,0.841,4.21,0.841,1.526,4.068,4.0,6.85,0.0,5.0,1.463,4.0,5.0,4.0,10,5,200
5,60.0,0.841,4.21,0.841,1.526,4.068,4.0,6.85,0.0,5.0,1.463,4.0,5.0,4.0,10,5,300
5,60.0,0.841,4.21,0.841,1.526,4.068,4.0,6.85,0.0,5.0,1.463,4.0,5.0,4.0,10,5,500
5,60.0,0.841,4.21,0.841,1.526,4.068,4.0,6.85,0.0,5.0,1.463,4.0,5.0,4.0,10,5,1000
3,66.7,1.565,4.7,1.565,2.174,4.348,4.0,8.25,0.0,5.0,3.612,4.0,5.0,4.0,10,7,100
4,75.0,2.424,9.7,2.4238,3.424,4.565,4.0,8.21,0.0,5.0,5.134,4.0,5.0,4.0,10,7,150
5,60.0,1.139,5.7,1.139,1.712,4.565,4.0,6.85,0.0,5.0,1.915,4.0,5.0,4.0,10,7,200
5,60.0,1.139,5.7,1.139,1.712,4.565,4.0,6.85,0.0,5.0,1.915,4.0,5.0,4.0,10,7,300
5,60.0,1.139,5.7,1.139,1.712,4.565,4.0,6.85,0.0,5.0,1.915,4.0,5.0,4.0,10,7,500
5,60.0,1.139,5.7,1.139,1.712,4.565,4.0,6.85,0.0,5.0,1.915,4.0,5.0,4.0,10,7,1000
3,33.3,2.0,6.0,2.0,4.0,8.0,1.0,6.84,0.0,8.0,4.243,2.0,8.0,2.0,10,1,100
4,50.0,3.5,14.0,3.5,8.0,8.0,1.0,7.15,0.0,8.0,6.099,2.0,8.0,2.0,10,1,150
5,40.0,2.4,12.0,2.4,4.0,8.0,1.333,5.78,0.0,8.0,3.68,2.0,8.0,2.0,10,1,200
5,40.0,2.4,12.0,2.4,4.0,8.0,1.333,5.78,0.0,8.0,3.68,2.0,8.0,2.0,10,1,300
5,40.0,2.4,12.0,2.4,4.0,8.0,1.333,5.78,0.0,8.0,3.68,2.0,8.0,2.0,10,1,500
5,40.0,2.4,12.0,2.4,4.0,8.0,1.333,5.78,0.0,8.0,3.68,2.0,8.0,2.0,10,1,1000
3,33.3,2.0,6.0,2.0,4.0,8.0,1.0,6.84,0.0,8.0,4.243,2.0,8.0,2.0,10,2,100
4,50.0,3.5,14.0,3.5,8.0,8.0,1.0,7.15,0.0,8.0,6.099,2.0,8.0,2.0,10,2,150
5,40.0,2.4,12.0,2.4,4.0,8.0,1.333,5.78,0.0,8.0,3.68,2.0,8.0,2.0,10,2,200
5,40.0,2.4,12.0,2.4,4.0,8.0,1.333,5.78,0.0,8.0,3.68,2.0,8.0,2.0,10,2,300
5,40.0,2.4,12.0,2.4,4.0,8.0,1.333,5.78,0.0,8.0,3.68,2.0,8.0,2.0,10,2,500
5,40.0,2.4,12.0,2.4,4.0,8.0,1.333,5.78,0.0,8.0,3.68,2.0,8.0,2.0,10,2,1000
3,66.7,2.735,8.21,2.735,5.103,5.103,2.0,8.25,0.0,8.0,6.114,2.0,8.0,2.0,10,3,100
4,75.0,4.051,16.2,4.0512,9.102,6.068,2.0,8.21,0.0,8.0,7.621,2.0,8.0,2.0,10,3,150
5,60.0,2.841,14.21,2.841,4.551,6.068,2.0,6.63,0.0,8.0,4.499,2.0,8.0,2.0,10,3,200
5,60.0,2.841,14.21,2.841,4.551,6.068,2.0,6.63,0.0,8.0,4.499,2.0,8.0,2.0,10,3,300
5,60.0,2.841,14.21,2.841,4.551,6.068,2.0,6.63,0.0,8.0,4.499,2.0,8.0,2.0,10,3,500
5,60.0,2.841,14.21,2.841,4.551,6.068,2.0,6.63,0.0,8.0,4.499,2.0,8.0,2.0,10,3,1000
3,66.7,2.735,8.21,2.735,5.103,5.103,2.0,8.25,0.0,8.0,6.114,2.0,8.0,2.0,10,4,100
4,75.0,4.051,16.2,4.0512,9.102,6.068,2.0,8.21,0.0,8.0,7.621,2.0,8.0,2.0,10,4,150
5,60.0,2.841,14.21,2.841,4.551,6.068,2.0,6.63,0.0,8.0,4.499,2.0,8.0,2.0,10,4,200
5,60.0,2.841,14.21,2.841,4.551,6.068,2.0,6.63,0.0,8.0,4.499,2.0,8.0,2.0,10,4,300
5,60.0,2.841,14.21,2.841,4.551,6.068,2.0,6.63,0.0,8.0,4.499,2.0,8.0,2.0,10,4,500
5,60.0,2.841,14.21,2.841,4.551,6.068,2.0,6.63,0.0,8.0,4.499,2.0,8.0,2.0,10,4,1000
3,66.7,2.735,8.21,2.735,5.103,5.103,2.0,8.25,0.0,8.0,6.114,2.0,8.0,2.0,10,5,100
4,75.0,4.051,16.2,4.0512,9.102,6.068,2.0,8.21,0.0,8.0,7.621,2.0,8.0,2.0,10,5,150
5,60.0,2.841,14.21,2.841,4.551,6.068,2.0,6.63,0.0,8.0,4.499,2.0,8.0,2.0,10,5,200
5,60.0,2.841,14.21,2.841,4.551,6.068,2.0,6.63,0.0,8.0,4.499,2.0,8.0,2.0,10,5,300
5,60.0,2.841,14.21,2.841,4.551,6.068,2.0,6.63,0.0,8.0,4.499,2.0,8.0,2.0,10,5,500
5,60.0,2.841,14.21,2.841,4.551,6.068,2.0,6.63,0.0,8.0,4.499,2.0,8.0,2.0,10,5,1000
3,66.7,3.232,9.7,3.2317,5.848,5.848,2.0,8.25,0.0,8.0,7.232,2.0,8.0,2.0,10,7,100
4,75.0,4.424,17.7,4.4238,9.848,6.565,2.0,8.21,0.0,8.0,8.555,2.0,8.0,2.0,10,7,150
5,60.0,3.139,15.7,3.139,4.924,6.565,2.0,6.63,0.0,8.0,4.973,2.0,8.0,2.0,10,7,200
5,60.0,3.139,15.7,3.139,4.924,6.565,2.0,6.63,0.0,8.0,4.973,2.0,8.0,2.0,10,7,300
5,60.0,3.139,15.7,3.139,4.924,6.565,2.0,6.63,0.0,8.0,4.973,2.0,8.0,2.0,10,7,500
5,60.0,3.139,15.7,3.139,4.924,6.565,2.0,6.63,0.0,8.0,4.973,2.0,8.0,2.0,10,7,1000
3,33.3,1.667,5.0,1.6667,2.667,8.0,1.5,6.84,0.0,8.0,3.29,3.0,8.0,3.0,10,1,100
4,50.0,3.25,13.0,3.25,5.333,8.0,1.5,7.15,0.0,8.0,5.3,3.0,8.0,3.0,10,1,150
5,40.0,2.443,12.21,2.4428,4.226,8.0,1.262,5.78,0.0,8.0,3.735,3.0,8.0,3.0,10,1,200
5,40.0,2.443,12.21,2.4428,4.226,8.0,1.262,5.78,0.0,8.0,3.735,3.0,8.0,3.0,10,1,300
5,40.0,2.443,12.21,2.4428,4.226,8.0,1.262,5.78,0.0,8.0,3.735,3.0,8.0,3.0,10,1,500
5,40.0,2.443,12.21,2.4428,4.226,8.0,1.262,5.78,0.0,8.0,3.735,3.0,8.0,3.0,10,1,1000
3,33.3,1.667,5.0,1.6667,2.667,8.0,1.5,6.84,0.0,8.0,3.29,3.0,8.0,3.0,10,2,100
4,50.0,3.25,13.0,3.25,5.333,8.0,1.5,7.15,0.0,8.0,5.3,3.0,8.0,3.0,10,2,150
5,40.0,2.569,12.84,2.5686,5.068,8.0,1.052,5.97,0.0,8.0,3.998,3.0,8.0,3.0,10,2,200
5,40.0,2.569,12.84,2.5686,5.068,8.0,1.052,5.97,0.0,8.0,3.998,3.0,8.0,3.0,10,2,300
5,40.0,2.569,12.84,2.5686,5.068,8.0,1.052,5.97,0.0,8.0,3.998,3.0,8.0,3.0,10,2,500
5,40.0,2.569,12.84,2.5686,5.068,8.0,1.052,5.97,0.0,8.0,3.998,3.0,8.0,3.0,10,2,1000
3,66.7,2.402,7.21,2.4017,3.402,5.103,3.0,8.25,0.0,8.0,4.899,3.0,8.0,3.0,10,3,100
4,75.0,3.801,15.21,3.8012,6.068,6.068,3.0,8.21,0.0,8.0,6.581,3.0,8.0,3.0,10,3,150
5,60.0,2.441,12.21,2.441,3.034,6.068,3.0,6.85,0.0,8.0,3.522,3.0,8.0,3.0,10,3,200
5,60.0,2.441,12.21,2.441,3.034,6.068,3.0,6.85,0.0,8.0,3.522,3.0,8.0,3.0,10,3,300
5,60.0,2.441,12.21,2.441,3.034,6.068,3.0,6.85,0.0,8.0,3.522,3.0,8.0,3.0,10,3,500
5,60.0,2.441,12.21,2.441,3.034,6.068,3.0,6.85,0.0,8.0,3.522,3.0,8.0,3.0,10,3,1000
3,66.7,2.402,7.21,2.4017,3.402,5.103,3.0,8.25,0.0,8.0,4.899,3.0,8.0,3.0,10,4,100
4,75.0,3.801,15.21,3.8012,6.068,6.068,3.0,8.21,0.0,8.0,6.581,3.0,8.0,3.0,10,4,150
5,60.0,2.441,12.21,2.441,3.034,6.068,3.0,6.85,0.0,8.0,3.522,3.0,8.0,3.0,10,4,200
5,60.0,2.441,12.21,2.441,3.034,6.068,3.0,6.85,0.0,8.0,3.522,3.0,8.0,3.0,10,4,300
5,60.0,2.441,12.21,2.441,3.034,6.068,3.0,6.85,0.0,8.0,3.522,3.0,8.0,3.0,10,4,500
5,60.0,2.441,12.21,2.441,3.034,6.068,3.0,6.85,0.0,8.0,3.522,3.0,8.0,3.0,10,4,1000
3,66.7,2.402,7.21,2.4017,3.402,5.103,3.0,8.25,0.0,8.0,4.899,3.0,8.0,3.0,10,5,100
4,75.0,3.801,15.21,3.8012,6.068,6.068,3.0,8.21,0.0,8.0,6.581,3.0,8.0,3.0,10,5,150
5,60.0,2.441,12.21,2.441,3.034,6.068,3.0,6.85,0.0,8.0,3.522,3.0,8.0,3.0,10,5,200
5,60.0,2.441,12.21,2.441,3.034,6.068,3.0,6.85,0.0,8.0,3.522,3.0,8.0,3.0,10,5,300
5,60.0,2.441,12.21,2.441,3.034,6.068,3.0,6.85,0.0,8.0,3.522,3.0,8.0,3.0,10,5,500
5,60.0,2.441,12.21,2.441,3.034,6.068,3.0,6.85,0.0,8.0,3.522,3.0,8.0,3.0,10,5,1000
3,66.7,2.898,8.7,2.8983,3.898,5.848,3.0,8.25,0.0,8.0,5.869,3.0,8.0,3.0,10,7,100
4,75.0,4.174,16.7,4.1738,6.565,6.565,3.0,8.21,0.0,8.0,7.363,3.0,8.0,3.0,10,7,150
5,60.0,2.739,13.7,2.739,3.283,6.565,3.0,6.85,0.0,8.0,3.934,3.0,8.0,3.0,10,7,200
5,60.0,2.739,13.7,2.739,3.283,6.565,3.0,6.85,0.0,8.0,3.934,3.0,8.0,3.0,10,7,300
5,60.0,2.739,13.7,2.739,3.283,6.565,3.0,6.85,0.0,8.0,3.934,3.0,8.0,3.0,10,7,500
5,60.0,2.739,13.7,2.739,3.283,6.565,3.0,6.85,0.0,8.0,3.934,3.0,8.0,3.0,10,7,1000
3,66.7,2.843,8.53,2.843,99.0,4.264,0.0,6.84,0.0,8.0,7.133,0,8.0,4.0,10,1,100
4,75.0,4.132,16.53,4.1322,99.0,5.51,0.0,7.15,0.0,8.0,8.47,0,8.0,4.0,10,1,150
5,60.0,3.149,15.74,3.1486,21.029,5.51,0.393,5.78,0.0,8.0,5.612,0.79,8.0,4.0,10,1,200
5,60.0,3.149,15.74,3.1486,21.029,5.51,0.393,5.78,0.0,8.0,5.612,0.79,8.0,4.0,10,1,300
5,60.0,3.149,15.74,3.1486,21.029,5.51,0.393,5.78,0.0,8.0,5.612,0.79,8.0,4.0,10,1,500
5,60.0,3.149,15.74,3.1486,21.029,5.51,0.393,5.78,0.0,8.0,5.612,0.79,8.0,4.0,10,1,1000
3,66.7,2.843,8.53,2.843,99.0,4.264,0.0,6.84,0.0,8.0,7.133,0,8.0,4.0,10,2,100
4,75.0,4.132,16.53,4.1322,99.0,5.51,0.0,7.15,0.0,8.0,8.47,0,8.0,4.0,10,2,150
5,60.0,3.274,16.37,3.2744,99.0,5.51,0.079,5.97,0.0,8.0,6.014,0.16,8.0,4.0,10,2,200
5,60.0,3.274,16.37,3.2744,99.0,5.51,0.079,5.97,0.0,8.0,6.014,0.16,8.0,4.0,10,2,300
5,60.0,3.274,16.37,3.2744,99.0,5.51,0.079,5.97,0.0,8.0,6.014,0.16,8.0,4.0,10,2,500
5,60.0,3.274,16.37,3.2744,99.0,5.51,0.079,5.97,0.0,8.0,6.014,0.16,8.0,4.0,10,2,1000
3,66.7,2.068,6.21,2.0683,2.551,5.103,4.0,8.25,0.0,8.0,3.869,4.0,8.0,4.0,10,3,100
4,75.0,3.551,14.21,3.5512,4.551,6.068,4.0,8.21,0.0,8.0,5.683,4.0,8.0,4.0,10,3,150
5,60.0,2.041,10.21,2.041,2.276,6.068,4.0,6.85,0.0,8.0,2.7,4.0,8.0,4.0,10,3,200
5,60.0,2.041,10.21,2.041,2.276,6.068,4.0,6.85,0.0,8.0,2.7,4.0,8.0,4.0,10,3,300
5,60.0,2.041,10.21,2.041,2.276,6.068,4.0,6.85,0.0,8.0,2.7,4.0,8.0,4.0,10,3,500
5,60.0,2.041,10.21,2.041,2.276,6.068,4.0,6.85,0.0,8.0,2.7,4.0,8.0,4.0,10,3,1000
3,66.7,2.068,6.21,2.0683,2.551,5.103,4.0,8.25,0.0,8.0,3.869,4.0,8.0,4.0,10,4,100
4,75.0,3.551,14.21,3.5512,4.551,6.068,4.0,8.21,0.0,8.0,5.683,4.0,8.0,4.0,10,4,150
5,60.0,2.041,10.21,2.041,2.276,6.068,4.0,6.85,0.0,8.0,2.7,4.0,8.0,4.0,10,4,200
5,60.0,2.041,10.21,2.041,2.276,6.068,4.0,6.85,0.0,8.0,2.7,4.0,8.0,4.0,10,4,300
5,60.0,2.041,10.21,2.041,2.276,6.068,4.0,6.85,0.0,8.0,2.7,4.0,8.0,4.0,10,4,500
5,60.0,2.041,10.21,2.041,2.276,6.068,4.0,6.85,0.0,8.0,2.7,4.0,8.0,4.0,10,4,1000
3,66.7,2.068,6.21,2.0683,2.551,5.103,4.0,8.25,0.0,8.0,3.869,4.0,8.0,4.0,10,5,100
4,75.0,3.551,14.21,3.5512,4.551,6.068,4.0,8.21,0.0,8.0,5.683,4.0,8.0,4.0,10,5,150
5,60.0,2.041,10.21,2.041,2.276,6.068,4.0,6.85,0.0,8.0,2.7,4.0,8.0,4.0,10,5,200
5,60.0,2.041,10.21,2.041,2.276,6.068,4.0,6.85,0.0,8.0,2.7,4.0,8.0,4.0,10,5,300
5,60.0,2.041,10.21,2.041,2.276,6.068,4.0,6.85,0.0,8.0,2.7,4.0,8.0,4.0,10,5,500
5,60.0,2.041,10.21,2.041,2.276,6.068,4.0,6.85,0.0,8.0,2.7,4.0,8.0,4.0,10,5,1000
3,66.7,2.565,7.7,2.565,2.924,5.848,4.0,8.25,0.0,8.0,4.736,4.0,8.0,4.0,10,7,100
4,75.0,3.924,15.7,3.9238,4.924,6.565,4.0,8.21,0.0,8.0,6.355,4.0,8.0,4.0,10,7,150
5,60.0,2.339,11.7,2.339,2.462,6.565,4.0,6.85,0.0,8.0,3.07,4.0,8.0,4.0,10,7,200
5,60.0,2.339,11.7,2.339,2.462,6.565,4.0,6.85,0.0,8.0,3.07,4.0,8.0,4.0,10,7,300
5,60.0,2.339,11.7,2.339,2.462,6.565,4.0,6.85,0.0,8.0,3.07,4.0,8.0,4.0,10,7,500
5,60.0,2.339,11.7,2.339,2.462,6.565,4.0,6.85,0.0,8.0,3.07,4.0,8.0,4.0,10,7,1000
3,66.7,2.843,8.53,2.843,99.0,4.264,0.0,6.84,0.0,8.0,7.133,0,8.0,5.0,10,1,100
4,75.0,4.132,16.53,4.1322,99.0,5.51,0.0,7.15,0.0,8.0,8.47,0,8.0,5.0,10,1,150
5,60.0,3.149,15.74,3.1486,21.029,5.51,0.393,5.78,0.0,8.0,5.612,0.79,8.0,5.0,10,1,200
5,60.0,3.149,15.74,3.1486,21.029,5.51,0.393,5.78,0.0,8.0,5.612,0.79,8.0,5.0,10,1,300
5,60.0,3.149,15.74,3.1486,21.029,5.51,0.393,5.78,0.0,8.0,5.612,0.79,8.0,5.0,10,1,500
5,60.0,3.149,15.74,3.1486,21.029,5.51,0.393,5.78,0.0,8.0,5.612,0.79,8.0,5.0,10,1,1000
3,66.7,2.843,8.53,2.843,99.0,4.264,0.0,6.84,0.0,8.0,7.133,0,8.0,5.0,10,2,100
4,75.0,4.132,16.53,4.1322,99.0,5.51,0.0,7.15,0.0,8.0,8.47,0,8.0,5.0,10,2,150
5,60.0,3.274,16.37,3.2744,99.0,5.51,0.079,5.97,0.0,8.0,6.014,0.16,8.0,5.0,10,2,200
5,60.0,3.274,16.37,3.2744,99.0,5.51,0.079,5.97,0.0,8.0,6.014,0.16,8.0,5.0,10,2,300
5,60.0,3.274,16.37,3.2744,99.0,5.51,0.079,5.97,0.0,8.0,6.014,0.16,8.0,5.0,10,2,500
5,60.0,3.274,16.37,3.2744,99.0,5.51,0.079,5.97,0.0,8.0,6.014,0.16,8.0,5.0,10,2,1000
3,66.7,1.735,5.21,1.735,2.041,5.103,5.0,8.25,0.0,8.0,2.99,5.0,8.0,5.0,10,3,100
4,75.0,3.301,13.21,3.3012,3.641,6.068,5.0,8.21,0.0,8.0,4.902,5.0,8.0,5.0,10,3,150
5,60.0,1.641,8.21,1.641,1.82,6.068,5.0,6.85,0.0,8.0,2.001,5.0,8.0,5.0,10,3,200
5,60.0,1.641,8.21,1.641,1.82,6.068,5.0,6.85,0.0,8.0,2.001,5.0,8.0,5.0,10,3,300
5,60.0,1.641,8.21,1.641,1.82,6.068,5.0,6.85,0.0,8.0,2.001,5.0,8.0,5.0,10,3,500
5,60.0,1.641,8.21,1.641,1.82,6.068,5.0,6.85,0.0,8.0,2.001,5.0,8.0,5.0,10,3,1000
3,66.7,1.735,5.21,1.735,2.041,5.103,5.0,8.25,0.0,8.0,2.99,5.0,8.0,5.0,10,4,100
4,75.0,3.301,13.21,3.3012,3.641,6.068,5.0,8.21,0.0,8.0,4.902,5.0,8.0,5.0,10,4,150
5,60.0,1.641,8.21,1.641,1.82,6.068,5.0,6.85,0.0,8.0,2.001,5.0,8.0,5.0,10,4,200
5,60.0,1.641,8.21,1.641,1.82,6.068,5.0,6.85,0.0,8.0,2.001,5.0,8.0,5.0,10,4,300
5,60.0,1.641,8.21,1.641,1.82,6.068,5.0,6.85,0.0,8.0,2.001,5.0,8.0,5.0,10,4,500
5,60.0,1.641,8.21,1.641,1.82,6.068,5.0,6.85,0.0,8.0,2.001,5.0,8.0,5.0,10,4,1000
3,66.7,1.735,5.21,1.735,2.041,5.103,5.0,8.25,0.0,8.0,2.99,5.0,8.0,5.0,10,5,100
4,75.0,3.301,13.21,3.3012,3.641,6.068,5.0,8.21,0.0,8.0,4.902,5.0,8.0,5.0,10,5,150
5,60.0,1.641,8.21,1.641,1.82,6.068,5.0,6.85,0.0,8.0,2.001,5.0,8.0,5.0,10,5,200
5,60.0,1.641,8.21,1.641,1.82,6.068,5.0,6.85,0.0,8.0,2.001,5.0,8.0,5.0,10,5,300
5,60.0,1.641,8.21,1.641,1.82,6.068,5.0,6.85,0.0,8.0,2.001,5.0,8.0,5.0,10,5,500
5,60.0,1.641,8.21,1.641,1.82,6.068,5.0,6.85,0.0,8.0,2.001,5.0,8.0,5.0,10,5,1000
3,66.7,2.232,6.7,2.2317,2.339,5.848,5.0,8.25,0.0,8.0,3.783,5.0,8.0,5.0,10,7,100
4,75.0,3.674,14.7,3.6738,3.939,6.565,5.0,8.21,0.0,8.0,5.494,5.0,8.0,5.0,10,7,150
5,60.0,1.939,9.7,1.939,1.97,6.565,5.0,6.85,0.0,8.0,2.341,5.0,8.0,5.0,10,7,200
5,60.0,1.939,9.7,1.939,1.97,6.565,5.0,6.85,0.0,8.0,2.341,5.0,8.0,5.0,10,7,300
5,60.0,1.939,9.7,1.939,1.97,6.565,5.0,6.85,0.0,8.0,2.341,5.0,8.0,5.0,10,7,500
5,60.0,1.939,9.7,1.939,1.97,6.565,5.0,6.85,0.0,8.0,2.341,5.0,8.0,5.0,10,7,1000
3,66.7,2.843,8.53,2.843,99.0,4.264,0.0,6.84,0.0,8.0,7.133,0,8.0,6.0,10,1,100
4,75.0,4.132,16.53,4.1322,99.0,5.51,0.0,7.15,0.0,8.0,8.47,0,8.0,6.0,10,1,150
5,60.0,3.149,15.74,3.1486,21.029,5.51,0.393,5.78,0.0,8.0,5.612,0.79,8.0,6.0,10,1,200
5,60.0,3.149,15.74,3.1486,21.029,5.51,0.393,5.78,0.0,8.0,5.612,0.79,8.0,6.0,10,1,300
5,60.0,3.149,15.74,3.1486,21.029,5.51,0.393,5.78,0.0,8.0,5.612,0.79,8.0,6.0,10,1,500
5,60.0,3.149,15.74,3.1486,21.029,5.51,0.393,5.78,0.0,8.0,5.612,0.79,8.0,6.0,10,1,1000
3,66.7,2.843,8.53,2.843,99.0,4.264,0.0,6.84,0.0,8.0,7.133,0,8.0,6.0,10,2,100
4,75.0,4.132,16.53,4.1322,99.0,5.51,0.0,7.15,0.0,8.0,8.47,0,8.0,6.0,10,2,150
5,60.0,3.274,16.37,3.2744,99.0,5.51,0.079,5.97,0.0,8.0,6.014,0.16,8.0,6.0,10,2,200
5,60.0,3.274,16.37,3.2744,99.0,5.51,0.079,5.97,0.0,8.0,6.014,0.16,8.0,6.0,10,2,300
5,60.0,3.274,16.37,3.2744,99.0,5.51,0.079,5.97,0.0,8.0,6.014,0.16,8.0,6.0,10,2,500
5,60.0,3.274,16.37,3.2744,99.0,5.51,0.079,5.97,0.0,8.0,6.014,0.16,8.0,6.0,10,2,1000
3,66.7,1.402,4.21,1.4017,1.701,5.103,6.0,8.25,0.0,8.0,2.237,6.0,8.0,6.0,10,3,100
4,75.0,3.051,12.21,3.0512,3.034,6.068,6.0,8.21,0.0,8.0,4.222,6.0,8.0,6.0,10,3,150
5,60.0,1.241,6.21,1.241,1.517,6.068,6.0,6.85,0.0,8.0,1.403,6.0,8.0,6.0,10,3,200
5,60.0,1.241,6.21,1.241,1.517,6.068,6.0,6.85,0.0,8.0,1.403,6.0,8.0,6.0,10,3,300
5,60.0,1.241,6.21,1.241,1.517,6.068,6.0,6.85,0.0,8.0,1.403,6.0,8.0,6.0,10,3,500
5,60.0,1.241,6.21,1.241,1.517,6.068,6.0,6.85,0.0,8.0,1.403,6.0,8.0,6.0,10,3,1000
3,66.7,1.402,4.21,1.4017,1.701,5.103,6.0,8.25,0.0,8.0,2.237,6.0,8.0,6.0,10,4,100
4,75.0,3.051,12.21,3.0512,3.034,6.068,6.0,8.21,0.0,8.0,4.222,6.0,8.0,6.0,10,4,150
5,60.0,1.241,6.21,1.241,1.517,6.068,6.0,6.85,0.0,8.0,1.403,6.0,8.0,6.0,10,4,200
5,60.0,1.241,6.21,1.241,1.517,6.068,6.0,6.85,0.0,8.0,1.403,6.0,8.0,6.0,10,4,300
5,60.0,1.241,6.21,1.241,1.517,6.068,6.0,6.85,0.0,8.0,1.403,6.0,8.0,6.0,10,4,500
5,60.0,1.241,6.21,1.241,1.517,6.068,6.0,6.85,0.0,8.0,1.403,6.0,8.0,6.0,10,4,1000
3,66.7,1.402,4.21,1.4017,1.701,5.103,6.0,8.25,0.0,8.0,2.237,6.0,8.0,6.0,10,5,100
4,75.0,3.051,12.21,3.0512,3.034,6.068,6.0,8.21,0.0,8.0,4.222,6.0,8.0,6.0,10,5,150
5,60.0,1.241,6.21,1.241,1.517,6.068,6.0,6.85,0.0,8.0,1.403,6.0,8.0,6.0,10,5,200
5,60.0,1.241,6.21,1.241,1.517,6.068,6.0,6.85,0.0,8.0,1.403,6.0,8.0,6.0,10,5,300
5,60.0,1.241,6.21,1.241,1.517,6.068,6.0,6.85,0.0,8.0,1.403,6.0,8.0,6.0,10,5,500
5,60.0,1.241,6.21,1.241,1.517,6.068,6.0,6.85,0.0,8.0,1.403,6.0,8.0,6.0,10,5,1000
3,66.7,1.898,5.7,1.8983,1.949,5.848,6.0,8.25,0.0,8.0,2.972,6.0,8.0,6.0,10,7,100
4,75.0,3.424,13.7,3.4238,3.283,6.565,6.0,8.21,0.0,8.0,4.753,6.0,8.0,6.0,10,7,150
5,60.0,1.539,7.7,1.539,1.641,6.565,6.0,6.85,0.0,8.0,1.72,6.0,8.0,6.0,10,7,200
5,60.0,1.539,7.7,1.539,1.641,6.565,6.0,6.85,0.0,8.0,1.72,6.0,8.0,6.0,10,7,300
5,60.0,1.539,7.7,1.539,1.641,6.565,6.0,6.85,0.0,8.0,1.72,6.0,8.0,6.0,10,7,500
5,60.0,1.539,7.7,1.539,1.641,6.565,6.0,6.85,0.0,8.0,1.72,6.0,8.0,6.0,10,7,1000
3,33.3,2.667,8.0,2.6667,5.0,10.0,1.0,6.84,0.0,10.0,4.656,2.0,10.0,2.0,10,1,100
4,50.0,3.188,12.75,3.1878,7.376,7.376,1.0,7.15,0.0,10.0,5.459,2.0,10.0,2.0,10,1,150
5,40.0,2.15,10.75,2.1502,3.688,7.376,1.333,5.78,0.0,10.0,3.293,2.0,10.0,2.0,10,1,200
5,40.0,2.15,10.75,2.1502,3.688,7.376,1.333,5.78,0.0,10.0,3.293,2.0,10.0,2.0,10,1,300
5,40.0,2.15,10.75,2.1502,3.688,7.376,1.333,5.78,0.0,10.0,3.293,2.0,10.0,2.0,10,1,500
5,40.0,2.15,10.75,2.1502,3.688,7.376,1.333,5.78,0.0,10.0,3.293,2.0,10.0,2.0,10,1,1000
3,33.3,2.667,8.0,2.6667,5.0,10.0,1.0,6.84,0.0,10.0,4.656,2.0,10.0,2.0,10,2,100
4,50.0,4.5,18.0,4.5,10.0,10.0,1.0,21.7,0.0,10.0,6.441,2.0,10.0,2.0,10,2,150
5,40.0,3.2,16.0,3.2,5.0,10.0,1.333,17.42,0.0,10.0,4.057,2.0,10.0,2.0,10,2,200
5,40.0,3.2,16.0,3.2,5.0,10.0,1.333,17.42,0.0,10.0,4.057,2.0,10.0,2.0,10,2,300
5,40.0,3.2,16.0,3.2,5.0,10.0,1.333,17.42,0.0,10.0,4.057,2.0,10.0,2.0,10,2,500
5,40.0,3.2,16.0,3.2,5.0,10.0,1.333,17.42,0.0,10.0,4.057,2.0,10.0,2.0,10,2,1000
3,66.7,3.402,10.21,3.4017,6.103,6.103,2.0,8.25,0.0,10.0,6.271,2.0,10.0,2.0,10,3,100
4,75.0,5.051,20.2,5.0512,11.102,7.402,2.0,22.76,0.0,10.0,7.759,2.0,10.0,2.0,10,3,150
5,60.0,3.641,18.2,3.641,5.551,7.402,2.0,18.27,0.0,10.0,4.774,2.0,10.0,2.0,10,3,200
5,60.0,3.641,18.2,3.641,5.551,7.402,2.0,18.27,0.0,10.0,4.774,2.0,10.0,2.0,10,3,300
5,60.0,3.641,18.2,3.641,5.551,7.402,2.0,18.27,0.0,10.0,4.774,2.0,10.0,2.0,10,3,500
5,60.0,3.641,18.2,3.641,5.551,7.402,2.0,18.27,0.0,10.0,4.774,2.0,10.0,2.0,10,3,1000
3,66.7,3.402,10.21,3.4017,6.103,6.103,2.0,8.25,0.0,10.0,6.271,2.0,10.0,2.0,10,4,100
4,75.0,5.051,20.2,5.0512,11.102,7.402,2.0,22.76,0.0,10.0,7.759,2.0,10.0,2.0,10,4,150
5,60.0,3.641,18.2,3.641,5.551,7.402,2.0,18.27,0.0,10.0,4.774,2.0,10.0,2.0,10,4,200
5,60.0,3.641,18.2,3.641,5.551,7.402,2.0,18.27,0.0,10.0,4.774,2.0,10.0,2.0,10,4,300
5,60.0,3.641,18.2,3.641,5.551,7.402,2.0,18.27,0.0,10.0,4.774,2.0,10.0,2.0,10,4,500
5,60.0,3.641,18.2,3.641,5.551,7.402,2.0,18.27,0.0,10.0,4.774,2.0,10.0,2.0,10,4,1000
3,66.7,3.402,10.21,3.4017,6.103,6.103,2.0,8.25,0.0,10.0,6.271,2.0,10.0,2.0,10,5,100
4,75.0,5.051,20.2,5.0512,11.102,7.402,2.0,22.76,0.0,10.0,7.759,2.0,10.0,2.0,10,5,150
5,60.0,3.641,18.2,3.641,5.551,7.402,2.0,18.27,0.0,10.0,4.774,2.0,10.0,2.0,10,5,200
5,60.0,3.641,18.2,3.641,5.551,7.402,2.0,18.27,0.0,10.0,4.774,2.0,10.0,2.0,10,5,300
5,60.0,3.641,18.2,3.641,5.551,7.402,2.0,18.27,0.0,10.0,4.774,2.0,10.0,2.0,10,5,500
5,60.0,3.641,18.2,3.641,5.551,7.402,2.0,18.27,0.0,10.0,4.774,2.0,10.0,2.0,10,5,1000
3,66.7,3.898,11.7,3.8983,6.848,6.848,2.0,8.25,0.0,10.0,7.29,2.0,10.0,2.0,10,7,100
4,75.0,5.424,21.7,5.4238,11.848,7.898,2.0,22.76,0.0,10.0,8.611,2.0,10.0,2.0,10,7,150
5,60.0,3.939,19.7,3.939,5.924,7.898,2.0,18.27,0.0,10.0,5.209,2.0,10.0,2.0,10,7,200
5,60.0,3.939,19.7,3.939,5.924,7.898,2.0,18.27,0.0,10.0,5.209,2.0,10.0,2.0,10,7,300
5,60.0,3.939,19.7,3.939,5.924,7.898,2.0,18.27,0.0,10.0,5.209,2.0,10.0,2.0,10,7,500
5,60.0,3.939,19.7,3.939,5.924,7.898,2.0,18.27,0.0,10.0,5.209,2.0,10.0,2.0,10,7,1000
3,33.3,2.333,7.0,2.3333,3.333,10.0,1.5,6.84,0.0,10.0,3.848,3.0,10.0,3.0,10,1,100
4,50.0,2.938,11.75,2.9378,4.917,7.376,1.5,7.15,0.0,10.0,4.734,3.0,10.0,3.0,10,1,150
5,40.0,2.193,10.96,2.193,3.896,7.376,1.262,5.78,0.0,10.0,3.348,3.0,10.0,3.0,10,1,200
5,40.0,2.193,10.96,2.193,3.896,7.376,1.262,5.78,0.0,10.0,3.348,3.0,10.0,3.0,10,1,300
5,40.0,2.193,10.96,2.193,3.896,7.376,1.262,5.78,0.0,10.0,3.348,3.0,10.0,3.0,10,1,500
5,40.0,2.193,10.96,2.193,3.896,7.376,1.262,5.78,0.0,10.0,3.348,3.0,10.0,3.0,10,1,1000
3,33.3,2.333,7.0,2.3333,3.333,10.0,1.5,6.84,0.0,10.0,3.848,3.0,10.0,3.0,10,2,100
4,50.0,4.25,17.0,4.25,6.667,10.0,1.5,21.7,0.0,10.0,5.769,3.0,10.0,3.0,10,2,150
5,40.0,3.369,16.84,3.3686,6.335,10.0,1.052,17.61,0.0,10.0,4.333,3.0,10.0,3.0,10,2,200
5,40.0,3.369,16.84,3.3686,6.335,10.0,1.052,17.61,0.0,10.0,4.333,3.0,10.0,3.0,10,2,300
5,40.0,3.369,16.84,3.3686,6.335,10.0,1.052,17.61,0.0,10.0,4.333,3.0,10.0,3.0,10,2,500
5,40.0,3.369,16.84,3.3686,6.335,10.0,1.052,17.61,0.0,10.0,4.333,3.0,10.0,3.0,10,2,1000
3,66.7,3.068,9.21,3.0683,4.068,6.103,3.0,8.25,0.0,10.0,5.264,3.0,10.0,3.0,10,3,100
4,75.0,4.801,19.2,4.8012,7.402,7.402,3.0,22.76,0.0,10.0,6.91,3.0,10.0,3.0,10,3,150
5,60.0,3.241,16.2,3.241,3.701,7.402,3.0,18.49,0.0,10.0,3.942,3.0,10.0,3.0,10,3,200
5,60.0,3.241,16.2,3.241,3.701,7.402,3.0,18.49,0.0,10.0,3.942,3.0,10.0,3.0,10,3,300
5,60.0,3.241,16.2,3.241,3.701,7.402,3.0,18.49,0.0,10.0,3.942,3.0,10.0,3.0,10,3,500
5,60.0,3.241,16.2,3.241,3.701,7.402,3.0,18.49,0.0,10.0,3.942,3.0,10.0,3.0,10,3,1000
3,66.7,3.068,9.21,3.0683,4.068,6.103,3.0,8.25,0.0,10.0,5.264,3.0,10.0,3.0,10,4,100
4,75.0,4.801,19.2,4.8012,7.402,7.402,3.0,22.76,0.0,10.0,6.91,3.0,10.0,3.0,10,4,150
5,60.0,3.241,16.2,3.241,3.701,7.402,3.0,18.49,0.0,10.0,3.942,3.0,10.0,3.0,10,4,200
5,60.0,3.241,16.2,3.241,3.701,7.402,3.0,18.49,0.0,10.0,3.942,3.0,10.0,3.0,10,4,300
5,60.0,3.241,16.2,3.241,3.701,7.402,3.0,18.49,0.0,10.0,3.942,3.0,10.0,3.0,10,4,500
5,60.0,3.241,16.2,3.241,3.701,7.402,3.0,18.49,0.0,10.0,3.942,3.0,10.0,3.0,10,4,1000
3,66.7,3.068,9.21,3.0683,4.068,6.103,3.0,8.25,0.0,10.0,5.264,3.0,10.0,3.0,10,5,100
4,75.0,4.801,19.2,4.8012,7.402,7.402,3.0,22.76,0.0,10.0,6.91,3.0,10.0,3.0,10,5,150
5,60.0,3.241,16.2,3.241,3.701,7.402,3.0,18.49,0.0,10.0,3.942,3.0,10.0,3.0,10,5,200
5,60.0,3.241,16.2,3.241,3.701,7.402,3.0,18.49,0.0,10.0,3.942,3.0,10.0,3.0,10,5,300
5,60.0,3.241,16.2,3.241,3.701,7.402,3.0,18.49,0.0,10.0,3.942,3.0,10.0,3.0,10,5,500
5,60.0,3.241,16.2,3.241,3.701,7.402,3.0,18.49,0.0,10.0,3.942,3.0,10.0,3.0,10,5,1000
3,66.7,3.565,10.7,3.565,4.565,6.848,3.0,8.25,0.0,10.0,6.156,3.0,10.0,3.0,10,7,100
4,75.0,5.174,20.7,5.1738,7.898,7.898,3.0,22.76,0.0,10.0,7.639,3.0,10.0,3.0,10,7,150
5,60.0,3.539,17.7,3.539,3.949,7.898,3.0,18.49,0.0,10.0,4.321,3.0,10.0,3.0,10,7,200
5,60.0,3.539,17.7,3.539,3.949,7.898,3.0,18.49,0.0,10.0,4.321,3.0,10.0,3.0,10,7,300
5,60.0,3.539,17.7,3.539,3.949,7.898,3.0,18.49,0.0,10.0,4.321,3.0,10.0,3.0,10,7,500
5,60.0,3.539,17.7,3.539,3.949,7.898,3.0,18.49,0.0,10.0,4.321,3.0,10.0,3.0,10,7,1000
3,66.7,3.51,10.53,3.5097,99.0,5.264,0.0,6.84,0.0,10.0,7.001,0,10.0,4.0,10,1,100
4,75.0,3.82,15.28,3.82,99.0,5.093,0.0,7.15,0.0,10.0,7.552,0,10.0,4.0,10,1,150
5,60.0,2.899,14.49,2.8988,19.44,5.093,0.393,5.78,0.0,10.0,5.099,0.79,10.0,4.0,10,1,200
5,60.0,2.899,14.49,2.8988,19.44,5.093,0.393,5.78,0.0,10.0,5.099,0.79,10.0,4.0,10,1,300
5,60.0,2.899,14.49,2.8988,19.44,5.093,0.393,5.78,0.0,10.0,5.099,0.79,10.0,4.0,10,1,500
5,60.0,2.899,14.49,2.8988,19.44,5.093,0.393,5.78,0.0,10.0,5.099,0.79,10.0,4.0,10,1,1000
3,66.7,3.51,10.53,3.5097,99.0,5.264,0.0,6.84,0.0,10.0,7.001,0,10.0,4.0,10,2,100
4,75.0,5.132,20.53,5.1322,99.0,6.843,0.0,21.7,0.0,10.0,8.362,0,10.0,4.0,10,2,150
5,60.0,4.074,20.37,4.0744,99.0,6.843,0.079,17.61,0.0,10.0,5.972,0.16,10.0,4.0,10,2,200
5,60.0,4.074,20.37,4.0744,99.0,6.843,0.079,17.61,0.0,10.0,5.972,0.16,10.0,4.0,10,2,300
5,60.0,4.074,20.37,4.0744,99.0,6.843,0.079,17.61,0.0,10.0,5.972,0.16,10.0,4.0,10,2,500
5,60.0,4.074,20.37,4.0744,99.0,6.843,0.079,17.61,0.0,10.0,5.972,0.16,10.0,4.0,10,2,1000
3,66.7,2.735,8.21,2.735,3.051,6.103,4.0,8.25,0.0,10.0,4.376,4.0,10.0,4.0,10,3,100
4,75.0,4.551,18.2,4.5512,5.551,7.402,4.0,22.76,0.0,10.0,6.15,4.0,10.0,4.0,10,3,150
5,60.0,2.841,14.21,2.841,2.776,7.402,4.0,18.49,0.0,10.0,3.217,4.0,10.0,4.0,10,3,200
5,60.0,2.841,14.21,2.841,2.776,7.402,4.0,18.49,0.0,10.0,3.217,4.0,10.0,4.0,10,3,300
5,60.0,2.841,14.21,2.841,2.776,7.402,4.0,18.49,0.0,10.0,3.217,4.0,10.0,4.0,10,3,500
5,60.0,2.841,14.21,2.841,2.776,7.402,4.0,18.49,0.0,10.0,3.217,4.0,10.0,4.0,10,3,1000
3,66.7,2.735,8.21,2.735,3.051,6.103,4.0,8.25,0.0,10.0,4.376,4.0,10.0,4.0,10,4,100
4,75.0,4.551,18.2,4.5512,5.551,7.402,4.0,22.76,0.0,10.0,6.15,4.0,10.0,4.0,10,4,150
5,60.0,2.841,14.21,2.841,2.776,7.402,4.0,18.49,0.0,10.0,3.217,4.0,10.0,4.0,10,4,200
5,60.0,2.841,14.21,2.841,2.776,7.402,4.0,18.49,0.0,10.0,3.217,4.0,10.0,4.0,10,4,300
5,60.0,2.841,14.21,2.841,2.776,7.402,4.0,18.49,0.0,10.0,3.217,4.0,10.0,4.0,10,4,500
5,60.0,2.841,14.21,2.841,2.776,7.402,4.0,18.49,0.0,10.0,3.217,4.0,10.0,4.0,10,4,1000
3,66.7,2.735,8.21,2.735,3.051,6.103,4.0,8.25,0.0,10.0,4.376,4.0,10.0,4.0,10,5,100
4,75.0,4.551,18.2,4.5512,5.551,7.402,4.0,22.76,0.0,10.0,6.15,4.0,10.0,4.0,10,5,150
5,60.0,2.841,14.21,2.841,2.776,7.402,4.0,18.49,0.0,10.0,3.217,4.0,10.0,4.0,10,5,200
5,60.0,2.841,14.21,2.841,2.776,7.402,4.0,18.49,0.0,10.0,3.217,4.0,10.0,4.0,10,5,300
5,60.0,2.841,14.21,2.841,2.776,7.402,4.0,18.49,0.0,10.0,3.217,4.0,10.0,4.0,10,5,500
5,60.0,2.841,14.21,2.841,2.776,7.402,4.0,18.49,0.0,10.0,3.217,4.0,10.0,4.0,10,5,1000
3,66.7,3.232,9.7,3.2317,3.424,6.848,4.0,8.25,0.0,10.0,5.174,4.0,10.0,4.0,10,7,100
4,75.0,4.924,19.7,4.9238,5.924,7.898,4.0,22.76,0.0,10.0,6.786,4.0,10.0,4.0,10,7,150
5,60.0,3.139,15.7,3.139,2.962,7.898,4.0,18.49,0.0,10.0,3.556,4.0,10.0,4.0,10,7,200
5,60.0,3.139,15.7,3.139,2.962,7.898,4.0,18.49,0.0,10.0,3.556,4.0,10.0,4.0,10,7,300
5,60.0,3.139,15.7,3.139,2.962,7.898,4.0,18.49,0.0,10.0,3.556,4.0,10.0,4.0,10,7,500
5,60.0,3.139,15.7,3.139,2.962,7.898,4.0,18.49,0.0,10.0,3.556,4.0,10.0,4.0,10,7,1000
3,66.7,3.51,10.53,3.5097,99.0,5.264,0.0,6.84,0.0,10.0,7.001,0,10.0,5.0,10,1,100
4,75.0,3.82,15.28,3.82,99.0,5.093,0.0,7.15,0.0,10.0,7.552,0,10.0,5.0,10,1,150
5,60.0,2.899,14.49,2.8988,19.44,5.093,0.393,5.78,0.0,10.0,5.099,0.79,10.0,5.0,10,1,200
5,60.0,2.899,14.49,2.8988,19.44,5.093,0.393,5.78,0.0,10.0,5.099,0.79,10.0,5.0,10,1,300
5,60.0,2.899,14.49,2.8988,19.44,5.093,0.393,5.78,0.0,10.0,5.099,0.79,10.0,5.0,10,1,500
5,60.0,2.899,14.49,2.8988,19.44,5.093,0.393,5.78,0.0,10.0,5.099,0.79,10.0,5.0,10,1,1000
3,66.7,3.51,10.53,3.5097,99.0,5.264,0.0,6.84,0.0,10.0,7.001,0,10.0,5.0,10,2,100
4,75.0,5.132,20.53,5.1322,99.0,6.843,0.0,21.7,0.0,10.0,8.362,0,10.0,5.0,10,2,150
5,60.0,4.074,20.37,4.0744,99.0,6.843,0.079,17.61,0.0,10.0,5.972,0.16,10.0,5.0,10,2,200
5,60.0,4.074,20.37,4.0744,99.0,6.843,0.079,17.61,0.0,10.0,5.972,0.16,10.0,5.0,10,2,300
5,60.0,4.074,20.37,4.0744,99.0,6.843,0.079,17.61,0.0,10.0,5.972,0.16,10.0,5.0,10,2,500
5,60.0,4.074,20.37,4.0744,99.0,6.843,0.079,17.61,0.0,10.0,5.972,0.16,10.0,5.0,10,2,1000
3,66.7,2.402,7.21,2.4017,2.441,6.103,5.0,8.25,0.0,10.0,3.594,5.0,10.0,5.0,10,3,100
4,75.0,4.301,17.2,4.3012,4.441,7.402,5.0,22.76,0.0,10.0,5.469,5.0,10.0,5.0,10,3,150
5,60.0,2.441,12.21,2.441,2.22,7.402,5.0,18.49,0.0,10.0,2.583,5.0,10.0,5.0,10,3,200
5,60.0,2.441,12.21,2.441,2.22,7.402,5.0,18.49,0.0,10.0,2.583,5.0,10.0,5.0,10,3,300
5,60.0,2.441,12.21,2.441,2.22,7.402,5.0,18.49,0.0,10.0,2.583,5.0,10.0,5.0,10,3,500
5,60.0,2.441,12.21,2.441,2.22,7.402,5.0,18.49,0.0,10.0,2.583,5.0,10.0,5.0,10,3,1000
3,66.7,2.402,7.21,2.4017,2.441,6.103,5.0,8.25,0.0,10.0,3.594,5.0,10.0,5.0,10,4,100
4,75.0,4.301,17.2,4.3012,4.441,7.402,5.0,22.76,0.0,10.0,5.469,5.0,10.0,5.0,10,4,150
5,60.0,2.441,12.21,2.441,2.22,7.402,5.0,18.49,0.0,10.0,2.583,5.0,10.0,5.0,10,4,200
5,60.0,2.441,12.21,2.441,2.22,7.402,5.0,18.49,0.0,10.0,2.583,5.0,10.0,5.0,10,4,300
5,60.0,2.441,12.21,2.441,2.22,7.402,5.0,18.49,0.0,10.0,2.583,5.0,10.0,5.0,10,4,500
5,60.0,2.441,12.21,2.441,2.22,7.402,5.0,18.49,0.0,10.0,2.583,5.0,10.0,5.0,10,4,1000
3,66.7,2.402,7.21,2.4017,2.441,6.103,5.0,8.25,0.0,10.0,3.594,5.0,10.0,5.0,10,5,100
4,75.0,4.301,17.2,4.3012,4.441,7.402,5.0,22.76,0.0,10.0,5.469,5.0,10.0,5.0,10,5,150
5,60.0,2.441,12.21,2.441,2.22,7.402,5.0,18.49,0.0,10.0,2.583,5.0,10.0,5.0,10,5,200
5,60.0,2.441,12.21,2.441,2.22,7.402,5.0,18.49,0.0,10.0,2.583,5.0,10.0,5.0,10,5,300
5,60.0,2.441,12.21,2.441,2.22,7.402,5.0,18.49,0.0,10.0,2.583,5.0,10.0,5.0,10,5,500
5,60.0,2.441,12.21,2.441,2.22,7.402,5.0,18.49,0.0,10.0,2.583,5.0,10.0,5.0,10,5,1000
3,66.7,2.898,8.7,2.8983,2.739,6.848,5.0,8.25,0.0,10.0,4.32,5.0,10.0,5.0,10,7,100
4,75.0,4.674,18.7,4.6738,4.739,7.898,5.0,22.76,0.0,10.0,6.032,5.0,10.0,5.0,10,7,150
5,60.0,2.739,13.7,2.739,2.369,7.898,5.0,18.49,0.0,10.0,2.891,5.0,10.0,5.0,10,7,200
5,60.0,2.739,13.7,2.739,2.369,7.898,5.0,18.49,0.0,10.0,2.891,5.0,10.0,5.0,10,7,300
5,60.0,2.739,13.7,2.739,2.369,7.898,5.0,18.49,0.0,10.0,2.891,5.0,10.0,5.0,10,7,500
5,60.0,2.739,13.7,2.739,2.369,7.898,5.0,18.49,0.0,10.0,2.891,5.0,10.0,5.0,10,7,1000
3,66.7,3.51,10.53,3.5097,99.0,5.264,0.0,6.84,0.0,10.0,7.001,0,10.0,6.0,10,1,100
4,75.0,3.82,15.28,3.82,99.0,5.093,0.0,7.15,0.0,10.0,7.552,0,10.0,6.0,10,1,150
5,60.0,2.899,14.49,2.8988,19.44,5.093,0.393,5.78,0.0,10.0,5.099,0.79,10.0,6.0,10,1,200
5,60.0,2.899,14.49,2.8988,19.44,5.093,0.393,5.78,0.0,10.0,5.099,0.79,10.0,6.0,10,1,300
5,60.0,2.899,14.49,2.8988,19.44,5.093,0.393,5.78,0.0,10.0,5.099,0.79,10.0,6.0,10,1,500
5,60.0,2.899,14.49,2.8988,19.44,5.093,0.393,5.78,0.0,10.0,5.099,0.79,10.0,6.0,10,1,1000
3,66.7,3.51,10.53,3.5097,99.0,5.264,0.0,6.84,0.0,10.0,7.001,0,10.0,6.0,10,2,100
4,75.0,5.132,20.53,5.1322,99.0,6.843,0.0,21.7,0.0,10.0,8.362,0,10.0,6.0,10,2,150
5,60.0,4.074,20.37,4.0744,99.0,6.843,0.079,17.61,0.0,10.0,5.972,0.16,10.0,6.0,10,2,200
5,60.0,4.074,20.37,4.0744,99.0,6.843,0.079,17.61,0.0,10.0,5.972,0.16,10.0,6.0,10,2,300
5,60.0,4.074,20.37,4.0744,99.0,6.843,0.079,17.61,0.0,10.0,5.972,0.16,10.0,6.0,10,2,500
5,60.0,4.074,20.37,4.0744,99.0,6.843,0.079,17.61,0.0,10.0,5.972,0.16,10.0,6.0,10,2,1000
3,66.7,2.068,6.21,2.0683,2.034,6.103,6.0,8.25,0.0,10.0,2.902,6.0,10.0,6.0,10,3,100
4,75.0,4.051,16.2,4.0512,3.701,7.402,6.0,22.76,0.0,10.0,4.859,6.0,10.0,6.0,10,3,150
5,60.0,2.041,10.21,2.041,1.85,7.402,6.0,18.49,0.0,10.0,2.025,6.0,10.0,6.0,10,3,200
5,60.0,2.041,10.21,2.041,1.85,7.402,6.0,18.49,0.0,10.0,2.025,6.0,10.0,6.0,10,3,300
5,60.0,2.041,10.21,2.041,1.85,7.402,6.0,18.49,0.0,10.0,2.025,6.0,10.0,6.0,10,3,500
5,60.0,2.041,10.21,2.041,1.85,7.402,6.0,18.49,0.0,10.0,2.025,6.0,10.0,6.0,10,3,1000
3,66.7,2.068,6.21,2.0683,2.034,6.103,6.0,8.25,0.0,10.0,2.902,6.0,10.0,6.0,10,4,100
4,75.0,4.051,16.2,4.0512,3.701,7.402,6.0,22.76,0.0,10.0,4.859,6.0,10.0,6.0,10,4,150
5,60.0,2.041,10.21,2.041,1.85,7.402,6.0,18.49,0.0,10.0,2.025,6.0,10.0,6.0,10,4,200
5,60.0,2.041,10.21,2.041,1.85,7.402,6.0,18.49,0.0,10.0,2.025,6.0,10.0,6.0,10,4,300
5,60.0,2.041,10.21,2.041,1.85,7.402,6.0,18.49,0.0,10.0,2.025,6.0,10.0,6.0,10,4,500
5,60.0,2.041,10.21,2.041,1.85,7.402,6.0,18.49,0.0,10.0,2.025,6.0,10.0,6.0,10,4,1000
3,66.7,2.068,6.21,2.0683,2.034,6.103,6.0,8.25,0.0,10.0,2.902,6.0,10.0,6.0,10,5,100
4,75.0,4.051,16.2,4.0512,3.701,7.402,6.0,22.76,0.0,10.0,4.859,6.0,10.0,6.0,10,5,150
5,60.0,2.041,10.21,2.041,1.85,7.402,6.0,18.49,0.0,10.0,2.025,6.0,10.0,6.0,10,5,200
5,60.0,2.041,10.21,2.041,1.85,7.402,6.0,18.49,0.0,10.0,2.025,6.0,10.0,6.0,10,5,300
5,60.0,2.041,10.21,2.041,1.85,7.402,6.0,18.49,0.0,10.0,2.025,6.0,10.0,6.0,10,5,500
5,60.0,2.041,10.21,2.041,1.85,7.402,6.0,18.49,0.0,10.0,2.025,6.0,10.0,6.0,10,5,1000
3,66.7,2.565,7.7,2.565,2.283,6.848,6.0,8.25,0.0,10.0,3.572,6.0,10.0,6.0,10,7,100
4,75.0,4.424,17.7,4.4238,3.949,7.898,6.0,22.76,0.0,10.0,5.364,6.0,10.0,6.0,10,7,150
5,60.0,2.339,11.7,2.339,1.975,7.898,6.0,18.49,0.0,10.0,2.31,6.0,10.0,6.0,10,7,200
5,60.0,2.339,11.7,2.339,1.975,7.898,6.0,18.49,0.0,10.0,2.31,6.0,10.0,6.0,10,7,300
5,60.0,2.339,11.7,2.339,1.975,7.898,6.0,18.49,0.0,10.0,2.31,6.0,10.0,6.0,10,7,500
5,60.0,2.339,11.7,2.339,1.975,7.898,6.0,18.49,0.0,10.0,2.31,6.0,10.0,6.0,10,7,1000
3,33.3,3.333,10.0,3.3333,6.0,12.0,1.0,6.84,0.0,12.0,4.942,2.0,12.0,2.0,10,1,100
4,50.0,3.688,14.75,3.6878,8.376,8.376,1.0,7.15,0.0,12.0,5.431,2.0,12.0,2.0,10,1,150
5,40.0,2.55,12.75,2.5502,4.188,8.376,1.333,5.78,0.0,12.0,3.397,2.0,12.0,2.0,10,1,200
5,40.0,2.55,12.75,2.5502,4.188,8.376,1.333,5.78,0.0,12.0,3.397,2.0,12.0,2.0,10,1,300
5,40.0,2.55,12.75,2.5502,4.188,8.376,1.333,5.78,0.0,12.0,3.397,2.0,12.0,2.0,10,1,500
5,40.0,2.55,12.75,2.5502,4.188,8.376,1.333,5.78,0.0,12.0,3.397,2.0,12.0,2.0,10,1,1000
3,33.3,3.333,10.0,3.3333,6.0,12.0,1.0,6.84,0.0,12.0,4.942,2.0,12.0,2.0,10,2,100
4,50.0,5.5,22.0,5.5,12.0,12.0,1.0,21.7,0.0,12.0,6.677,2.0,12.0,2.0,10,2,150
5,40.0,4.0,20.0,4.0,6.0,12.0,1.333,17.42,0.0,12.0,4.32,2.0,12.0,2.0,10,2,200
5,40.0,4.0,20.0,4.0,6.0,12.0,1.333,17.42,0.0,12.0,4.32,2.0,12.0,2.0,10,2,300
5,40.0,4.0,20.0,4.0,6.0,12.0,1.333,17.42,0.0,12.0,4.32,2.0,12.0,2.0,10,2,500
5,40.0,4.0,20.0,4.0,6.0,12.0,1.333,17.42,0.0,12.0,4.32,2.0,12.0,2.0,10,2,1000
3,66.7,4.068,12.21,4.0683,7.103,7.103,2.0,8.25,0.0,12.0,6.357,2.0,12.0,2.0,10,3,100
4,75.0,6.051,24.2,6.0512,13.102,8.735,2.0,22.76,0.0,12.0,7.833,2.0,12.0,2.0,10,3,150
5,60.0,4.441,22.2,4.441,6.551,8.735,2.0,18.27,0.0,12.0,4.957,2.0,12.0,2.0,10,3,200
5,60.0,4.441,22.2,4.441,6.551,8.735,2.0,18.27,0.0,12.0,4.957,2.0,12.0,2.0,10,3,300
5,60.0,4.441,22.2,4.441,6.551,8.735,2.0,18.27,0.0,12.0,4.957,2.0,12.0,2.0,10,3,500
5,60.0,4.441,22.2,4.441,6.551,8.735,2.0,18.27,0.0,12.0,4.957,2.0,12.0,2.0,10,3,1000
3,66.7,4.068,12.21,4.0683,7.103,7.103,2.0,8.25,0.0,12.0,6.357,2.0,12.0,2.0,10,4,100
4,75.0,6.051,24.2,6.0512,13.102,8.735,2.0,22.76,0.0,12.0,7.833,2.0,12.0,2.0,10,4,150
5,60.0,4.441,22.2,4.441,6.551,8.735,2.0,18.27,0.0,12.0,4.957,2.0,12.0,2.0,10,4,200
5,60.0,4.441,22.2,4.441,6.551,8.735,2.0,18.27,0.0,12.0,4.957,2.0,12.0,2.0,10,4,300
5,60.0,4.441,22.2,4.441,6.551,8.735,2.0,18.27,0.0,12.0,4.957,2.0,12.0,2.0,10,4,500
5,60.0,4.441,22.2,4.441,6.551,8.735,2.0,18.27,0.0,12.0,4.957,2.0,12.0,2.0,10,4,1000
3,66.7,4.068,12.21,4.0683,7.103,7.103,2.0,8.25,0.0,12.0,6.357,2.0,12.0,2.0,10,5,100
4,75.0,6.051,24.2,6.0512,13.102,8.735,2.0,22.76,0.0,12.0,7.833,2.0,12.0,2.0,10,5,150
5,60.0,4.441,22.2,4.441,6.551,8.735,2.0,18.27,0.0,12.0,4.957,2.0,12.0,2.0,10,5,200
5,60.0,4.441,22.2,4.441,6.551,8.735,2.0,18.27,0.0,12.0,4.957,2.0,12.0,2.0,10,5,300
5,60.0,4.441,22.2,4.441,6.551,8.735,2.0,18.27,0.0,12.0,4.957,2.0,12.0,2.0,10,5,500
5,60.0,4.441,22.2,4.441,6.551,8.735,2.0,18.27,0.0,12.0,4.957,2.0,12.0,2.0,10,5,1000
3,66.7,4.565,13.7,4.565,7.848,7.848,2.0,8.25,0.0,12.0,7.278,2.0,12.0,2.0,10,7,100
4,75.0,6.424,25.7,6.4238,13.848,9.232,2.0,22.76,0.0,12.0,8.6,2.0,12.0,2.0,10,7,150
5,60.0,4.739,23.7,4.739,6.924,9.232,2.0,18.27,0.0,12.0,5.355,2.0,12.0,2.0,10,7,200
5,60.0,4.739,23.7,4.739,6.924,9.232,2.0,18.27,0.0,12.0,5.355,2.0,12.0,2.0,10,7,300
5,60.0,4.739,23.7,4.739,6.924,9.232,2.0,18.27,0.0,12.0,5.355,2.0,12.0,2.0,10,7,500
5,60.0,4.739,23.7,4.739,6.924,9.232,2.0,18.27,0.0,12.0,5.355,2.0,12.0,2.0,10,7,1000
3,33.3,3.0,9.0,3.0,4.0,12.0,1.5,6.84,0.0,12.0,4.243,3.0,12.0,3.0,10,1,100
4,50.0,3.438,13.75,3.4378,5.584,8.376,1.5,7.15,0.0,12.0,4.818,3.0,12.0,3.0,10,1,150
5,40.0,2.593,12.96,2.593,4.424,8.376,1.262,5.78,0.0,12.0,3.447,3.0,12.0,3.0,10,1,200
5,40.0,2.593,12.96,2.593,4.424,8.376,1.262,5.78,0.0,12.0,3.447,3.0,12.0,3.0,10,1,300
5,40.0,2.593,12.96,2.593,4.424,8.376,1.262,5.78,0.0,12.0,3.447,3.0,12.0,3.0,10,1,500
5,40.0,2.593,12.96,2.593,4.424,8.376,1.262,5.78,0.0,12.0,3.447,3.0,12.0,3.0,10,1,1000
3,33.3,3.0,9.0,3.0,4.0,12.0,1.5,6.84,0.0,12.0,4.243,3.0,12.0,3.0,10,2,100
4,50.0,5.25,21.0,5.25,8.0,12.0,1.5,21.7,0.0,12.0,6.099,3.0,12.0,3.0,10,2,150
5,40.0,4.169,20.84,4.1686,7.602,12.0,1.052,17.61,0.0,12.0,4.565,3.0,12.0,3.0,10,2,200
5,40.0,4.169,20.84,4.1686,7.602,12.0,1.052,17.61,0.0,12.0,4.565,3.0,12.0,3.0,10,2,300
5,40.0,4.169,20.84,4.1686,7.602,12.0,1.052,17.61,0.0,12.0,4.565,3.0,12.0,3.0,10,2,500
5,40.0,4.169,20.84,4.1686,7.602,12.0,1.052,17.61,0.0,12.0,4.565,3.0,12.0,3.0,10,2,1000
3,66.7,3.735,11.21,3.735,4.735,7.103,3.0,8.25,0.0,12.0,5.505,3.0,12.0,3.0,10,3,100
4,75.0,5.801,23.2,5.8012,8.735,8.735,3.0,22.76,0.0,12.0,7.121,3.0,12.0,3.0,10,3,150
5,60.0,4.041,20.2,4.041,4.367,8.735,3.0,18.49,0.0,12.0,4.237,3.0,12.0,3.0,10,3,200
5,60.0,4.041,20.2,4.041,4.367,8.735,3.0,18.49,0.0,12.0,4.237,3.0,12.0,3.0,10,3,300
5,60.0,4.041,20.2,4.041,4.367,8.735,3.0,18.49,0.0,12.0,4.237,3.0,12.0,3.0,10,3,500
5,60.0,4.041,20.2,4.041,4.367,8.735,3.0,18.49,0.0,12.0,4.237,3.0,12.0,3.0,10,3,1000
3,66.7,3.735,11.21,3.735,4.735,7.103,3.0,8.25,0.0,12.0,5.505,3.0,12.0,3.0,10,4,100
4,75.0,5.801,23.2,5.8012,8.735,8.735,3.0,22.76,0.0,12.0,7.121,3.0,12.0,3.0,10,4,150
5,60.0,4.041,20.2,4.041,4.367,8.735,3.0,18.49,0.0,12.0,4.237,3.0,12.0,3.0,10,4,200
5,60.0,4.041,20.2,4.041,4.367,8.735,3.0,18.49,0.0,12.0,4.237,3.0,12.0,3.0,10,4,300
5,60.0,4.041,20.2,4.041,4.367,8.735,3.0,18.49,0.0,12.0,4.237,3.0,12.0,3.0,10,4,500
5,60.0,4.041,20.2,4.041,4.367,8.735,3.0,18.49,0.0,12.0,4.237,3.0,12.0,3.0,10,4,1000
3,66.7,3.735,11.21,3.735,4.735,7.103,3.0,8.25,0.0,12.0,5.505,3.0,12.0,3.0,10,5,100
4,75.0,5.801,23.2,5.8012,8.735,8.735,3.0,22.76,0.0,12.0,7.121,3.0,12.0,3.0,10,5,150
5,60.0,4.041,20.2,4.041,4.367,8.735,3.0,18.49,0.0,12.0,4.237,3.0,12.0,3.0,10,5,200
5,60.0,4.041,20.2,4.041,4.367,8.735,3.0,18.49,0.0,12.0,4.237,3.0,12.0,3.0,10,5,300
5,60.0,4.041,20.2,4.041,4.367,8.735,3.0,18.49,0.0,12.0,4.237,3.0,12.0,3.0,10,5,500
5,60.0,4.041,20.2,4.041,4.367,8.735,3.0,18.49,0.0,12.0,4.237,3.0,12.0,3.0,10,5,1000
3,66.7,4.232,12.7,4.2317,5.232,7.848,3.0,8.25,0.0,12.0,6.321,3.0,12.0,3.0,10,7,100
4,75.0,6.174,24.7,6.1738,9.232,9.232,3.0,22.76,0.0,12.0,7.792,3.0,12.0,3.0,10,7,150
5,60.0,4.339,21.7,4.339,4.616,9.232,3.0,18.49,0.0,12.0,4.587,3.0,12.0,3.0,10,7,200
5,60.0,4.339,21.7,4.339,4.616,9.232,3.0,18.49,0.0,12.0,4.587,3.0,12.0,3.0,10,7,300
5,60.0,4.339,21.7,4.339,4.616,9.232,3.0,18.49,0.0,12.0,4.587,3.0,12.0,3.0,10,7,500
5,60.0,4.339,21.7,4.339,4.616,9.232,3.0,18.49,0.0,12.0,4.587,3.0,12.0,3.0,10,7,1000
3,66.7,4.176,12.53,4.1763,99.0,6.264,0.0,6.84,0.0,12.0,6.914,0,12.0,4.0,10,1,100
4,75.0,4.32,17.28,4.32,99.0,5.76,0.0,7.15,0.0,12.0,7.142,0,12.0,4.0,10,1,150
5,60.0,3.299,16.49,3.2988,21.985,5.76,0.393,5.78,0.0,12.0,4.925,0.79,12.0,4.0,10,1,200
5,60.0,3.299,16.49,3.2988,21.985,5.76,0.393,5.78,0.0,12.0,4.925,0.79,12.0,4.0,10,1,300
5,60.0,3.299,16.49,3.2988,21.985,5.76,0.393,5.78,0.0,12.0,4.925,0.79,12.0,4.0,10,1,500
5,60.0,3.299,16.49,3.2988,21.985,5.76,0.393,5.78,0.0,12.0,4.925,0.79,12.0,4.0,10,1,1000
3,66.7,4.176,12.53,4.1763,99.0,6.264,0.0,6.84,0.0,12.0,6.914,0,12.0,4.0,10,2,100
4,75.0,6.132,24.53,6.1323,99.0,8.176,0.0,21.7,0.0,12.0,8.291,0,12.0,4.0,10,2,150
5,60.0,4.874,24.37,4.8744,99.0,8.176,0.079,17.61,0.0,12.0,5.943,0.16,12.0,4.0,10,2,200
5,60.0,4.874,24.37,4.8744,99.0,8.176,0.079,17.61,0.0,12.0,5.943,0.16,12.0,4.0,10,2,300
5,60.0,4.874,24.37,4.8744,99.0,8.176,0.079,17.61,0.0,12.0,5.943,0.16,12.0,4.0,10,2,500
5,60.0,4.874,24.37,4.8744,99.0,8.176,0.079,17.61,0.0,12.0,5.943,0.16,12.0,4.0,10,2,1000
3,66.7,3.402,10.21,3.4017,3.551,7.103,4.0,8.25,0.0,12.0,4.733,4.0,12.0,4.0,10,3,100
4,75.0,5.551,22.2,5.5512,6.551,8.735,4.0,22.76,0.0,12.0,6.469,4.0,12.0,4.0,10,3,150
5,60.0,3.641,18.2,3.641,3.276,8.735,4.0,18.49,0.0,12.0,3.594,4.0,12.0,4.0,10,3,200
5,60.0,3.641,18.2,3.641,3.276,8.735,4.0,18.49,0.0,12.0,3.594,4.0,12.0,4.0,10,3,300
5,60.0,3.641,18.2,3.641,3.276,8.735,4.0,18.49,0.0,12.0,3.594,4.0,12.0,4.0,10,3,500
5,60.0,3.641,18.2,3.641,3.276,8.735,4.0,18.49,0.0,12.0,3.594,4.0,12.0,4.0,10,3,1000
3,66.7,3.402,10.21,3.4017,3.551,7.103,4.0,8.25,0.0,12.0,4.733,4.0,12.0,4.0,10,4,100
4,75.0,5.551,22.2,5.5512,6.551,8.735,4.0,22.76,0.0,12.0,6.469,4.0,12.0,4.0,10,4,150
5,60.0,3.641,18.2,3.641,3.276,8.735,4.0,18.49,0.0,12.0,3.594,4.0,12.0,4.0,10,4,200
5,60.0,3.641,18.2,3.641,3.276,8.735,4.0,18.49,0.0,12.0,3.594,4.0,12.0,4.0,10,4,300
5,60.0,3.641,18.2,3.641,3.276,8.735,4.0,18.49,0.0,12.0,3.594,4.0,12.0,4.0,10,4,500
5,60.0,3.641,18.2,3.641,3.276,8.735,4.0,18.49,0.0,12.0,3.594,4.0,12.0,4.0,10,4,1000
3,66.7,3.402,10.21,3.4017,3.551,7.103,4.0,8.25,0.0,12.0,4.733,4.0,12.0,4.0,10,5,100
4,75.0,5.551,22.2,5.5512,6.551,8.735,4.0,22.76,0.0,12.0,6.469,4.0,12.0,4.0,10,5,150
5,60.0,3.641,18.2,3.641,3.276,8.735,4.0,18.49,0.0,12.0,3.594,4.0,12.0,4.0,10,5,200
5,60.0,3.641,18.2,3.641,3.276,8.735,4.0,18.49,0.0,12.0,3.594,4.0,12.0,4.0,10,5,300
5,60.0,3.641,18.2,3.641,3.276,8.735,4.0,18.49,0.0,12.0,3.594,4.0,12.0,4.0,10,5,500
5,60.0,3.641,18.2,3.641,3.276,8.735,4.0,18.49,0.0,12.0,3.594,4.0,12.0,4.0,10,5,1000
3,66.7,3.898,11.7,3.8983,3.924,7.848,4.0,8.25,0.0,12.0,5.469,4.0,12.0,4.0,10,7,100
4,75.0,5.924,23.7,5.9238,6.924,9.232,4.0,22.76,0.0,12.0,7.062,4.0,12.0,4.0,10,7,150
5,60.0,3.939,19.7,3.939,3.462,9.232,4.0,18.49,0.0,12.0,3.908,4.0,12.0,4.0,10,7,200
5,60.0,3.939,19.7,3.939,3.462,9.232,4.0,18.49,0.0,12.0,3.908,4.0,12.0,4.0,10,7,300
5,60.0,3.939,19.7,3.939,3.462,9.232,4.0,18.49,0.0,12.0,3.908,4.0,12.0,4.0,10,7,500
5,60.0,3.939,19.7,3.939,3.462,9.232,4.0,18.49,0.0,12.0,3.908,4.0,12.0,4.0,10,7,1000
3,66.7,4.176,12.53,4.1763,99.0,6.264,0.0,6.84,0.0,12.0,6.914,0,12.0,5.0,10,1,100
4,75.0,4.32,17.28,4.32,99.0,5.76,0.0,7.15,0.0,12.0,7.142,0,12.0,5.0,10,1,150
5,60.0,3.299,16.49,3.2988,21.985,5.76,0.393,5.78,0.0,12.0,4.925,0.79,12.0,5.0,10,1,200
5,60.0,3.299,16.49,3.2988,21.985,5.76,0.393,5.78,0.0,12.0,4.925,0.79,12.0,5.0,10,1,300
5,60.0,3.299,16.49,3.2988,21.985,5.76,0.393,5.78,0.0,12.0,4.925,0.79,12.0,5.0,10,1,500
5,60.0,3.299,16.49,3.2988,21.985,5.76,0.393,5.78,0.0,12.0,4.925,0.79,12.0,5.0,10,1,1000
3,66.7,4.176,12.53,4.1763,99.0,6.264,0.0,6.84,0.0,12.0,6.914,0,12.0,5.0,10,2,100
4,75.0,6.132,24.53,6.1323,99.0,8.176,0.0,21.7,0.0,12.0,8.291,0,12.0,5.0,10,2,150
5,60.0,4.874,24.37,4.8744,99.0,8.176,0.079,17.61,0.0,12.0,5.943,0.16,12.0,5.0,10,2,200
5,60.0,4.874,24.37,4.8744,99.0,8.176,0.079,17.61,0.0,12.0,5.943,0.16,12.0,5.0,10,2,300
5,60.0,4.874,24.37,4.8744,99.0,8.176,0.079,17.61,0.0,12.0,5.943,0.16,12.0,5.0,10,2,500
5,60.0,4.874,24.37,4.8744,99.0,8.176,0.079,17.61,0.0,12.0,5.943,0.16,12.0,5.0,10,2,1000
3,66.7,3.068,9.21,3.0683,2.841,7.103,5.0,8.25,0.0,12.0,4.036,5.0,12.0,5.0,10,3,100
4,75.0,5.301,21.2,5.3012,5.241,8.735,5.0,22.76,0.0,12.0,5.871,5.0,12.0,5.0,10,3,150
5,60.0,3.241,16.2,3.241,2.62,8.735,5.0,18.49,0.0,12.0,3.019,5.0,12.0,5.0,10,3,200
5,60.0,3.241,16.2,3.241,2.62,8.735,5.0,18.49,0.0,12.0,3.019,5.0,12.0,5.0,10,3,300
5,60.0,3.241,16.2,3.241,2.62,8.735,5.0,18.49,0.0,12.0,3.019,5.0,12.0,5.0,10,3,500
5,60.0,3.241,16.2,3.241,2.62,8.735,5.0,18.49,0.0,12.0,3.019,5.0,12.0,5.0,10,3,1000
3,66.7,3.068,9.21,3.0683,2.841,7.103,5.0,8.25,0.0,12.0,4.036,5.0,12.0,5.0,10,4,100
4,75.0,5.301,21.2,5.3012,5.241,8.735,5.0,22.76,0.0,12.0,5.871,5.0,12.0,5.0,10,4,150
5,60.0,3.241,16.2,3.241,2.62,8.735,5.0,18.49,0.0,12.0,3.019,5.0,12.0,5.0,10,4,200
5,60.0,3.241,16.2,3.241,2.62,8.735,5.0,18.49,0.0,12.0,3.019,5.0,12.0,5.0,10,4,300
5,60.0,3.241,16.2,3.241,2.62,8.735,5.0,18.49,0.0,12.0,3.019,5.0,12.0,5.0,10,4,500
5,60.0,3.241,16.2,3.241,2.62,8.735,5.0,18.49,0.0,12.0,3.019,5.0,12.0,5.0,10,4,1000
3,66.7,3.068,9.21,3.0683,2.841,7.103,5.0,8.25,0.0,12.0,4.036,5.0,12.0,5.0,10,5,100
4,75.0,5.301,21.2,5.3012,5.241,8.735,5.0,22.76,0.0,12.0,5.871,5.0,12.0,5.0,10,5,150
5,60.0,3.241,16.2,3.241,2.62,8.735,5.0,18.49,0.0,12.0,3.019,5.0,12.0,5.0,10,5,200
5,60.0,3.241,16.2,3.241,2.62,8.735,5.0,18.49,0.0,12.0,3.019,5.0,12.0,5.0,10,5,300
5,60.0,3.241,16.2,3.241,2.62,8.735,5.0,18.49,0.0,12.0,3.019,5.0,12.0,5.0,10,5,500
5,60.0,3.241,16.2,3.241,2.62,8.735,5.0,18.49,0.0,12.0,3.019,5.0,12.0,5.0,10,5,1000
3,66.7,3.565,10.7,3.565,3.139,7.848,5.0,8.25,0.0,12.0,4.707,5.0,12.0,5.0,10,7,100
4,75.0,5.674,22.7,5.6738,5.539,9.232,5.0,22.76,0.0,12.0,6.403,5.0,12.0,5.0,10,7,150
5,60.0,3.539,17.7,3.539,2.769,9.232,5.0,18.49,0.0,12.0,3.305,5.0,12.0,5.0,10,7,200
5,60.0,3.539,17.7,3.539,2.769,9.232,5.0,18.49,0.0,12.0,3.305,5.0,12.0,5.0,10,7,300
5,60.0,3.539,17.7,3.539,2.769,9.232,5.0,18.49,0.0,12.0,3.305,5.0,12.0,5.0,10,7,500
5,60.0,3.539,17.7,3.539,2.769,9.232,5.0,18.49,0.0,12.0,3.305,5.0,12.0,5.0,10,7,1000
3,66.7,4.176,12.53,4.1763,99.0,6.264,0.0,6.84,0.0,12.0,6.914,0,12.0,6.0,10,1,100
4,75.0,4.32,17.28,4.32,99.0,5.76,0.0,7.15,0.0,12.0,7.142,0,12.0,6.0,10,1,150
5,60.0,3.299,16.49,3.2988,21.985,5.76,0.393,5.78,0.0,12.0,4.925,0.79,12.0,6.0,10,1,200
5,60.0,3.299,16.49,3.2988,21.985,5.76,0.393,5.78,0.0,12.0,4.925,0.79,12.0,6.0,10,1,300
5,60.0,3.299,16.49,3.2988,21.985,5.76,0.393,5.78,0.0,12.0,4.925,0.79,12.0,6.0,10,1,500
5,60.0,3.299,16.49,3.2988,21.985,5.76,0.393,5.78,0.0,12.0,4.925,0.79,12.0,6.0,10,1,1000
3,66.7,4.176,12.53,4.1763,99.0,6.264,0.0,6.84,0.0,12.0,6.914,0,12.0,6.0,10,2,100
4,75.0,6.132,24.53,6.1323,99.0,8.176,0.0,21.7,0.0,12.0,8.291,0,12.0,6.0,10,2,150
5,60.0,4.874,24.37,4.8744,99.0,8.176,0.079,17.61,0.0,12.0,5.943,0.16,12.0,6.0,10,2,200
5,60.0,4.874,24.37,4.8744,99.0,8.176,0.079,17.61,0.0,12.0,5.943,0.16,12.0,6.0,10,2,300
5,60.0,4.874,24.37,4.8744,99.0,8.176,0.079,17.61,0.0,12.0,5.943,0.16,12.0,6.0,10,2,500
5,60.0,4.874,24.37,4.8744,99.0,8.176,0.079,17.61,0.0,12.0,5.943,0.16,12.0,6.0,10,2,1000
3,66.7,2.735,8.21,2.735,2.368,7.103,6.0,8.25,0.0,12.0,3.407,6.0,12.0,6.0,10,3,100
4,75.0,5.051,20.2,5.0512,4.367,8.735,6.0,22.76,0.0,12.0,5.324,6.0,12.0,6.0,10,3,150
5,60.0,2.841,14.21,2.841,2.184,8.735,6.0,18.49,0.0,12.0,2.504,6.0,12.0,6.0,10,3,200
5,60.0,2.841,14.21,2.841,2.184,8.735,6.0,18.49,0.0,12.0,2.504,6.0,12.0,6.0,10,3,300
5,60.0,2.841,14.21,2.841,2.184,8.735,6.0,18.49,0.0,12.0,2.504,6.0,12.0,6.0,10,3,500
5,60.0,2.841,14.21,2.841,2.184,8.735,6.0,18.49,0.0,12.0,2.504,6.0,12.0,6.0,10,3,1000
3,66.7,2.735,8.21,2.735,2.368,7.103,6.0,8.25,0.0,12.0,3.407,6.0,12.0,6.0,10,4,100
4,75.0,5.051,20.2,5.0512,4.367,8.735,6.0,22.76,0.0,12.0,5.324,6.0,12.0,6.0,10,4,150
5,60.0,2.841,14.21,2.841,2.184,8.735,6.0,18.49,0.0,12.0,2.504,6.0,12.0,6.0,10,4,200
5,60.0,2.841,14.21,2.841,2.184,8.735,6.0,18.49,0.0,12.0,2.504,6.0,12.0,6.0,10,4,300
5,60.0,2.841,14.21,2.841,2.184,8.735,6.0,18.49,0.0,12.0,2.504,6.0,12.0,6.0,10,4,500
5,60.0,2.841,14.21,2.841,2.184,8.735,6.0,18.49,0.0,12.0,2.504,6.0,12.0,6.0,10,4,1000
3,66.7,2.735,8.21,2.735,2.368,7.103,6.0,8.25,0.0,12.0,3.407,6.0,12.0,6.0,10,5,100
4,75.0,5.051,20.2,5.0512,4.367,8.735,6.0,22.76,0.0,12.0,5.324,6.0,12.0,6.0,10,5,150
5,60.0,2.841,14.21,2.841,2.184,8.735,6.0,18.49,0.0,12.0,2.504,6.0,12.0,6.0,10,5,200
5,60.0,2.841,14.21,2.841,2.184,8.735,6.0,18.49,0.0,12.0,2.504,6.0,12.0,6.0,10,5,300
5,60.0,2.841,14.21,2.841,2.184,8.735,6.0,18.49,0.0,12.0,2.504,6.0,12.0,6.0,10,5,500
5,60.0,2.841,14.21,2.841,2.184,8.735,6.0,18.49,0.0,12.0,2.504,6.0,12.0,6.0,10,5,1000
3,66.7,3.232,9.7,3.2317,2.616,7.848,6.0,8.25,0.0,12.0,4.027,6.0,12.0,6.0,10,7,100
4,75.0,5.424,21.7,5.4238,4.616,9.232,6.0,22.76,0.0,12.0,5.805,6.0,12.0,6.0,10,7,150
5,60.0,3.139,15.7,3.139,2.308,9.232,6.0,18.49,0.0,12.0,2.767,6.0,12.0,6.0,10,7,200
5,60.0,3.139,15.7,3.139,2.308,9.232,6.0,18.49,0.0,12.0,2.767,6.0,12.0,6.0,10,7,300
5,60.0,3.139,15.7,3.139,2.308,9.232,6.0,18.49,0.0,12.0,2.767,6.0,12.0,6.0,10,7,500
5,60.0,3.139,15.7,3.139,2.308,9.232,6.0,18.49,0.0,12.0,2.767,6.0,12.0,6.0,10,7,1000
3,33.3,4.333,13.0,4.3333,7.5,15.0,1.0,6.84,0.0,15.0,5.235,2.0,15.0,2.0,10,1,100
4,50.0,4.438,17.75,4.4378,9.876,9.876,1.0,7.15,0.0,15.0,5.359,2.0,15.0,2.0,10,1,150
5,40.0,3.15,15.75,3.1502,4.938,9.876,1.333,5.78,0.0,15.0,3.485,2.0,15.0,2.0,10,1,200
5,40.0,3.15,15.75,3.1502,4.938,9.876,1.333,5.78,0.0,15.0,3.485,2.0,15.0,2.0,10,1,300
5,40.0,3.15,15.75,3.1502,4.938,9.876,1.333,5.78,0.0,15.0,3.485,2.0,15.0,2.0,10,1,500
5,40.0,3.15,15.75,3.1502,4.938,9.876,1.333,5.78,0.0,15.0,3.485,2.0,15.0,2.0,10,1,1000
3,33.3,4.333,13.0,4.3333,7.5,15.0,1.0,6.84,0.0,15.0,5.235,2.0,15.0,2.0,10,2,100
4,50.0,7.0,28.0,7.0,15.0,15.0,1.0,21.7,0.0,15.0,6.918,2.0,15.0,2.0,10,2,150
5,40.0,5.2,26.0,5.2,7.5,15.0,1.333,17.42,0.0,15.0,4.594,2.0,15.0,2.0,10,2,200
5,40.0,5.2,26.0,5.2,7.5,15.0,1.333,17.42,0.0,15.0,4.594,2.0,15.0,2.0,10,2,300
5,40.0,5.2,26.0,5.2,7.5,15.0,1.333,17.42,0.0,15.0,4.594,2.0,15.0,2.0,10,2,500
5,40.0,5.2,26.0,5.2,7.5,15.0,1.333,17.42,0.0,15.0,4.594,2.0,15.0,2.0,10,2,1000
3,66.7,5.068,15.21,5.0683,8.602,8.602,2.0,8.25,0.0,15.0,6.425,2.0,15.0,2.0,10,3,100
4,75.0,7.551,30.2,7.5512,16.102,10.735,2.0,22.76,0.0,15.0,7.891,2.0,15.0,2.0,10,3,150
5,60.0,5.641,28.2,5.641,8.051,10.735,2.0,18.27,0.0,15.0,5.138,2.0,15.0,2.0,10,3,200
5,60.0,5.641,28.2,5.641,8.051,10.735,2.0,18.27,0.0,15.0,5.138,2.0,15.0,2.0,10,3,300
5,60.0,5.641,28.2,5.641,8.051,10.735,2.0,18.27,0.0,15.0,5.138,2.0,15.0,2.0,10,3,500
5,60.0,5.641,28.2,5.641,8.051,10.735,2.0,18.27,0.0,15.0,5.138,2.0,15.0,2.0,10,3,1000
3,66.7,5.068,15.21,5.0683,8.602,8.602,2.0,8.25,0.0,15.0,6.425,2.0,15.0,2.0,10,4,100
4,75.0,7.551,30.2,7.5512,16.102,10.735,2.0,22.76,0.0,15.0,7.891,2.0,15.0,2.0,10,4,150
5,60.0,5.641,28.2,5.641,8.051,10.735,2.0,18.27,0.0,15.0,5.138,2.0,15.0,2.0,10,4,200
5,60.0,5.641,28.2,5.641,8.051,10.735,2.0,18.27,0.0,15.0,5.138,2.0,15.0,2.0,10,4,300
5,60.0,5.641,28.2,5.641,8.051,10.735,2.0,18.27,0.0,15.0,5.138,2.0,15.0,2.0,10,4,500
5,60.0,5.641,28.2,5.641,8.051,10.735,2.0,18.27,0.0,15.0,5.138,2.0,15.0,2.0,10,4,1000
3,66.7,5.068,15.21,5.0683,8.602,8.602,2.0,8.25,0.0,15.0,6.425,2.0,15.0,2.0,10,5,100
4,75.0,7.551,30.2,7.5512,16.102,10.735,2.0,22.76,0.0,15.0,7.891,2.0,15.0,2.0,10,5,150
5,60.0,5.641,28.2,5.641,8.051,10.735,2.0,18.27,0.0,15.0,5.138,2.0,15.0,2.0,10,5,200
5,60.0,5.641,28.2,5.641,8.051,10.735,2.0,18.27,0.0,15.0,5.138,2.0,15.0,2.0,10,5,300
5,60.0,5.641,28.2,5.641,8.051,10.735,2.0,18.27,0.0,15.0,5.138,2.0,15.0,2.0,10,5,500
5,60.0,5.641,28.2,5.641,8.051,10.735,2.0,18.27,0.0,15.0,5.138,2.0,15.0,2.0,10,5,1000
3,66.7,5.565,16.7,5.565,9.348,9.348,2.0,8.25,0.0,15.0,7.219,2.0,15.0,2.0,10,7,100
4,75.0,7.924,31.7,7.9238,16.848,11.232,2.0,22.76,0.0,15.0,8.549,2.0,15.0,2.0,10,7,150
5,60.0,5.939,29.7,5.939,8.424,11.232,2.0,18.27,0.0,15.0,5.486,2.0,15.0,2.0,10,7,200
5,60.0,5.939,29.7,5.939,8.424,11.232,2.0,18.27,0.0,15.0,5.486,2.0,15.0,2.0,10,7,300
5,60.0,5.939,29.7,5.939,8.424,11.232,2.0,18.27,0.0,15.0,5.486,2.0,15.0,2.0,10,7,500
5,60.0,5.939,29.7,5.939,8.424,11.232,2.0,18.27,0.0,15.0,5.486,2.0,15.0,2.0,10,7,1000
3,33.3,4.0,12.0,4.0,5.0,15.0,1.5,6.84,0.0,15.0,4.656,3.0,15.0,3.0,10,1,100
4,50.0,4.188,16.75,4.1878,6.584,9.876,1.5,7.15,0.0,15.0,4.869,3.0,15.0,3.0,10,1,150
5,40.0,3.193,15.96,3.193,5.217,9.876,1.262,5.78,0.0,15.0,3.53,3.0,15.0,3.0,10,1,200
5,40.0,3.193,15.96,3.193,5.217,9.876,1.262,5.78,0.0,15.0,3.53,3.0,15.0,3.0,10,1,300
5,40.0,3.193,15.96,3.193,5.217,9.876,1.262,5.78,0.0,15.0,3.53,3.0,15.0,3.0,10,1,500
5,40.0,3.193,15.96,3.193,5.217,9.876,1.262,5.78,0.0,15.0,3.53,3.0,15.0,3.0,10,1,1000
3,33.3,4.0,12.0,4.0,5.0,15.0,1.5,6.84,0.0,15.0,4.656,3.0,15.0,3.0,10,2,100
4,50.0,6.75,27.0,6.75,10.0,15.0,1.5,21.7,0.0,15.0,6.441,3.0,15.0,3.0,10,2,150
5,40.0,5.369,26.84,5.3686,9.503,15.0,1.052,17.61,0.0,15.0,4.802,3.0,15.0,3.0,10,2,200
5,40.0,5.369,26.84,5.3686,9.503,15.0,1.052,17.61,0.0,15.0,4.802,3.0,15.0,3.0,10,2,300
5,40.0,5.369,26.84,5.3686,9.503,15.0,1.052,17.61,0.0,15.0,4.802,3.0,15.0,3.0,10,2,500
5,40.0,5.369,26.84,5.3686,9.503,15.0,1.052,17.61,0.0,15.0,4.802,3.0,15.0,3.0,10,2,1000
3,66.7,4.735,14.21,4.735,5.735,8.602,3.0,8.25,0.0,15.0,5.738,3.0,15.0,3.0,10,3,100
4,75.0,7.301,29.2,7.3012,10.735,10.735,3.0,22.76,0.0,15.0,7.321,3.0,15.0,3.0,10,3,150
5,60.0,5.241,26.2,5.241,5.367,10.735,3.0,18.49,0.0,15.0,4.542,3.0,15.0,3.0,10,3,200
5,60.0,5.241,26.2,5.241,5.367,10.735,3.0,18.49,0.0,15.0,4.542,3.0,15.0,3.0,10,3,300
5,60.0,5.241,26.2,5.241,5.367,10.735,3.0,18.49,0.0,15.0,4.542,3.0,15.0,3.0,10,3,500
5,60.0,5.241,26.2,5.241,5.367,10.735,3.0,18.49,0.0,15.0,4.542,3.0,15.0,3.0,10,3,1000
3,66.7,4.735,14.21,4.735,5.735,8.602,3.0,8.25,0.0,15.0,5.738,3.0,15.0,3.0,10,4,100
4,75.0,7.301,29.2,7.3012,10.735,10.735,3.0,22.76,0.0,15.0,7.321,3.0,15.0,3.0,10,4,150
5,60.0,5.241,26.2,5.241,5.367,10.735,3.0,18.49,0.0,15.0,4.542,3.0,15.0,3.0,10,4,200
5,60.0,5.241,26.2,5.241,5.367,10.735,3.0,18.49,0.0,15.0,4.542,3.0,15.0,3.0,10,4,300
5,60.0,5.241,26.2,5.241,5.367,10.735,3.0,18.49,0.0,15.0,4.542,3.0,15.0,3.0,10,4,500
5,60.0,5.241,26.2,5.241,5.367,10.735,3.0,18.49,0.0,15.0,4.542,3.0,15.0,3.0,10,4,1000
3,66.7,4.735,14.21,4.735,5.735,8.602,3.0,8.25,0.0,15.0,5.738,3.0,15.0,3.0,10,5,100
4,75.0,7.301,29.2,7.3012,10.735,10.735,3.0,22.76,0.0,15.0,7.321,3.0,15.0,3.0,10,5,150
5,60.0,5.241,26.2,5.241,5.367,10.735,3.0,18.49,0.0,15.0,4.542,3.0,15.0,3.0,10,5,200
5,60.0,5.241,26.2,5.241,5.367,10.735,3.0,18.49,0.0,15.0,4.542,3.0,15.0,3.0,10,5,300
5,60.0,5.241,26.2,5.241,5.367,10.735,3.0,18.49,0.0,15.0,4.542,3.0,15.0,3.0,10,5,500
5,60.0,5.241,26.2,5.241,5.367,10.735,3.0,18.49,0.0,15.0,4.542,3.0,15.0,3.0,10,5,1000
3,66.7,5.232,15.7,5.2317,6.232,9.348,3.0,8.25,0.0,15.0,6.455,3.0,15.0,3.0,10,7,100
4,75.0,7.674,30.7,7.6738,11.232,11.232,3.0,22.76,0.0,15.0,7.911,3.0,15.0,3.0,10,7,150
5,60.0,5.539,27.7,5.539,5.616,11.232,3.0,18.49,0.0,15.0,4.853,3.0,15.0,3.0,10,7,200
5,60.0,5.539,27.7,5.539,5.616,11.232,3.0,18.49,0.0,15.0,4.853,3.0,15.0,3.0,10,7,300
5,60.0,5.539,27.7,5.539,5.616,11.232,3.0,18.49,0.0,15.0,4.853,3.0,15.0,3.0,10,7,500
5,60.0,5.539,27.7,5.539,5.616,11.232,3.0,18.49,0.0,15.0,4.853,3.0,15.0,3.0,10,7,1000
3,66.7,5.176,15.53,5.1763,99.0,7.764,0.0,6.84,0.0,15.0,6.826,0,15.0,4.0,10,1,100
4,75.0,5.07,20.28,5.07,99.0,6.76,0.0,7.15,0.0,15.0,6.683,0,15.0,4.0,10,1,150
5,60.0,3.899,19.49,3.8988,25.802,6.76,0.393,5.78,0.0,15.0,4.713,0.79,15.0,4.0,10,1,200
5,60.0,3.899,19.49,3.8988,25.802,6.76,0.393,5.78,0.0,15.0,4.713,0.79,15.0,4.0,10,1,300
5,60.0,3.899,19.49,3.8988,25.802,6.76,0.393,5.78,0.0,15.0,4.713,0.79,15.0,4.0,10,1,500
5,60.0,3.899,19.49,3.8988,25.802,6.76,0.393,5.78,0.0,15.0,4.713,0.79,15.0,4.0,10,1,1000
3,66.7,5.176,15.53,5.1763,99.0,7.764,0.0,6.84,0.0,15.0,6.826,0,15.0,4.0,10,2,100
4,75.0,7.632,30.53,7.6323,99.0,10.176,0.0,21.7,0.0,15.0,8.22,0,15.0,4.0,10,2,150
5,60.0,6.074,30.37,6.0744,99.0,10.176,0.079,17.61,0.0,15.0,5.914,0.16,15.0,4.0,10,2,200
5,60.0,6.074,30.37,6.0744,99.0,10.176,0.079,17.61,0.0,15.0,5.914,0.16,15.0,4.0,10,2,300
5,60.0,6.074,30.37,6.0744,99.0,10.176,0.079,17.61,0.0,15.0,5.914,0.16,15.0,4.0,10,2,500
5,60.0,6.074,30.37,6.0744,99.0,10.176,0.079,17.61,0.0,15.0,5.914,0.16,15.0,4.0,10,2,1000
3,66.7,4.402,13.21,4.4017,4.301,8.602,4.0,8.25,0.0,15.0,5.1,4.0,15.0,4.0,10,3,100
4,75.0,7.051,28.2,7.0512,8.051,10.735,4.0,22.76,0.0,15.0,6.787,4.0,15.0,4.0,10,3,150
5,60.0,4.841,24.2,4.841,4.026,10.735,4.0,18.49,0.0,15.0,3.997,4.0,15.0,4.0,10,3,200
5,60.0,4.841,24.2,4.841,4.026,10.735,4.0,18.49,0.0,15.0,3.997,4.0,15.0,4.0,10,3,300
5,60.0,4.841,24.2,4.841,4.026,10.735,4.0,18.49,0.0,15.0,3.997,4.0,15.0,4.0,10,3,500
5,60.0,4.841,24.2,4.841,4.026,10.735,4.0,18.49,0.0,15.0,3.997,4.0,15.0,4.0,10,3,1000
3,66.7,4.402,13.21,4.4017,4.301,8.602,4.0,8.25,0.0,15.0,5.1,4.0,15.0,4.0,10,4,100
4,75.0,7.051,28.2,7.0512,8.051,10.735,4.0,22.76,0.0,15.0,6.787,4.0,15.0,4.0,10,4,150
5,60.0,4.841,24.2,4.841,4.026,10.735,4.0,18.49,0.0,15.0,3.997,4.0,15.0,4.0,10,4,200
5,60.0,4.841,24.2,4.841,4.026,10.735,4.0,18.49,0.0,15.0,3.997,4.0,15.0,4.0,10,4,300
5,60.0,4.841,24.2,4.841,4.026,10.735,4.0,18.49,0.0,15.0,3.997,4.0,15.0,4.0,10,4,500
5,60.0,4.841,24.2,4.841,4.026,10.735,4.0,18.49,0.0,15.0,3.997,4.0,15.0,4.0,10,4,1000
3,66.7,4.402,13.21,4.4017,4.301,8.602,4.0,8.25,0.0,15.0,5.1,4.0,15.0,4.0,10,5,100
4,75.0,7.051,28.2,7.0512,8.051,10.735,4.0,22.76,0.0,15.0,6.787,4.0,15.0,4.0,10,5,150
5,60.0,4.841,24.2,4.841,4.026,10.735,4.0,18.49,0.0,15.0,3.997,4.0,15.0,4.0,10,5,200
5,60.0,4.841,24.2,4.841,4.026,10.735,4.0,18.49,0.0,15.0,3.997,4.0,15.0,4.0,10,5,300
5,60.0,4.841,24.2,4.841,4.026,10.735,4.0,18.49,0.0,15.0,3.997,4.0,15.0,4.0,10,5,500
5,60.0,4.841,24.2,4.841,4.026,10.735,4.0,18.49,0.0,15.0,3.997,4.0,15.0,4.0,10,5,1000
3,66.7,4.898,14.7,4.8983,4.674,9.348,4.0,8.25,0.0,15.0,5.753,4.0,15.0,4.0,10,7,100
4,75.0,7.424,29.7,7.4238,8.424,11.232,4.0,22.76,0.0,15.0,7.32,4.0,15.0,4.0,10,7,150
5,60.0,5.139,25.7,5.139,4.212,11.232,4.0,18.49,0.0,15.0,4.278,4.0,15.0,4.0,10,7,200
5,60.0,5.139,25.7,5.139,4.212,11.232,4.0,18.49,0.0,15.0,4.278,4.0,15.0,4.0,10,7,300
5,60.0,5.139,25.7,5.139,4.212,11.232,4.0,18.49,0.0,15.0,4.278,4.0,15.0,4.0,10,7,500
5,60.0,5.139,25.7,5.139,4.212,11.232,4.0,18.49,0.0,15.0,4.278,4.0,15.0,4.0,10,7,1000
3,66.7,5.176,15.53,5.1763,99.0,7.764,0.0,6.84,0.0,15.0,6.826,0,15.0,5.0,10,1,100
4,75.0,5.07,20.28,5.07,99.0,6.76,0.0,7.15,0.0,15.0,6.683,0,15.0,5.0,10,1,150
5,60.0,3.899,19.49,3.8988,25.802,6.76,0.393,5.78,0.0,15.0,4.713,0.79,15.0,5.0,10,1,200
5,60.0,3.899,19.49,3.8988,25.802,6.76,0.393,5.78,0.0,15.0,4.713,0.79,15.0,5.0,10,1,300
5,60.0,3.899,19.49,3.8988,25.802,6.76,0.393,5.78,0.0,15.0,4.713,0.79,15.0,5.0,10,1,500
5,60.0,3.899,19.49,3.8988,25.802,6.76,0.393,5.78,0.0,15.0,4.713,0.79,15.0,5.0,10,1,1000
3,66.7,5.176,15.53,5.1763,99.0,7.764,0.0,6.84,0.0,15.0,6.826,0,15.0,5.0,10,2,100
4,75.0,7.632,30.53,7.6323,99.0,10.176,0.0,21.7,0.0,15.0,8.22,0,15.0,5.0,10,2,150
5,60.0,6.074,30.37,6.0744,99.0,10.176,0.079,17.61,0.0,15.0,5.914,0.16,15.0,5.0,10,2,200
5,60.0,6.074,30.37,6.0744,99.0,10.176,0.079,17.61,0.0,15.0,5.914,0.16,15.0,5.0,10,2,300
5,60.0,6.074,30.37,6.0744,99.0,10.176,0.079,17.61,0.0,15.0,5.914,0.16,15.0,5.0,10,2,500
5,60.0,6.074,30.37,6.0744,99.0,10.176,0.079,17.61,0.0,15.0,5.914,0.16,15.0,5.0,10,2,1000
3,66.7,4.068,12.21,4.0683,3.441,8.602,5.0,8.25,0.0,15.0,4.508,5.0,15.0,5.0,10,3,100
4,75.0,6.801,27.2,6.8012,6.441,10.735,5.0,22.76,0.0,15.0,6.288,5.0,15.0,5.0,10,3,150
5,60.0,4.441,22.2,4.441,3.22,10.735,5.0,18.49,0.0,15.0,3.498,5.0,15.0,5.0,10,3,200
5,60.0,4.441,22.2,4.441,3.22,10.735,5.0,18.49,0.0,15.0,3.498,5.0,15.0,5.0,10,3,300
5,60.0,4.441,22.2,4.441,3.22,10.735,5.0,18.49,0.0,15.0,3.498,5.0,15.0,5.0,10,3,500
5,60.0,4.441,22.2,4.441,3.22,10.735,5.0,18.49,0.0,15.0,3.498,5.0,15.0,5.0,10,3,1000
3,66.7,4.068,12.21,4.0683,3.441,8.602,5.0,8.25,0.0,15.0,4.508,5.0,15.0,5.0,10,4,100
4,75.0,6.801,27.2,6.8012,6.441,10.735,5.0,22.76,0.0,15.0,6.288,5.0,15.0,5.0,10,4,150
5,60.0,4.441,22.2,4.441,3.22,10.735,5.0,18.49,0.0,15.0,3.498,5.0,15.0,5.0,10,4,200
5,60.0,4.441,22.2,4.441,3.22,10.735,5.0,18.49,0.0,15.0,3.498,5.0,15.0,5.0,10,4,300
5,60.0,4.441,22.2,4.441,3.22,10.735,5.0,18.49,0.0,15.0,3.498,5.0,15.0,5.0,10,4,500
5,60.0,4.441,22.2,4.441,3.22,10.735,5.0,18.49,0.0,15.0,3.498,5.0,15.0,5.0,10,4,1000
3,66.7,4.068,12.21,4.0683,3.441,8.602,5.0,8.25,0.0,15.0,4.508,5.0,15.0,5.0,10,5,100
4,75.0,6.801,27.2,6.8012,6.441,10.735,5.0,22.76,0.0,15.0,6.288,5.0,15.0,5.0,10,5,150
5,60.0,4.441,22.2,4.441,3.22,10.735,5.0,18.49,0.0,15.0,3.498,5.0,15.0,5.0,10,5,200
5,60.0,4.441,22.2,4.441,3.22,10.735,5.0,18.49,0.0,15.0,3.498,5.0,15.0,5.0,10,5,300
5,60.0,4.441,22.2,4.441,3.22,10.735,5.0,18.49,0.0,15.0,3.498,5.0,15.0,5.0,10,5,500
5,60.0,4.441,22.2,4.441,3.22,10.735,5.0,18.49,0.0,15.0,3.498,5.0,15.0,5.0,10,5,1000
3,66.7,4.565,13.7,4.565,3.739,9.348,5.0,8.25,0.0,15.0,5.11,5.0,15.0,5.0,10,7,100
4,75.0,7.174,28.7,7.1738,6.739,11.232,5.0,22.76,0.0,15.0,6.772,5.0,15.0,5.0,10,7,150
5,60.0,4.739,23.7,4.739,3.369,11.232,5.0,18.49,0.0,15.0,3.755,5.0,15.0,5.0,10,7,200
5,60.0,4.739,23.7,4.739,3.369,11.232,5.0,18.49,0.0,15.0,3.755,5.0,15.0,5.0,10,7,300
5,60.0,4.739,23.7,4.739,3.369,11.232,5.0,18.49,0.0,15.0,3.755,5.0,15.0,5.0,10,7,500
5,60.0,4.739,23.7,4.739,3.369,11.232,5.0,18.49,0.0,15.0,3.755,5.0,15.0,5.0,10,7,1000
3,66.7,5.176,15.53,5.1763,99.0,7.764,0.0,6.84,0.0,15.0,6.826,0,15.0,6.0,10,1,100
4,75.0,5.07,20.28,5.07,99.0,6.76,0.0,7.15,0.0,15.0,6.683,0,15.0,6.0,10,1,150
5,60.0,3.899,19.49,3.8988,25.802,6.76,0.393,5.78,0.0,15.0,4.713,0.79,15.0,6.0,10,1,200
5,60.0,3.899,19.49,3.8988,25.802,6.76,0.393,5.78,0.0,15.0,4.713,0.79,15.0,6.0,10,1,300
5,60.0,3.899,19.49,3.8988,25.802,6.76,0.393,5.78,0.0,15.0,4.713,0.79,15.0,6.0,10,1,500
5,60.0,3.899,19.49,3.8988,25.802,6.76,0.393,5.78,0.0,15.0,4.713,0.79,15.0,6.0,10,1,1000
3,66.7,5.176,15.53,5.1763,99.0,7.764,0.0,6.84,0.0,15.0,6.826,0,15.0,6.0,10,2,100
4,75.0,7.632,30.53,7.6323,99.0,10.176,0.0,21.7,0.0,15.0,8.22,0,15.0,6.0,10,2,150
5,60.0,6.074,30.37,6.0744,99.0,10.176,0.079,17.61,0.0,15.0,5.914,0.16,15.0,6.0,10,2,200
5,60.0,6.074,30.37,6.0744,99.0,10.176,0.079,17.61,0.0,15.0,5.914,0.16,15.0,6.0,10,2,300
5,60.0,6.074,30.37,6.0744,99.0,10.176,0.079,17.61,0.0,15.0,5.914,0.16,15.0,6.0,10,2,500
5,60.0,6.074,30.37,6.0744,99.0,10.176,0.079,17.61,0.0,15.0,5.914,0.16,15.0,6.0,10,2,1000
3,66.7,3.735,11.21,3.735,2.867,8.602,6.0,8.25,0.0,15.0,3.961,6.0,15.0,6.0,10,3,100
4,75.0,6.551,26.2,6.5512,5.367,10.735,6.0,22.76,0.0,15.0,5.821,6.0,15.0,6.0,10,3,150
5,60.0,4.041,20.2,4.041,2.684,10.735,6.0,18.49,0.0,15.0,3.04,6.0,15.0,6.0,10,3,200
5,60.0,4.041,20.2,4.041,2.684,10.735,6.0,18.49,0.0,15.0,3.04,6.0,15.0,6.0,10,3,300
5,60.0,4.041,20.2,4.041,2.684,10.735,6.0,18.49,0.0,15.0,3.04,6.0,15.0,6.0,10,3,500
5,60.0,4.041,20.2,4.041,2.684,10.735,6.0,18.49,0.0,15.0,3.04,6.0,15.0,6.0,10,3,1000
3,66.7,3.735,11.21,3.735,2.867,8.602,6.0,8.25,0.0,15.0,3.961,6.0,15.0,6.0,10,4,100
4,75.0,6.551,26.2,6.5512,5.367,10.735,6.0,22.76,0.0,15.0,5.821,6.0,15.0,6.0,10,4,150
5,60.0,4.041,20.2,4.041,2.684,10.735,6.0,18.49,0.0,15.0,3.04,6.0,15.0,6.0,10,4,200
5,60.0,4.041,20.2,4.041,2.684,10.735,6.0,18.49,0.0,15.0,3.04,6.0,15.0,6.0,10,4,300
5,60.0,4.041,20.2,4.041,2.684,10.735,6.0,18.49,0.0,15.0,3.04,6.0,15.0,6.0,10,4,500
5,60.0,4.041,20.2,4.041,2.684,10.735,6.0,18.49,0.0,15.0,3.04,6.0,15.0,6.0,10,4,1000
3,66.7,3.735,11.21,3.735,2.867,8.602,6.0,8.25,0.0,15.0,3.961,6.0,15.0,6.0,10,5,100
4,75.0,6.551,26.2,6.5512,5.367,10.735,6.0,22.76,0.0,15.0,5.821,6.0,15.0,6.0,10,5,150
5,60.0,4.041,20.2,4.041,2.684,10.735,6.0,18.49,0.0,15.0,3.04,6.0,15.0,6.0,10,5,200
5,60.0,4.041,20.2,4.041,2.684,10.735,6.0,18.49,0.0,15.0,3.04,6.0,15.0,6.0,10,5,300
5,60.0,4.041,20.2,4.041,2.684,10.735,6.0,18.49,0.0,15.0,3.04,6.0,15.0,6.0,10,5,500
5,60.0,4.041,20.2,4.041,2.684,10.735,6.0,18.49,0.0,15.0,3.04,6.0,15.0,6.0,10,5,1000
3,66.7,4.232,12.7,4.2317,3.116,9.348,6.0,8.25,0.0,15.0,4.519,6.0,15.0,6.0,10,7,100
4,75.0,6.924,27.7,6.9238,5.616,11.232,6.0,22.76,0.0,15.0,6.264,6.0,15.0,6.0,10,7,150
5,60.0,4.339,21.7,4.339,2.808,11.232,6.0,18.49,0.0,15.0,3.278,6.0,15.0,6.0,10,7,200
5,60.0,4.339,21.7,4.339,2.808,11.232,6.0,18.49,0.0,15.0,3.278,6.0,15.0,6.0,10,7,300
5,60.0,4.339,21.7,4.339,2.808,11.232,6.0,18.49,0.0,15.0,3.278,6.0,15.0,6.0,10,7,500
5,60.0,4.339,21.7,4.339,2.808,11.232,6.0,18.49,0.0,15.0,3.278,6.0,15.0,6.0,10,7,1000
3,33.3,6.0,18.0,6.0,10.0,20.0,1.0,6.84,0.0,20.0,5.536,2.0,20.0,2.0,10,1,100
4,50.0,5.688,22.75,5.6878,12.376,12.376,1.0,7.15,0.0,20.0,5.238,2.0,20.0,2.0,10,1,150
5,40.0,4.15,20.75,4.1502,6.188,12.376,1.333,5.78,0.0,20.0,3.55,2.0,20.0,2.0,10,1,200
5,40.0,4.15,20.75,4.1502,6.188,12.376,1.333,5.78,0.0,20.0,3.55,2.0,20.0,2.0,10,1,300
5,40.0,4.15,20.75,4.1502,6.188,12.376,1.333,5.78,0.0,20.0,3.55,2.0,20.0,2.0,10,1,500
5,40.0,4.15,20.75,4.1502,6.188,12.376,1.333,5.78,0.0,20.0,3.55,2.0,20.0,2.0,10,1,1000
3,33.3,6.0,18.0,6.0,10.0,20.0,1.0,6.84,0.0,20.0,5.536,2.0,20.0,2.0,10,2,100
4,50.0,9.5,38.0,9.5,20.0,20.0,1.0,21.7,0.0,20.0,7.165,2.0,20.0,2.0,10,2,150
5,40.0,7.2,36.0,7.2,10.0,20.0,1.333,17.42,0.0,20.0,4.879,2.0,20.0,2.0,10,2,200
5,40.0,7.2,36.0,7.2,10.0,20.0,1.333,17.42,0.0,20.0,4.879,2.0,20.0,2.0,10,2,300
5,40.0,7.2,36.0,7.2,10.0,20.0,1.333,17.42,0.0,20.0,4.879,2.0,20.0,2.0,10,2,500
5,40.0,7.2,36.0,7.2,10.0,20.0,1.333,17.42,0.0,20.0,4.879,2.0,20.0,2.0,10,2,1000
3,66.7,6.735,20.2,6.735,11.102,11.102,2.0,8.25,0.0,20.0,6.473,2.0,20.0,2.0,10,3,100
4,75.0,10.051,40.2,10.0512,21.102,14.068,2.0,22.76,0.0,20.0,7.931,2.0,20.0,2.0,10,3,150
5,60.0,7.641,38.2,7.641,10.551,14.068,2.0,18.27,0.0,20.0,5.314,2.0,20.0,2.0,10,3,200
5,60.0,7.641,38.2,7.641,10.551,14.068,2.0,18.27,0.0,20.0,5.314,2.0,20.0,2.0,10,3,300
5,60.0,7.641,38.2,7.641,10.551,14.068,2.0,18.27,0.0,20.0,5.314,2.0,20.0,2.0,10,3,500
5,60.0,7.641,38.2,7.641,10.551,14.068,2.0,18.27,0.0,20.0,5.314,2.0,20.0,2.0,10,3,1000
3,66.7,6.735,20.2,6.735,11.102,11.102,2.0,8.25,0.0,20.0,6.473,2.0,20.0,2.0,10,4,100
4,75.0,10.051,40.2,10.0512,21.102,14.068,2.0,22.76,0.0,20.0,7.931,2.0,20.0,2.0,10,4,150
5,60.0,7.641,38.2,7.641,10.551,14.068,2.0,18.27,0.0,20.0,5.314,2.0,20.0,2.0,10,4,200
5,60.0,7.641,38.2,7.641,10.551,14.068,2.0,18.27,0.0,20.0,5.314,2.0,20.0,2.0,10,4,300
5,60.0,7.641,38.2,7.641,10.551,14.068,2.0,18.27,0.0,20.0,5.314,2.0,20.0,2.0,10,4,500
5,60.0,7.641,38.2,7.641,10.551,14.068,2.0,18.27,0.0,20.0,5.314,2.0,20.0,2.0,10,4,1000
3,66.7,6.735,20.2,6.735,11.102,11.102,2.0,8.25,0.0,20.0,6.473,2.0,20.0,2.0,10,5,100
4,75.0,10.051,40.2,10.0512,21.102,14.068,2.0,22.76,0.0,20.0,7.931,2.0,20.0,2.0,10,5,150
5,60.0,7.641,38.2,7.641,10.551,14.068,2.0,18.27,0.0,20.0,5.314,2.0,20.0,2.0,10,5,200
5,60.0,7.641,38.2,7.641,10.551,14.068,2.0,18.27,0.0,20.0,5.314,2.0,20.0,2.0,10,5,300
5,60.0,7.641,38.2,7.641,10.551,14.068,2.0,18.27,0.0,20.0,5.314,2.0,20.0,2.0,10,5,500
5,60.0,7.641,38.2,7.641,10.551,14.068,2.0,18.27,0.0,20.0,5.314,2.0,20.0,2.0,10,5,1000
3,66.7,7.232,21.7,7.2317,11.848,11.848,2.0,8.25,0.0,20.0,7.109,2.0,20.0,2.0,10,7,100
4,75.0,10.424,41.7,10.4238,21.848,14.565,2.0,22.76,0.0,20.0,8.455,2.0,20.0,2.0,10,7,150
5,60.0,7.939,39.7,7.939,10.924,14.565,2.0,18.27,0.0,20.0,5.6,2.0,20.0,2.0,10,7,200
5,60.0,7.939,39.7,7.939,10.924,14.565,2.0,18.27,0.0,20.0,5.6,2.0,20.0,2.0,10,7,300
5,60.0,7.939,39.7,7.939,10.924,14.565,2.0,18.27,0.0,20.0,5.6,2.0,20.0,2.0,10,7,500
5,60.0,7.939,39.7,7.939,10.924,14.565,2.0,18.27,0.0,20.0,5.6,2.0,20.0,2.0,10,7,1000
3,33.3,5.667,17.0,5.6667,6.667,20.0,1.5,6.84,0.0,20.0,5.087,3.0,20.0,3.0,10,1,100
4,50.0,5.438,21.75,5.4378,8.25,12.376,1.5,7.15,0.0,20.0,4.877,3.0,20.0,3.0,10,1,150
5,40.0,4.193,20.96,4.193,6.538,12.376,1.262,5.78,0.0,20.0,3.587,3.0,20.0,3.0,10,1,200
5,40.0,4.193,20.96,4.193,6.538,12.376,1.262,5.78,0.0,20.0,3.587,3.0,20.0,3.0,10,1,300
5,40.0,4.193,20.96,4.193,6.538,12.376,1.262,5.78,0.0,20.0,3.587,3.0,20.0,3.0,10,1,500
5,40.0,4.193,20.96,4.193,6.538,12.376,1.262,5.78,0.0,20.0,3.587,3.0,20.0,3.0,10,1,1000
3,33.3,5.667,17.0,5.6667,6.667,20.0,1.5,6.84,0.0,20.0,5.087,3.0,20.0,3.0,10,2,100
4,50.0,9.25,37.0,9.25,13.333,20.0,1.5,21.7,0.0,20.0,6.797,3.0,20.0,3.0,10,2,150
5,40.0,7.369,36.84,7.3686,12.67,20.0,1.052,17.61,0.0,20.0,5.045,3.0,20.0,3.0,10,2,200
5,40.0,7.369,36.84,7.3686,12.67,20.0,1.052,17.61,0.0,20.0,5.045,3.0,20.0,3.0,10,2,300
5,40.0,7.369,36.84,7.3686,12.67,20.0,1.052,17.61,0.0,20.0,5.045,3.0,20.0,3.0,10,2,500
5,40.0,7.369,36.84,7.3686,12.67,20.0,1.052,17.61,0.0,20.0,5.045,3.0,20.0,3.0,10,2,1000
3,66.7,6.402,19.2,6.4017,7.402,11.102,3.0,8.25,0.0,20.0,5.958,3.0,20.0,3.0,10,3,100
4,75.0,9.801,39.2,9.8012,14.068,14.068,3.0,22.76,0.0,20.0,7.507,3.0,20.0,3.0,10,3,150
5,60.0,7.241,36.2,7.241,7.034,14.068,3.0,18.49,0.0,20.0,4.854,3.0,20.0,3.0,10,3,200
5,60.0,7.241,36.2,7.241,7.034,14.068,3.0,18.49,0.0,20.0,4.854,3.0,20.0,3.0,10,3,300
5,60.0,7.241,36.2,7.241,7.034,14.068,3.0,18.49,0.0,20.0,4.854,3.0,20.0,3.0,10,3,500
5,60.0,7.241,36.2,7.241,7.034,14.068,3.0,18.49,0.0,20.0,4.854,3.0,20.0,3.0,10,3,1000
3,66.7,6.402,19.2,6.4017,7.402,11.102,3.0,8.25,0.0,20.0,5.958,3.0,20.0,3.0,10,4,100
4,75.0,9.801,39.2,9.8012,14.068,14.068,3.0,22.76,0.0,20.0,7.507,3.0,20.0,3.0,10,4,150
5,60.0,7.241,36.2,7.241,7.034,14.068,3.0,18.49,0.0,20.0,4.854,3.0,20.0,3.0,10,4,200
5,60.0,7.241,36.2,7.241,7.034,14.068,3.0,18.49,0.0,20.0,4.854,3.0,20.0,3.0,10,4,300
5,60.0,7.241,36.2,7.241,7.034,14.068,3.0,18.49,0.0,20.0,4.854,3.0,20.0,3.0,10,4,500
5,60.0,7.241,36.2,7.241,7.034,14.068,3.0,18.49,0.0,20.0,4.854,3.0,20.0,3.0,10,4,1000
3,66.7,6.402,19.2,6.4017,7.402,11.102,3.0,8.25,0.0,20.0,5.958,3.0,20.0,3.0,10,5,100
4,75.0,9.801,39.2,9.8012,14.068,14.068,3.0,22.76,0.0,20.0,7.507,3.0,20.0,3.0,10,5,150
5,60.0,7.241,36.2,7.241,7.034,14.068,3.0,18.49,0.0,20.0,4.854,3.0,20.0,3.0,10,5,200
5,60.0,7.241,36.2,7.241,7.034,14.068,3.0,18.49,0.0,20.0,4.854,3.0,20.0,3.0,10,5,300
5,60.0,7.241,36.2,7.241,7.034,14.068,3.0,18.49,0.0,20.0,4.854,3.0,20.0,3.0,10,5,500
5,60.0,7.241,36.2,7.241,7.034,14.068,3.0,18.49,0.0,20.0,4.854,3.0,20.0,3.0,10,5,1000
3,66.7,6.898,20.7,6.8983,7.898,11.848,3.0,8.25,0.0,20.0,6.546,3.0,20.0,3.0,10,7,100
4,75.0,10.174,40.7,10.1738,14.565,14.565,3.0,22.76,0.0,20.0,7.989,3.0,20.0,3.0,10,7,150
5,60.0,7.539,37.7,7.539,7.282,14.565,3.0,18.49,0.0,20.0,5.115,3.0,20.0,3.0,10,7,200
5,60.0,7.539,37.7,7.539,7.282,14.565,3.0,18.49,0.0,20.0,5.115,3.0,20.0,3.0,10,7,300
5,60.0,7.539,37.7,7.539,7.282,14.565,3.0,18.49,0.0,20.0,5.115,3.0,20.0,3.0,10,7,500
5,60.0,7.539,37.7,7.539,7.282,14.565,3.0,18.49,0.0,20.0,5.115,3.0,20.0,3.0,10,7,1000
3,66.7,6.843,20.53,6.843,99.0,10.264,0.0,6.84,0.0,20.0,6.739,0,20.0,4.0,10,1,100
4,75.0,6.32,25.28,6.32,99.0,8.427,0.0,7.15,0.0,20.0,6.185,0,20.0,4.0,10,1,150
5,60.0,4.899,24.49,4.8988,32.163,8.427,0.393,5.78,0.0,20.0,4.464,0.79,20.0,4.0,10,1,200
5,60.0,4.899,24.49,4.8988,32.163,8.427,0.393,5.78,0.0,20.0,4.464,0.79,20.0,4.0,10,1,300
5,60.0,4.899,24.49,4.8988,32.163,8.427,0.393,5.78,0.0,20.0,4.464,0.79,20.0,4.0,10,1,500
5,60.0,4.899,24.49,4.8988,32.163,8.427,0.393,5.78,0.0,20.0,4.464,0.79,20.0,4.0,10,1,1000
3,66.7,6.843,20.53,6.843,99.0,10.264,0.0,6.84,0.0,20.0,6.739,0,20.0,4.0,10,2,100
4,75.0,10.132,40.53,10.1323,99.0,13.51,0.0,21.7,0.0,20.0,8.149,0,20.0,4.0,10,2,150
5,60.0,8.074,40.37,8.0744,99.0,13.51,0.079,17.61,0.0,20.0,5.885,0.16,20.0,4.0,10,2,200
5,60.0,8.074,40.37,8.0744,99.0,13.51,0.079,17.61,0.0,20.0,5.885,0.16,20.0,4.0,10,2,300
5,60.0,8.074,40.37,8.0744,99.0,13.51,0.079,17.61,0.0,20.0,5.885,0.16,20.0,4.0,10,2,500
5,60.0,8.074,40.37,8.0744,99.0,13.51,0.079,17.61,0.0,20.0,5.885,0.16,20.0,4.0,10,2,1000
3,66.7,6.068,18.2,6.0683,5.551,11.102,4.0,8.25,0.0,20.0,5.468,4.0,20.0,4.0,10,3,100
4,75.0,9.551,38.2,9.5512,10.551,14.068,4.0,22.76,0.0,20.0,7.101,4.0,20.0,4.0,10,3,150
5,60.0,6.841,34.2,6.841,5.276,14.068,4.0,18.49,0.0,20.0,4.423,4.0,20.0,4.0,10,3,200
5,60.0,6.841,34.2,6.841,5.276,14.068,4.0,18.49,0.0,20.0,4.423,4.0,20.0,4.0,10,3,300
5,60.0,6.841,34.2,6.841,5.276,14.068,4.0,18.49,0.0,20.0,4.423,4.0,20.0,4.0,10,3,500
5,60.0,6.841,34.2,6.841,5.276,14.068,4.0,18.49,0.0,20.0,4.423,4.0,20.0,4.0,10,3,1000
3,66.7,6.068,18.2,6.0683,5.551,11.102,4.0,8.25,0.0,20.0,5.468,4.0,20.0,4.0,10,4,100
4,75.0,9.551,38.2,9.5512,10.551,14.068,4.0,22.76,0.0,20.0,7.101,4.0,20.0,4.0,10,4,150
5,60.0,6.841,34.2,6.841,5.276,14.068,4.0,18.49,0.0,20.0,4.423,4.0,20.0,4.0,10,4,200
5,60.0,6.841,34.2,6.841,5.276,14.068,4.0,18.49,0.0,20.0,4.423,4.0,20.0,4.0,10,4,300
5,60.0,6.841,34.2,6.841,5.276,14.068,4.0,18.49,0.0,20.0,4.423,4.0,20.0,4.0,10,4,500
5,60.0,6.841,34.2,6.841,5.276,14.068,4.0,18.49,0.0,20.0,4.423,4.0,20.0,4.0,10,4,1000
3,66.7,6.068,18.2,6.0683,5.551,11.102,4.0,8.25,0.0,20.0,5.468,4.0,20.0,4.0,10,5,100
4,75.0,9.551,38.2,9.5512,10.551,14.068,4.0,22.76,0.0,20.0,7.101,4.0,20.0,4.0,10,5,150
5,60.0,6.841,34.2,6.841,5.276,14.068,4.0,18.49,0.0,20.0,4.423,4.0,20.0,4.0,10,5,200
5,60.0,6.841,34.2,6.841,5.276,14.068,4.0,18.49,0.0,20.0,4.423,4.0,20.0,4.0,10,5,300
5,60.0,6.841,34.2,6.841,5.276,14.068,4.0,18.49,0.0,20.0,4.423,4.0,20.0,4.0,10,5,500
5,60.0,6.841,34.2,6.841,5.276,14.068,4.0,18.49,0.0,20.0,4.423,4.0,20.0,4.0,10,5,1000
3,66.7,6.565,19.7,6.565,5.924,11.848,4.0,8.25,0.0,20.0,6.013,4.0,20.0,4.0,10,7,100
4,75.0,9.924,39.7,9.9238,10.924,14.565,4.0,22.76,0.0,20.0,7.547,4.0,20.0,4.0,10,7,150
5,60.0,7.139,35.7,7.139,5.462,14.565,4.0,18.49,0.0,20.0,4.662,4.0,20.0,4.0,10,7,200
5,60.0,7.139,35.7,7.139,5.462,14.565,4.0,18.49,0.0,20.0,4.662,4.0,20.0,4.0,10,7,300
5,60.0,7.139,35.7,7.139,5.462,14.565,4.0,18.49,0.0,20.0,4.662,4.0,20.0,4.0,10,7,500
5,60.0,7.139,35.7,7.139,5.462,14.565,4.0,18.49,0.0,20.0,4.662,4.0,20.0,4.0,10,7,1000
3,66.7,6.843,20.53,6.843,99.0,10.264,0.0,6.84,0.0,20.0,6.739,0,20.0,5.0,10,1,100
4,75.0,6.32,25.28,6.32,99.0,8.427,0.0,7.15,0.0,20.0,6.185,0,20.0,5.0,10,1,150
5,60.0,4.899,24.49,4.8988,32.163,8.427,0.393,5.78,0.0,20.0,4.464,0.79,20.0,5.0,10,1,200
5,60.0,4.899,24.49,4.8988,32.163,8.427,0.393,5.78,0.0,20.0,4.464,0.79,20.0,5.0,10,1,300
5,60.0,4.899,24.49,4.8988,32.163,8.427,0.393,5.78,0.0,20.0,4.464,0.79,20.0,5.0,10,1,500
5,60.0,4.899,24.49,4.8988,32.163,8.427,0.393,5.78,0.0,20.0,4.464,0.79,20.0,5.0,10,1,1000
3,66.7,6.843,20.53,6.843,99.0,10.264,0.0,6.84,0.0,20.0,6.739,0,20.0,5.0,10,2,100
4,75.0,10.132,40.53,10.1323,99.0,13.51,0.0,21.7,0.0,20.0,8.149,0,20.0,5.0,10,2,150
5,60.0,8.074,40.37,8.0744,99.0,13.51,0.079,17.61,0.0,20.0,5.885,0.16,20.0,5.0,10,2,200
5,60.0,8.074,40.37,8.0744,99.0,13.51,0.079,17.61,0.0,20.0,5.885,0.16,20.0,5.0,10,2,300
5,60.0,8.074,40.37,8.0744,99.0,13.51,0.079,17.61,0.0,20.0,5.885,0.16,20.0,5.0,10,2,500
5,60.0,8.074,40.37,8.0744,99.0,13.51,0.079,17.61,0.0,20.0,5.885,0.16,20.0,5.0,10,2,1000
3,66.7,5.735,17.2,5.735,4.441,11.102,5.0,8.25,0.0,20.0,5.003,5.0,20.0,5.0,10,3,100
4,75.0,9.301,37.2,9.3012,8.441,14.068,5.0,22.76,0.0,20.0,6.713,5.0,20.0,5.0,10,3,150
5,60.0,6.441,32.2,6.441,4.22,14.068,5.0,18.49,0.0,20.0,4.018,5.0,20.0,5.0,10,3,200
5,60.0,6.441,32.2,6.441,4.22,14.068,5.0,18.49,0.0,20.0,4.018,5.0,20.0,5.0,10,3,300
5,60.0,6.441,32.2,6.441,4.22,14.068,5.0,18.49,0.0,20.0,4.018,5.0,20.0,5.0,10,3,500
5,60.0,6.441,32.2,6.441,4.22,14.068,5.0,18.49,0.0,20.0,4.018,5.0,20.0,5.0,10,3,1000
3,66.7,5.735,17.2,5.735,4.441,11.102,5.0,8.25,0.0,20.0,5.003,5.0,20.0,5.0,10,4,100
4,75.0,9.301,37.2,9.3012,8.441,14.068,5.0,22.76,0.0,20.0,6.713,5.0,20.0,5.0,10,4,150
5,60.0,6.441,32.2,6.441,4.22,14.068,5.0,18.49,0.0,20.0,4.018,5.0,20.0,5.0,10,4,200
5,60.0,6.441,32.2,6.441,4.22,14.068,5.0,18.49,0.0,20.0,4.018,5.0,20.0,5.0,10,4,300
5,60.0,6.441,32.2,6.441,4.22,14.068,5.0,18.49,0.0,20.0,4.018,5.0,20.0,5.0,10,4,500
5,60.0,6.441,32.2,6.441,4.22,14.068,5.0,18.49,0.0,20.0,4.018,5.0,20.0,5.0,10,4,1000
3,66.7,5.735,17.2,5.735,4.441,11.102,5.0,8.25,0.0,20.0,5.003,5.0,20.0,5.0,10,5,100
4,75.0,9.301,37.2,9.3012,8.441,14.068,5.0,22.76,0.0,20.0,6.713,5.0,20.0,5.0,10,5,150
5,60.0,6.441,32.2,6.441,4.22,14.068,5.0,18.49,0.0,20.0,4.018,5.0,20.0,5.0,10,5,200
5,60.0,6.441,32.2,6.441,4.22,14.068,5.0,18.49,0.0,20.0,4.018,5.0,20.0,5.0,10,5,300
5,60.0,6.441,32.2,6.441,4.22,14.068,5.0,18.49,0.0,20.0,4.018,5.0,20.0,5.0,10,5,500
5,60.0,6.441,32.2,6.441,4.22,14.068,5.0,18.49,0.0,20.0,4.018,5.0,20.0,5.0,10,5,1000
3,66.7,6.232,18.7,6.2317,4.739,11.848,5.0,8.25,0.0,20.0,5.512,5.0,20.0,5.0,10,7,100
4,75.0,9.674,38.7,9.6738,8.739,14.565,5.0,22.76,0.0,20.0,7.127,5.0,20.0,5.0,10,7,150
5,60.0,6.739,33.7,6.739,4.37,14.565,5.0,18.49,0.0,20.0,4.24,5.0,20.0,5.0,10,7,200
5,60.0,6.739,33.7,6.739,4.37,14.565,5.0,18.49,0.0,20.0,4.24,5.0,20.0,5.0,10,7,300
5,60.0,6.739,33.7,6.739,4.37,14.565,5.0,18.49,0.0,20.0,4.24,5.0,20.0,5.0,10,7,500
5,60.0,6.739,33.7,6.739,4.37,14.565,5.0,18.49,0.0,20.0,4.24,5.0,20.0,5.0,10,7,1000
3,66.7,6.843,20.53,6.843,99.0,10.264,0.0,6.84,0.0,20.0,6.739,0,20.0,6.0,10,1,100
4,75.0,6.32,25.28,6.32,99.0,8.427,0.0,7.15,0.0,20.0,6.185,0,20.0,6.0,10,1,150
5,60.0,4.899,24.49,4.8988,32.163,8.427,0.393,5.78,0.0,20.0,4.464,0.79,20.0,6.0,10,1,200
5,60.0,4.899,24.49,4.8988,32.163,8.427,0.393,5.78,0.0,20.0,4.464,0.79,20.0,6.0,10,1,300
5,60.0,4.899,24.49,4.8988,32.163,8.427,0.393,5.78,0.0,20.0,4.464,0.79,20.0,6.0,10,1,500
5,60.0,4.899,24.49,4.8988,32.163,8.427,0.393,5.78,0.0,20.0,4.464,0.79,20.0,6.0,10,1,1000
3,66.7,6.843,20.53,6.843,99.0,10.264,0.0,6.84,0.0,20.0,6.739,0,20.0,6.0,10,2,100
4,75.0,10.132,40.53,10.1323,99.0,13.51,0.0,21.7,0.0,20.0,8.149,0,20.0,6.0,10,2,150
5,60.0,8.074,40.37,8.0744,99.0,13.51,0.079,17.61,0.0,20.0,5.885,0.16,20.0,6.0,10,2,200
5,60.0,8.074,40.37,8.0744,99.0,13.51,0.079,17.61,0.0,20.0,5.885,0.16,20.0,6.0,10,2,300
5,60.0,8.074,40.37,8.0744,99.0,13.51,0.079,17.61,0.0,20.0,5.885,0.16,20.0,6.0,10,2,500
5,60.0,8.074,40.37,8.0744,99.0,13.51,0.079,17.61,0.0,20.0,5.885,0.16,20.0,6.0,10,2,1000
3,66.7,5.402,16.2,5.4017,3.701,11.102,6.0,8.25,0.0,20.0,4.562,6.0,20.0,6.0,10,3,100
4,75.0,9.051,36.2,9.0512,7.034,14.068,6.0,22.76,0.0,20.0,6.343,6.0,20.0,6.0,10,3,150
5,60.0,6.041,30.2,6.041,3.517,14.068,6.0,18.49,0.0,20.0,3.639,6.0,20.0,6.0,10,3,200
5,60.0,6.041,30.2,6.041,3.517,14.068,6.0,18.49,0.0,20.0,3.639,6.0,20.0,6.0,10,3,300
5,60.0,6.041,30.2,6.041,3.517,14.068,6.0,18.49,0.0,20.0,3.639,6.0,20.0,6.0,10,3,500
5,60.0,6.041,30.2,6.041,3.517,14.068,6.0,18.49,0.0,20.0,3.639,6.0,20.0,6.0,10,3,1000
3,66.7,5.402,16.2,5.4017,3.701,11.102,6.0,8.25,0.0,20.0,4.562,6.0,20.0,6.0,10,4,100
4,75.0,9.051,36.2,9.0512,7.034,14.068,6.0,22.76,0.0,20.0,6.343,6.0,20.0,6.0,10,4,150
5,60.0,6.041,30.2,6.041,3.517,14.068,6.0,18.49,0.0,20.0,3.639,6.0,20.0,6.0,10,4,200
5,60.0,6.041,30.2,6.041,3.517,14.068,6.0,18.49,0.0,20.0,3.639,6.0,20.0,6.0,10,4,300
5,60.0,6.041,30.2,6.041,3.517,14.068,6.0,18.49,0.0,20.0,3.639,6.0,20.0,6.0,10,4,500
5,60.0,6.041,30.2,6.041,3.517,14.068,6.0,18.49,0.0,20.0,3.639,6.0,20.0,6.0,10,4,1000
3,66.7,5.402,16.2,5.4017,3.701,11.102,6.0,8.25,0.0,20.0,4.562,6.0,20.0,6.0,10,5,100
4,75.0,9.051,36.2,9.0512,7.034,14.068,6.0,22.76,0.0,20.0,6.343,6.0,20.0,6.0,10,5,150
5,60.0,6.041,30.2,6.041,3.517,14.068,6.0,18.49,0.0,20.0,3.639,6.0,20.0,6.0,10,5,200
5,60.0,6.041,30.2,6.041,3.517,14.068,6.0,18.49,0.0,20.0,3.639,6.0,20.0,6.0,10,5,300
5,60.0,6.041,30.2,6.041,3.517,14.068,6.0,18.49,0.0,20.0,3.639,6.0,20.0,6.0,10,5,500
5,60.0,6.041,30.2,6.041,3.517,14.068,6.0,18.49,0.0,20.0,3.639,6.0,20.0,6.0,10,5,1000
3,66.7,5.898,17.7,5.8983,3.949,11.848,6.0,8.25,0.0,20.0,5.039,6.0,20.0,6.0,10,7,100
4,75.0,9.424,37.7,9.4238,7.282,14.565,6.0,22.76,0.0,20.0,6.728,6.0,20.0,6.0,10,7,150
5,60.0,6.339,31.7,6.339,3.641,14.565,6.0,18.49,0.0,20.0,3.846,6.0,20.0,6.0,10,7,200
5,60.0,6.339,31.7,6.339,3.641,14.565,6.0,18.49,0.0,20.0,3.846,6.0,20.0,6.0,10,7,300
5,60.0,6.339,31.7,6.339,3.641,14.565,6.0,18.49,0.0,20.0,3.846,6.0,20.0,6.0,10,7,500
5,60.0,6.339,31.7,6.339,3.641,14.565,6.0,18.49,0.0,20.0,3.846,6.0,20.0,6.0,10,7,1000
2,50.0,1.5,3.0,1.5,2.5,5.0,2.0,10.26,0.0,5.0,4.811,2.0,5.0,2.0,15,1,100
3,66.7,2.667,8.0,2.6667,5.0,5.0,2.0,9.54,0.0,5.0,7.407,2.0,5.0,2.0,15,1,150
3,66.7,2.667,8.0,2.6667,5.0,5.0,2.0,9.54,0.0,5.0,7.407,2.0,5.0,2.0,15,1,200
3,66.7,2.667,8.0,2.6667,5.0,5.0,2.0,9.54,0.0,5.0,7.407,2.0,5.0,2.0,15,1,300
3,66.7,2.667,8.0,2.6667,5.0,5.0,2.0,9.54,0.0,5.0,7.407,2.0,5.0,2.0,15,1,500
3,66.7,2.667,8.0,2.6667,5.0,5.0,2.0,9.54,0.0,5.0,7.407,2.0,5.0,2.0,15,1,1000
2,50.0,1.5,3.0,1.5,2.5,5.0,2.0,10.26,0.0,5.0,4.811,2.0,5.0,2.0,15,2,100
3,66.7,2.667,8.0,2.6667,5.0,5.0,2.0,9.54,0.0,5.0,7.407,2.0,5.0,2.0,15,2,150
3,66.7,2.667,8.0,2.6667,5.0,5.0,2.0,9.54,0.0,5.0,7.407,2.0,5.0,2.0,15,2,200
3,66.7,2.667,8.0,2.6667,5.0,5.0,2.0,9.54,0.0,5.0,7.407,2.0,5.0,2.0,15,2,300
3,66.7,2.667,8.0,2.6667,5.0,5.0,2.0,9.54,0.0,5.0,7.407,2.0,5.0,2.0,15,2,500
3,66.7,2.667,8.0,2.6667,5.0,5.0,2.0,9.54,0.0,5.0,7.407,2.0,5.0,2.0,15,2,1000
2,50.0,1.5,3.0,1.5,2.5,5.0,2.0,10.26,0.0,5.0,4.811,2.0,5.0,2.0,15,3,100
3,66.7,2.667,8.0,2.6667,5.0,5.0,2.0,9.54,0.0,5.0,7.407,2.0,5.0,2.0,15,3,150
3,66.7,2.667,8.0,2.6667,5.0,5.0,2.0,9.54,0.0,5.0,7.407,2.0,5.0,2.0,15,3,200
3,66.7,2.667,8.0,2.6667,5.0,5.0,2.0,9.54,0.0,5.0,7.407,2.0,5.0,2.0,15,3,300
3,66.7,2.667,8.0,2.6667,5.0,5.0,2.0,9.54,0.0,5.0,7.407,2.0,5.0,2.0,15,3,500
3,66.7,2.667,8.0,2.6667,5.0,5.0,2.0,9.54,0.0,5.0,7.407,2.0,5.0,2.0,15,3,1000
2,50.0,1.5,3.0,1.5,2.5,5.0,2.0,10.26,0.0,5.0,4.811,2.0,5.0,2.0,15,4,100
3,66.7,2.667,8.0,2.6667,5.0,5.0,2.0,9.54,0.0,5.0,7.407,2.0,5.0,2.0,15,4,150
3,66.7,2.667,8.0,2.6667,5.0,5.0,2.0,9.54,0.0,5.0,7.407,2.0,5.0,2.0,15,4,200
3,66.7,2.667,8.0,2.6667,5.0,5.0,2.0,9.54,0.0,5.0,7.407,2.0,5.0,2.0,15,4,300
3,66.7,2.667,8.0,2.6667,5.0,5.0,2.0,9.54,0.0,5.0,7.407,2.0,5.0,2.0,15,4,500
3,66.7,2.667,8.0,2.6667,5.0,5.0,2.0,9.54,0.0,5.0,7.407,2.0,5.0,2.0,15,4,1000
2,50.0,1.5,3.0,1.5,2.5,5.0,2.0,10.26,0.0,5.0,4.811,2.0,5.0,2.0,15,5,100
3,66.7,2.667,8.0,2.6667,5.0,5.0,2.0,9.54,0.0,5.0,7.407,2.0,5.0,2.0,15,5,150
3,66.7,2.667,8.0,2.6667,5.0,5.0,2.0,9.54,0.0,5.0,7.407,2.0,5.0,2.0,15,5,200
3,66.7,2.667,8.0,2.6667,5.0,5.0,2.0,9.54,0.0,5.0,7.407,2.0,5.0,2.0,15,5,300
3,66.7,2.667,8.0,2.6667,5.0,5.0,2.0,9.54,0.0,5.0,7.407,2.0,5.0,2.0,15,5,500
3,66.7,2.667,8.0,2.6667,5.0,5.0,2.0,9.54,0.0,5.0,7.407,2.0,5.0,2.0,15,5,1000
2,50.0,1.5,3.0,1.5,2.5,5.0,2.0,10.26,0.0,5.0,4.811,2.0,5.0,2.0,15,7,100
3,66.7,2.667,8.0,2.6667,5.0,5.0,2.0,9.54,0.0,5.0,7.407,2.0,5.0,2.0,15,7,150
3,66.7,2.667,8.0,2.6667,5.0,5.0,2.0,9.54,0.0,5.0,7.407,2.0,5.0,2.0,15,7,200
3,66.7,2.667,8.0,2.6667,5.0,5.0,2.0,9.54,0.0,5.0,7.407,2.0,5.0,2.0,15,7,300
3,66.7,2.667,8.0,2.6667,5.0,5.0,2.0,9.54,0.0,5.0,7.407,2.0,5.0,2.0,15,7,500
3,66.7,2.667,8.0,2.6667,5.0,5.0,2.0,9.54,0.0,5.0,7.407,2.0,5.0,2.0,15,7,1000
2,50.0,1.0,2.0,1.0,1.667,5.0,3.0,10.26,0.0,5.0,2.806,3.0,5.0,3.0,15,1,100
3,66.7,2.333,7.0,2.3333,3.333,5.0,3.0,9.54,0.0,5.0,5.671,3.0,5.0,3.0,15,1,150
3,66.7,2.333,7.0,2.3333,3.333,5.0,3.0,9.54,0.0,5.0,5.671,3.0,5.0,3.0,15,1,200
3,66.7,2.333,7.0,2.3333,3.333,5.0,3.0,9.54,0.0,5.0,5.671,3.0,5.0,3.0,15,1,300
3,66.7,2.333,7.0,2.3333,3.333,5.0,3.0,9.54,0.0,5.0,5.671,3.0,5.0,3.0,15,1,500
3,66.7,2.333,7.0,2.3333,3.333,5.0,3.0,9.54,0.0,5.0,5.671,3.0,5.0,3.0,15,1,1000
2,50.0,1.0,2.0,1.0,1.667,5.0,3.0,10.26,0.0,5.0,2.806,3.0,5.0,3.0,15,2,100
3,66.7,2.333,7.0,2.3333,3.333,5.0,3.0,9.54,0.0,5.0,5.671,3.0,5.0,3.0,15,2,150
3,66.7,2.333,7.0,2.3333,3.333,5.0,3.0,9.54,0.0,5.0,5.671,3.0,5.0,3.0,15,2,200
3,66.7,2.333,7.0,2.3333,3.333,5.0,3.0,9.54,0.0,5.0,5.671,3.0,5.0,3.0,15,2,300
3,66.7,2.333,7.0,2.3333,3.333,5.0,3.0,9.54,0.0,5.0,5.671,3.0,5.0,3.0,15,2,500
3,66.7,2.333,7.0,2.3333,3.333,5.0,3.0,9.54,0.0,5.0,5.671,3.0,5.0,3.0,15,2,1000
2,50.0,1.0,2.0,1.0,1.667,5.0,3.0,10.26,0.0,5.0,2.806,3.0,5.0,3.0,15,3,100
3,66.7,2.333,7.0,2.3333,3.333,5.0,3.0,9.54,0.0,5.0,5.671,3.0,5.0,3.0,15,3,150
3,66.7,2.333,7.0,2.3333,3.333,5.0,3.0,9.54,0.0,5.0,5.671,3.0,5.0,3.0,15,3,200
3,66.7,2.333,7.0,2.3333,3.333,5.0,3.0,9.54,0.0,5.0,5.671,3.0,5.0,3.0,15,3,300
3,66.7,2.333,7.0,2.3333,3.333,5.0,3.0,9.54,0.0,5.0,5.671,3.0,5.0,3.0,15,3,500
3,66.7,2.333,7.0,2.3333,3.333,5.0,3.0,9.54,0.0,5.0,5.671,3.0,5.0,3.0,15,3,1000
2,50.0,1.0,2.0,1.0,1.667,5.0,3.0,10.26,0.0,5.0,2.806,3.0,5.0,3.0,15,4,100
3,66.7,2.333,7.0,2.3333,3.333,5.0,3.0,9.54,0.0,5.0,5.671,3.0,5.0,3.0,15,4,150
3,66.7,2.333,7.0,2.3333,3.333,5.0,3.0,9.54,0.0,5.0,5.671,3.0,5.0,3.0,15,4,200
3,66.7,2.333,7.0,2.3333,3.333,5.0,3.0,9.54,0.0,5.0,5.671,3.0,5.0,3.0,15,4,300
3,66.7,2.333,7.0,2.3333,3.333,5.0,3.0,9.54,0.0,5.0,5.671,3.0,5.0,3.0,15,4,500
3,66.7,2.333,7.0,2.3333,3.333,5.0,3.0,9.54,0.0,5.0,5.671,3.0,5.0,3.0,15,4,1000
2,50.0,1.0,2.0,1.0,1.667,5.0,3.0,10.26,0.0,5.0,2.806,3.0,5.0,3.0,15,5,100
3,66.7,2.333,7.0,2.3333,3.333,5.0,3.0,9.54,0.0,5.0,5.671,3.0,5.0,3.0,15,5,150
3,66.7,2.333,7.0,2.3333,3.333,5.0,3.0,9.54,0.0,5.0,5.671,3.0,5.0,3.0,15,5,200
3,66.7,2.333,7.0,2.3333,3.333,5.0,3.0,9.54,0.0,5.0,5.671,3.0,5.0,3.0,15,5,300
3,66.7,2.333,7.0,2.3333,3.333,5.0,3.0,9.54,0.0,5.0,5.671,3.0,5.0,3.0,15,5,500
3,66.7,2.333,7.0,2.3333,3.333,5.0,3.0,9.54,0.0,5.0,5.671,3.0,5.0,3.0,15,5,1000
2,50.0,1.0,2.0,1.0,1.667,5.0,3.0,10.26,0.0,5.0,2.806,3.0,5.0,3.0,15,7,100
3,66.7,2.333,7.0,2.3333,3.333,5.0,3.0,9.54,0.0,5.0,5.671,3.0,5.0,3.0,15,7,150
3,66.7,2.333,7.0,2.3333,3.333,5.0,3.0,9.54,0.0,5.0,5.671,3.0,5.0,3.0,15,7,200
3,66.7,2.333,7.0,2.3333,3.333,5.0,3.0,9.54,0.0,5.0,5.671,3.0,5.0,3.0,15,7,300
3,66.7,2.333,7.0,2.3333,3.333,5.0,3.0,9.54,0.0,5.0,5.671,3.0,5.0,3.0,15,7,500
3,66.7,2.333,7.0,2.3333,3.333,5.0,3.0,9.54,0.0,5.0,5.671,3.0,5.0,3.0,15,7,1000
2,100.0,2.764,5.53,2.7645,99.0,2.764,0,10.26,0.0,5.0,13.881,0,5.0,4.0,15,1,100
3,100.0,3.51,10.53,3.5097,99.0,3.51,0,9.54,0.0,5.0,15.262,0,5.0,4.0,15,1,150
3,100.0,3.51,10.53,3.5097,99.0,3.51,0,9.54,0.0,5.0,15.262,0,5.0,4.0,15,1,200
3,100.0,3.51,10.53,3.5097,99.0,3.51,0,9.54,0.0,5.0,15.262,0,5.0,4.0,15,1,300
3,100.0,3.51,10.53,3.5097,99.0,3.51,0,9.54,0.0,5.0,15.262,0,5.0,4.0,15,1,500
3,100.0,3.51,10.53,3.5097,99.0,3.51,0,9.54,0.0,5.0,15.262,0,5.0,4.0,15,1,1000
2,100.0,2.764,5.53,2.7645,99.0,2.764,0,10.26,0.0,5.0,13.881,0,5.0,4.0,15,2,100
3,100.0,3.51,10.53,3.5097,99.0,3.51,0,9.54,0.0,5.0,15.262,0,5.0,4.0,15,2,150
3,100.0,3.51,10.53,3.5097,99.0,3.51,0,9.54,0.0,5.0,15.262,0,5.0,4.0,15,2,200
3,100.0,3.51,10.53,3.5097,99.0,3.51,0,9.54,0.0,5.0,15.262,0,5.0,4.0,15,2,300
3,100.0,3.51,10.53,3.5097,99.0,3.51,0,9.54,0.0,5.0,15.262,0,5.0,4.0,15,2,500
3,100.0,3.51,10.53,3.5097,99.0,3.51,0,9.54,0.0,5.0,15.262,0,5.0,4.0,15,2,1000
2,50.0,0.5,1.0,0.5,1.25,5.0,4.0,10.26,0.0,5.0,1.247,4.0,5.0,4.0,15,3,100
3,66.7,2.0,6.0,2.0,2.5,5.0,4.0,9.54,0.0,5.0,4.32,4.0,5.0,4.0,15,3,150
3,66.7,2.0,6.0,2.0,2.5,5.0,4.0,9.54,0.0,5.0,4.32,4.0,5.0,4.0,15,3,200
3,66.7,2.0,6.0,2.0,2.5,5.0,4.0,9.54,0.0,5.0,4.32,4.0,5.0,4.0,15,3,300
3,66.7,2.0,6.0,2.0,2.5,5.0,4.0,9.54,0.0,5.0,4.32,4.0,5.0,4.0,15,3,500
3,66.7,2.0,6.0,2.0,2.5,5.0,4.0,9.54,0.0,5.0,4.32,4.0,5.0,4.0,15,3,1000
2,50.0,0.5,1.0,0.5,1.25,5.0,4.0,10.26,0.0,5.0,1.247,4.0,5.0,4.0,15,4,100
3,66.7,2.0,6.0,2.0,2.5,5.0,4.0,9.54,0.0,5.0,4.32,4.0,5.0,4.0,15,4,150
3,66.7,2.0,6.0,2.0,2.5,5.0,4.0,9.54,0.0,5.0,4.32,4.0,5.0,4.0,15,4,200
3,66.7,2.0,6.0,2.0,2.5,5.0,4.0,9.54,0.0,5.0,4.32,4.0,5.0,4.0,15,4,300
3,66.7,2.0,6.0,2.0,2.5,5.0,4.0,9.54,0.0,5.0,4.32,4.0,5.0,4.0,15,4,500
3,66.7,2.0,6.0,2.0,2.5,5.0,4.0,9.54,0.0,5.0,4.32,4.0,5.0,4.0,15,4,1000
2,50.0,0.5,1.0,0.5,1.25,5.0,4.0,10.26,0.0,5.0,1.247,4.0,5.0,4.0,15,5,100
3,66.7,2.0,6.0,2.0,2.5,5.0,4.0,9.54,0.0,5.0,4.32,4.0,5.0,4.0,15,5,150
3,66.7,2.0,6.0,2.0,2.5,5.0,4.0,9.54,0.0,5.0,4.32,4.0,5.0,4.0,15,5,200
3,66.7,2.0,6.0,2.0,2.5,5.0,4.0,9.54,0.0,5.0,4.32,4.0,5.0,4.0,15,5,300
3,66.7,2.0,6.0,2.0,2.5,5.0,4.0,9.54,0.0,5.0,4.32,4.0,5.0,4.0,15,5,500
3,66.7,2.0,6.0,2.0,2.5,5.0,4.0,9.54,0.0,5.0,4.32,4.0,5.0,4.0,15,5,1000
2,50.0,0.5,1.0,0.5,1.25,5.0,4.0,10.26,0.0,5.0,1.247,4.0,5.0,4.0,15,7,100
3,66.7,2.0,6.0,2.0,2.5,5.0,4.0,9.54,0.0,5.0,4.32,4.0,5.0,4.0,15,7,150
3,66.7,2.0,6.0,2.0,2.5,5.0,4.0,9.54,0.0,5.0,4.32,4.0,5.0,4.0,15,7,200
3,66.7,2.0,6.0,2.0,2.5,5.0,4.0,9.54,0.0,5.0,4.32,4.0,5.0,4.0,15,7,300
3,66.7,2.0,6.0,2.0,2.5,5.0,4.0,9.54,0.0,5.0,4.32,4.0,5.0,4.0,15,7,500
3,66.7,2.0,6.0,2.0,2.5,5.0,4.0,9.54,0.0,5.0,4.32,4.0,5.0,4.0,15,7,1000
2,50.0,3.0,6.0,3.0,4.0,8.0,2.0,10.26,0.0,8.0,6.735,2.0,8.0,2.0,15,1,100
3,66.7,4.667,14.0,4.6667,8.0,8.0,2.0,9.54,0.0,8.0,9.073,2.0,8.0,2.0,15,1,150
3,66.7,4.667,14.0,4.6667,8.0,8.0,2.0,9.54,0.0,8.0,9.073,2.0,8.0,2.0,15,1,200
3,66.7,4.667,14.0,4.6667,8.0,8.0,2.0,9.54,0.0,8.0,9.073,2.0,8.0,2.0,15,1,300
3,66.7,4.667,14.0,4.6667,8.0,8.0,2.0,9.54,0.0,8.0,9.073,2.0,8.0,2.0,15,1,500
3,66.7,4.667,14.0,4.6667,8.0,8.0,2.0,9.54,0.0,8.0,9.073,2.0,8.0,2.0,15,1,1000
2,50.0,3.0,6.0,3.0,4.0,8.0,2.0,10.26,0.0,8.0,6.735,2.0,8.0,2.0,15,2,100
3,66.7,4.667,14.0,4.6667,8.0,8.0,2.0,9.54,0.0,8.0,9.073,2.0,8.0,2.0,15,2,150
3,66.7,4.667,14.0,4.6667,8.0,8.0,2.0,9.54,0.0,8.0,9.073,2.0,8.0,2.0,15,2,200
3,66.7,4.667,14.0,4.6667,8.0,8.0,2.0,9.54,0.0,8.0,9.073,2.0,8.0,2.0,15,2,300
3,66.7,4.667,14.0,4.6667,8.0,8.0,2.0,9.54,0.0,8.0,9.073,2.0,8.0,2.0,15,2,500
3,66.7,4.667,14.0,4.6667,8.0,8.0,2.0,9.54,0.0,8.0,9.073,2.0,8.0,2.0,15,2,1000
2,50.0,3.0,6.0,3.0,4.0,8.0,2.0,10.26,0.0,8.0,6.735,2.0,8.0,2.0,15,3,100
3,66.7,4.667,14.0,4.6667,8.0,8.0,2.0,9.54,0.0,8.0,9.073,2.0,8.0,2.0,15,3,150
3,66.7,4.667,14.0,4.6667,8.0,8.0,2.0,9.54,0.0,8.0,9.073,2.0,8.0,2.0,15,3,200
3,66.7,4.667,14.0,4.6667,8.0,8.0,2.0,9.54,0.0,8.0,9.073,2.0,8.0,2.0,15,3,300
3,66.7,4.667,14.0,4.6667,8.0,8.0,2.0,9.54,0.0,8.0,9.073,2.0,8.0,2.0,15,3,500
3,66.7,4.667,14.0,4.6667,8.0,8.0,2.0,9.54,0.0,8.0,9.073,2.0,8.0,2.0,15,3,1000
2,50.0,3.0,6.0,3.0,4.0,8.0,2.0,10.26,0.0,8.0,6.735,2.0,8.0,2.0,15,4,100
3,66.7,4.667,14.0,4.6667,8.0,8.0,2.0,9.54,0.0,8.0,9.073,2.0,8.0,2.0,15,4,150
3,66.7,4.667,14.0,4.6667,8.0,8.0,2.0,9.54,0.0,8.0,9.073,2.0,8.0,2.0,15,4,200
3,66.7,4.667,14.0,4.6667,8.0,8.0,2.0,9.54,0.0,8.0,9.073,2.0,8.0,2.0,15,4,300
3,66.7,4.667,14.0,4.6667,8.0,8.0,2.0,9.54,0.0,8.0,9.073,2.0,8.0,2.0,15,4,500
3,66.7,4.667,14.0,4.6667,8.0,8.0,2.0,9.54,0.0,8.0,9.073,2.0,8.0,2.0,15,4,1000
2,50.0,3.0,6.0,3.0,4.0,8.0,2.0,10.26,0.0,8.0,6.735,2.0,8.0,2.0,15,5,100
3,66.7,4.667,14.0,4.6667,8.0,8.0,2.0,9.54,0.0,8.0,9.073,2.0,8.0,2.0,15,5,150
3,66.7,4.667,14.0,4.6667,8.0,8.0,2.0,9.54,0.0,8.0,9.073,2.0,8.0,2.0,15,5,200
3,66.7,4.667,14.0,4.6667,8.0,8.0,2.0,9.54,0.0,8.0,9.073,2.0,8.0,2.0,15,5,300
3,66.7,4.667,14.0,4.6667,8.0,8.0,2.0,9.54,0.0,8.0,9.073,2.0,8.0,2.0,15,5,500
3,66.7,4.667,14.0,4.6667,8.0,8.0,2.0,9.54,0.0,8.0,9.073,2.0,8.0,2.0,15,5,1000
2,50.0,3.0,6.0,3.0,4.0,8.0,2.0,10.26,0.0,8.0,6.735,2.0,8.0,2.0,15,7,100
3,66.7,4.667,14.0,4.6667,8.0,8.0,2.0,9.54,0.0,8.0,9.073,2.0,8.0,2.0,15,7,150
3,66.7,4.667,14.0,4.6667,8.0,8.0,2.0,9.54,0.0,8.0,9.073,2.0,8.0,2.0,15,7,200
3,66.7,4.667,14.0,4.6667,8.0,8.0,2.0,9.54,0.0,8.0,9.073,2.0,8.0,2.0,15,7,300
3,66.7,4.667,14.0,4.6667,8.0,8.0,2.0,9.54,0.0,8.0,9.073,2.0,8.0,2.0,15,7,500
3,66.7,4.667,14.0,4.6667,8.0,8.0,2.0,9.54,0.0,8.0,9.073,2.0,8.0,2.0,15,7,1000
2,50.0,2.5,5.0,2.5,2.667,8.0,3.0,10.26,0.0,8.0,5.102,3.0,8.0,3.0,15,1,100
3,66.7,4.333,13.0,4.3333,5.333,8.0,3.0,9.54,0.0,8.0,7.659,3.0,8.0,3.0,15,1,150
3,66.7,4.333,13.0,4.3333,5.333,8.0,3.0,9.54,0.0,8.0,7.659,3.0,8.0,3.0,15,1,200
3,66.7,4.333,13.0,4.3333,5.333,8.0,3.0,9.54,0.0,8.0,7.659,3.0,8.0,3.0,15,1,300
3,66.7,4.333,13.0,4.3333,5.333,8.0,3.0,9.54,0.0,8.0,7.659,3.0,8.0,3.0,15,1,500
3,66.7,4.333,13.0,4.3333,5.333,8.0,3.0,9.54,0.0,8.0,7.659,3.0,8.0,3.0,15,1,1000
2,50.0,2.5,5.0,2.5,2.667,8.0,3.0,10.26,0.0,8.0,5.102,3.0,8.0,3.0,15,2,100
3,66.7,4.333,13.0,4.3333,5.333,8.0,3.0,9.54,0.0,8.0,7.659,3.0,8.0,3.0,15,2,150
3,66.7,4.333,13.0,4.3333,5.333,8.0,3.0,9.54,0.0,8.0,7.659,3.0,8.0,3.0,15,2,200
3,66.7,4.333,13.0,4.3333,5.333,8.0,3.0,9.54,0.0,8.0,7.659,3.0,8.0,3.0,15,2,300
3,66.7,4.333,13.0,4.3333,5.333,8.0,3.0,9.54,0.0,8.0,7.659,3.0,8.0,3.0,15,2,500
3,66.7,4.333,13.0,4.3333,5.333,8.0,3.0,9.54,0.0,8.0,7.659,3.0,8.0,3.0,15,2,1000
2,50.0,2.5,5.0,2.5,2.667,8.0,3.0,10.26,0.0,8.0,5.102,3.0,8.0,3.0,15,3,100
3,66.7,4.333,13.0,4.3333,5.333,8.0,3.0,9.54,0.0,8.0,7.659,3.0,8.0,3.0,15,3,150
3,66.7,4.333,13.0,4.3333,5.333,8.0,3.0,9.54,0.0,8.0,7.659,3.0,8.0,3.0,15,3,200
3,66.7,4.333,13.0,4.3333,5.333,8.0,3.0,9.54,0.0,8.0,7.659,3.0,8.0,3.0,15,3,300
3,66.7,4.333,13.0,4.3333,5.333,8.0,3.0,9.54,0.0,8.0,7.659,3.0,8.0,3.0,15,3,500
3,66.7,4.333,13.0,4.3333,5.333,8.0,3.0,9.54,0.0,8.0,7.659,3.0,8.0,3.0,15,3,1000
2,50.0,2.5,5.0,2.5,2.667,8.0,3.0,10.26,0.0,8.0,5.102,3.0,8.0,3.0,15,4,100
3,66.7,4.333,13.0,4.3333,5.333,8.0,3.0,9.54,0.0,8.0,7.659,3.0,8.0,3.0,15,4,150
3,66.7,4.333,13.0,4.3333,5.333,8.0,3.0,9.54,0.0,8.0,7.659,3.0,8.0,3.0,15,4,200
3,66.7,4.333,13.0,4.3333,5.333,8.0,3.0,9.54,0.0,8.0,7.659,3.0,8.0,3.0,15,4,300
3,66.7,4.333,13.0,4.3333,5.333,8.0,3.0,9.54,0.0,8.0,7.659,3.0,8.0,3.0,15,4,500
3,66.7,4.333,13.0,4.3333,5.333,8.0,3.0,9.54,0.0,8.0,7.659,3.0,8.0,3.0,15,4,1000
2,50.0,2.5,5.0,2.5,2.667,8.0,3.0,10.26,0.0,8.0,5.102,3.0,8.0,3.0,15,5,100
3,66.7,4.333,13.0,4.3333,5.333,8.0,3.0,9.54,0.0,8.0,7.659,3.0,8.0,3.0,15,5,150
3,66.7,4.333,13.0,4.3333,5.333,8.0,3.0,9.54,0.0,8.0,7.659,3.0,8.0,3.0,15,5,200
3,66.7,4.333,13.0,4.3333,5.333,8.0,3.0,9.54,0.0,8.0,7.659,3.0,8.0,3.0,15,5,300
3,66.7,4.333,13.0,4.3333,5.333,8.0,3.0,9.54,0.0,8.0,7.659,3.0,8.0,3.0,15,5,500
3,66.7,4.333,13.0,4.3333,5.333,8.0,3.0,9.54,0.0,8.0,7.659,3.0,8.0,3.0,15,5,1000
2,50.0,2.5,5.0,2.5,2.667,8.0,3.0,10.26,0.0,8.0,5.102,3.0,8.0,3.0,15,7,100
3,66.7,4.333,13.0,4.3333,5.333,8.0,3.0,9.54,0.0,8.0,7.659,3.0,8.0,3.0,15,7,150
3,66.7,4.333,13.0,4.3333,5.333,8.0,3.0,9.54,0.0,8.0,7.659,3.0,8.0,3.0,15,7,200
3,66.7,4.333,13.0,4.3333,5.333,8.0,3.0,9.54,0.0,8.0,7.659,3.0,8.0,3.0,15,7,300
3,66.7,4.333,13.0,4.3333,5.333,8.0,3.0,9.54,0.0,8.0,7.659,3.0,8.0,3.0,15,7,500
3,66.7,4.333,13.0,4.3333,5.333,8.0,3.0,9.54,0.0,8.0,7.659,3.0,8.0,3.0,15,7,1000
2,100.0,4.264,8.53,4.2645,99.0,4.264,0,10.26,0.0,8.0,12.815,0,8.0,4.0,15,1,100
3,100.0,5.51,16.53,5.5097,99.0,5.51,0,9.54,0.0,8.0,14.338,0,8.0,4.0,15,1,150
3,100.0,5.51,16.53,5.5097,99.0,5.51,0,9.54,0.0,8.0,14.338,0,8.0,4.0,15,1,200
3,100.0,5.51,16.53,5.5097,99.0,5.51,0,9.54,0.0,8.0,14.338,0,8.0,4.0,15,1,300
3,100.0,5.51,16.53,5.5097,99.0,5.51,0,9.54,0.0,8.0,14.338,0,8.0,4.0,15,1,500
3,100.0,5.51,16.53,5.5097,99.0,5.51,0,9.54,0.0,8.0,14.338,0,8.0,4.0,15,1,1000
2,100.0,4.264,8.53,4.2645,99.0,4.264,0,10.26,0.0,8.0,12.815,0,8.0,4.0,15,2,100
3,100.0,5.51,16.53,5.5097,99.0,5.51,0,9.54,0.0,8.0,14.338,0,8.0,4.0,15,2,150
3,100.0,5.51,16.53,5.5097,99.0,5.51,0,9.54,0.0,8.0,14.338,0,8.0,4.0,15,2,200
3,100.0,5.51,16.53,5.5097,99.0,5.51,0,9.54,0.0,8.0,14.338,0,8.0,4.0,15,2,300
3,100.0,5.51,16.53,5.5097,99.0,5.51,0,9.54,0.0,8.0,14.338,0,8.0,4.0,15,2,500
3,100.0,5.51,16.53,5.5097,99.0,5.51,0,9.54,0.0,8.0,14.338,0,8.0,4.0,15,2,1000
2,50.0,2.0,4.0,2.0,2.0,8.0,4.0,10.26,0.0,8.0,3.742,4.0,8.0,4.0,15,3,100
3,66.7,4.0,12.0,4.0,4.0,8.0,4.0,9.54,0.0,8.0,6.481,4.0,8.0,4.0,15,3,150
3,66.7,4.0,12.0,4.0,4.0,8.0,4.0,9.54,0.0,8.0,6.481,4.0,8.0,4.0,15,3,200
3,66.7,4.0,12.0,4.0,4.0,8.0,4.0,9.54,0.0,8.0,6.481,4.0,8.0,4.0,15,3,300
3,66.7,4.0,12.0,4.0,4.0,8.0,4.0,9.54,0.0,8.0,6.481,4.0,8.0,4.0,15,3,500
3,66.7,4.0,12.0,4.0,4.0,8.0,4.0,9.54,0.0,8.0,6.481,4.0,8.0,4.0,15,3,1000
2,50.0,2.0,4.0,2.0,2.0,8.0,4.0,10.26,0.0,8.0,3.742,4.0,8.0,4.0,15,4,100
3,66.7,4.0,12.0,4.0,4.0,8.0,4.0,9.54,0.0,8.0,6.481,4.0,8.0,4.0,15,4,150
3,66.7,4.0,12.0,4.0,4.0,8.0,4.0,9.54,0.0,8.0,6.481,4.0,8.0,4.0,15,4,200
3,66.7,4.0,12.0,4.0,4.0,8.0,4.0,9.54,0.0,8.0,6.481,4.0,8.0,4.0,15,4,300
3,66.7,4.0,12.0,4.0,4.0,8.0,4.0,9.54,0.0,8.0,6.481,4.0,8.0,4.0,15,4,500
3,66.7,4.0,12.0,4.0,4.0,8.0,4.0,9.54,0.0,8.0,6.481,4.0,8.0,4.0,15,4,1000
2,50.0,2.0,4.0,2.0,2.0,8.0,4.0,10.26,0.0,8.0,3.742,4.0,8.0,4.0,15,5,100
3,66.7,4.0,12.0,4.0,4.0,8.0,4.0,9.54,0.0,8.0,6.481,4.0,8.0,4.0,15,5,150
3,66.7,4.0,12.0,4.0,4.0,8.0,4.0,9.54,0.0,8.0,6.481,4.0,8.0,4.0,15,5,200
3,66.7,4.0,12.0,4.0,4.0,8.0,4.0,9.54,0.0,8.0,6.481,4.0,8.0,4.0,15,5,300
3,66.7,4.0,12.0,4.0,4.0,8.0,4.0,9.54,0.0,8.0,6.481,4.0,8.0,4.0,15,5,500
3,66.7,4.0,12.0,4.0,4.0,8.0,4.0,9.54,0.0,8.0,6.481,4.0,8.0,4.0,15,5,1000
2,50.0,2.0,4.0,2.0,2.0,8.0,4.0,10.26,0.0,8.0,3.742,4.0,8.0,4.0,15,7,100
3,66.7,4.0,12.0,4.0,4.0,8.0,4.0,9.54,0.0,8.0,6.481,4.0,8.0,4.0,15,7,150
3,66.7,4.0,12.0,4.0,4.0,8.0,4.0,9.54,0.0,8.0,6.481,4.0,8.0,4.0,15,7,200
3,66.7,4.0,12.0,4.0,4.0,8.0,4.0,9.54,0.0,8.0,6.481,4.0,8.0,4.0,15,7,300
3,66.7,4.0,12.0,4.0,4.0,8.0,4.0,9.54,0.0,8.0,6.481,4.0,8.0,4.0,15,7,500
3,66.7,4.0,12.0,4.0,4.0,8.0,4.0,9.54,0.0,8.0,6.481,4.0,8.0,4.0,15,7,1000
2,100.0,4.264,8.53,4.2645,99.0,4.264,0,10.26,0.0,8.0,12.815,0,8.0,5.0,15,1,100
3,100.0,5.51,16.53,5.5097,99.0,5.51,0,9.54,0.0,8.0,14.338,0,8.0,5.0,15,1,150
3,100.0,5.51,16.53,5.5097,99.0,5.51,0,9.54,0.0,8.0,14.338,0,8.0,5.0,15,1,200
3,100.0,5.51,16.53,5.5097,99.0,5.51,0,9.54,0.0,8.0,14.338,0,8.0,5.0,15,1,300
3,100.0,5.51,16.53,5.5097,99.0,5.51,0,9.54,0.0,8.0,14.338,0,8.0,5.0,15,1,500
3,100.0,5.51,16.53,5.5097,99.0,5.51,0,9.54,0.0,8.0,14.338,0,8.0,5.0,15,1,1000
2,100.0,4.264,8.53,4.2645,99.0,4.264,0,10.26,0.0,8.0,12.815,0,8.0,5.0,15,2,100
3,100.0,5.51,16.53,5.5097,99.0,5.51,0,9.54,0.0,8.0,14.338,0,8.0,5.0,15,2,150
3,100.0,5.51,16.53,5.5097,99.0,5.51,0,9.54,0.0,8.0,14.338,0,8.0,5.0,15,2,200
3,100.0,5.51,16.53,5.5097,99.0,5.51,0,9.54,0.0,8.0,14.338,0,8.0,5.0,15,2,300
3,100.0,5.51,16.53,5.5097,99.0,5.51,0,9.54,0.0,8.0,14.338,0,8.0,5.0,15,2,500
3,100.0,5.51,16.53,5.5097,99.0,5.51,0,9.54,0.0,8.0,14.338,0,8.0,5.0,15,2,1000
2,50.0,1.5,3.0,1.5,1.6,8.0,5.0,10.26,0.0,8.0,2.59,5.0,8.0,5.0,15,3,100
3,66.7,3.667,11.0,3.6667,3.2,8.0,5.0,9.54,0.0,8.0,5.484,5.0,8.0,5.0,15,3,150
3,66.7,3.667,11.0,3.6667,3.2,8.0,5.0,9.54,0.0,8.0,5.484,5.0,8.0,5.0,15,3,200
3,66.7,3.667,11.0,3.6667,3.2,8.0,5.0,9.54,0.0,8.0,5.484,5.0,8.0,5.0,15,3,300
3,66.7,3.667,11.0,3.6667,3.2,8.0,5.0,9.54,0.0,8.0,5.484,5.0,8.0,5.0,15,3,500
3,66.7,3.667,11.0,3.6667,3.2,8.0,5.0,9.54,0.0,8.0,5.484,5.0,8.0,5.0,15,3,1000
2,50.0,1.5,3.0,1.5,1.6,8.0,5.0,10.26,0.0,8.0,2.59,5.0,8.0,5.0,15,4,100
3,66.7,3.667,11.0,3.6667,3.2,8.0,5.0,9.54,0.0,8.0,5.484,5.0,8.0,5.0,15,4,150
3,66.7,3.667,11.0,3.6667,3.2,8.0,5.0,9.54,0.0,8.0,5.484,5.0,8.0,5.0,15,4,200
3,66.7,3.667,11.0,3.6667,3.2,8.0,5.0,9.54,0.0,8.0,5.484,5.0,8.0,5.0,15,4,300
3,66.7,3.667,11.0,3.6667,3.2,8.0,5.0,9.54,0.0,8.0,5.484,5.0,8.0,5.0,15,4,500
3,66.7,3.667,11.0,3.6667,3.2,8.0,5.0,9.54,0.0,8.0,5.484,5.0,8.0,5.0,15,4,1000
2,50.0,1.5,3.0,1.5,1.6,8.0,5.0,10.26,0.0,8.0,2.59,5.0,8.0,5.0,15,5,100
3,66.7,3.667,11.0,3.6667,3.2,8.0,5.0,9.54,0.0,8.0,5.484,5.0,8.0,5.0,15,5,150
3,66.7,3.667,11.0,3.6667,3.2,8.0,5.0,9.54,0.0,8.0,5.484,5.0,8.0,5.0,15,5,200
3,66.7,3.667,11.0,3.6667,3.2,8.0,5.0,9.54,0.0,8.0,5.484,5.0,8.0,5.0,15,5,300
3,66.7,3.667,11.0,3.6667,3.2,8.0,5.0,9.54,0.0,8.0,5.484,5.0,8.0,5.0,15,5,500
3,66.7,3.667,11.0,3.6667,3.2,8.0,5.0,9.54,0.0,8.0,5.484,5.0,8.0,5.0,15,5,1000
2,50.0,1.5,3.0,1.5,1.6,8.0,5.0,10.26,0.0,8.0,2.59,5.0,8.0,5.0,15,7,100
3,66.7,3.667,11.0,3.6667,3.2,8.0,5.0,9.54,0.0,8.0,5.484,5.0,8.0,5.0,15,7,150
3,66.7,3.667,11.0,3.6667,3.2,8.0,5.0,9.54,0.0,8.0,5.484,5.0,8.0,5.0,15,7,200
3,66.7,3.667,11.0,3.6667,3.2,8.0,5.0,9.54,0.0,8.0,5.484,5.0,8.0,5.0,15,7,300
3,66.7,3.667,11.0,3.6667,3.2,8.0,5.0,9.54,0.0,8.0,5.484,5.0,8.0,5.0,15,7,500
3,66.7,3.667,11.0,3.6667,3.2,8.0,5.0,9.54,0.0,8.0,5.484,5.0,8.0,5.0,15,7,1000
2,100.0,4.264,8.53,4.2645,99.0,4.264,0,10.26,0.0,8.0,12.815,0,8.0,6.0,15,1,100
3,100.0,5.51,16.53,5.5097,99.0,5.51,0,9.54,0.0,8.0,14.338,0,8.0,6.0,15,1,150
3,100.0,5.51,16.53,5.5097,99.0,5.51,0,9.54,0.0,8.0,14.338,0,8.0,6.0,15,1,200
3,100.0,5.51,16.53,5.5097,99.0,5.51,0,9.54,0.0,8.0,14.338,0,8.0,6.0,15,1,300
3,100.0,5.51,16.53,5.5097,99.0,5.51,0,9.54,0.0,8.0,14.338,0,8.0,6.0,15,1,500
3,100.0,5.51,16.53,5.5097,99.0,5.51,0,9.54,0.0,8.0,14.338,0,8.0,6.0,15,1,1000
2,100.0,4.264,8.53,4.2645,99.0,4.264,0,10.26,0.0,8.0,12.815,0,8.0,6.0,15,2,100
3,100.0,5.51,16.53,5.5097,99.0,5.51,0,9.54,0.0,8.0,14.338,0,8.0,6.0,15,2,150
3,100.0,5.51,16.53,5.5097,99.0,5.51,0,9.54,0.0,8.0,14.338,0,8.0,6.0,15,2,200
3,100.0,5.51,16.53,5.5097,99.0,5.51,0,9.54,0.0,8.0,14.338,0,8.0,6.0,15,2,300
3,100.0,5.51,16.53,5.5097,99.0,5.51,0,9.54,0.0,8.0,14.338,0,8.0,6.0,15,2,500
3,100.0,5.51,16.53,5.5097,99.0,5.51,0,9.54,0.0,8.0,14.338,0,8.0,6.0,15,2,1000
2,50.0,1.0,2.0,1.0,1.333,8.0,6.0,10.26,0.0,8.0,1.604,6.0,8.0,6.0,15,3,100
3,66.7,3.333,10.0,3.3333,2.667,8.0,6.0,9.54,0.0,8.0,4.629,6.0,8.0,6.0,15,3,150
3,66.7,3.333,10.0,3.3333,2.667,8.0,6.0,9.54,0.0,8.0,4.629,6.0,8.0,6.0,15,3,200
3,66.7,3.333,10.0,3.3333,2.667,8.0,6.0,9.54,0.0,8.0,4.629,6.0,8.0,6.0,15,3,300
3,66.7,3.333,10.0,3.3333,2.667,8.0,6.0,9.54,0.0,8.0,4.629,6.0,8.0,6.0,15,3,500
3,66.7,3.333,10.0,3.3333,2.667,8.0,6.0,9.54,0.0,8.0,4.629,6.0,8.0,6.0,15,3,1000
2,50.0,1.0,2.0,1.0,1.333,8.0,6.0,10.26,0.0,8.0,1.604,6.0,8.0,6.0,15,4,100
3,66.7,3.333,10.0,3.3333,2.667,8.0,6.0,9.54,0.0,8.0,4.629,6.0,8.0,6.0,15,4,150
3,66.7,3.333,10.0,3.3333,2.667,8.0,6.0,9.54,0.0,8.0,4.629,6.0,8.0,6.0,15,4,200
3,66.7,3.333,10.0,3.3333,2.667,8.0,6.0,9.54,0.0,8.0,4.629,6.0,8.0,6.0,15,4,300
3,66.7,3.333,10.0,3.3333,2.667,8.0,6.0,9.54,0.0,8.0,4.629,6.0,8.0,6.0,15,4,500
3,66.7,3.333,10.0,3.3333,2.667,8.0,6.0,9.54,0.0,8.0,4.629,6.0,8.0,6.0,15,4,1000
2,50.0,1.0,2.0,1.0,1.333,8.0,6.0,10.26,0.0,8.0,1.604,6.0,8.0,6.0,15,5,100
3,66.7,3.333,10.0,3.3333,2.667,8.0,6.0,9.54,0.0,8.0,4.629,6.0,8.0,6.0,15,5,150
3,66.7,3.333,10.0,3.3333,2.667,8.0,6.0,9.54,0.0,8.0,4.629,6.0,8.0,6.0,15,5,200
3,66.7,3.333,10.0,3.3333,2.667,8.0,6.0,9.54,0.0,8.0,4.629,6.0,8.0,6.0,15,5,300
3,66.7,3.333,10.0,3.3333,2.667,8.0,6.0,9.54,0.0,8.0,4.629,6.0,8.0,6.0,15,5,500
3,66.7,3.333,10.0,3.3333,2.667,8.0,6.0,9.54,0.0,8.0,4.629,6.0,8.0,6.0,15,5,1000
2,50.0,1.0,2.0,1.0,1.333,8.0,6.0,10.26,0.0,8.0,1.604,6.0,8.0,6.0,15,7,100
3,66.7,3.333,10.0,3.3333,2.667,8.0,6.0,9.54,0.0,8.0,4.629,6.0,8.0,6.0,15,7,150
3,66.7,3.333,10.0,3.3333,2.667,8.0,6.0,9.54,0.0,8.0,4.629,6.0,8.0,6.0,15,7,200
3,66.7,3.333,10.0,3.3333,2.667,8.0,6.0,9.54,0.0,8.0,4.629,6.0,8.0,6.0,15,7,300
3,66.7,3.333,10.0,3.3333,2.667,8.0,6.0,9.54,0.0,8.0,4.629,6.0,8.0,6.0,15,7,500
3,66.7,3.333,10.0,3.3333,2.667,8.0,6.0,9.54,0.0,8.0,4.629,6.0,8.0,6.0,15,7,1000
2,50.0,4.0,8.0,4.0,5.0,10.0,2.0,10.26,0.0,10.0,7.483,2.0,10.0,2.0,15,1,100
3,66.7,4.25,12.75,4.2503,7.376,7.376,2.0,9.54,0.0,10.0,7.931,2.0,10.0,2.0,15,1,150
3,66.7,4.25,12.75,4.2503,7.376,7.376,2.0,9.54,0.0,10.0,7.931,2.0,10.0,2.0,15,1,200
3,66.7,4.25,12.75,4.2503,7.376,7.376,2.0,9.54,0.0,10.0,7.931,2.0,10.0,2.0,15,1,300
3,66.7,4.25,12.75,4.2503,7.376,7.376,2.0,9.54,0.0,10.0,7.931,2.0,10.0,2.0,15,1,500
3,66.7,4.25,12.75,4.2503,7.376,7.376,2.0,9.54,0.0,10.0,7.931,2.0,10.0,2.0,15,1,1000
2,50.0,4.0,8.0,4.0,5.0,10.0,2.0,10.26,0.0,10.0,7.483,2.0,10.0,2.0,15,2,100
3,66.7,6.0,18.0,6.0,10.0,10.0,2.0,28.93,0.0,10.0,9.721,2.0,10.0,2.0,15,2,150
3,66.7,6.0,18.0,6.0,10.0,10.0,2.0,28.93,0.0,10.0,9.721,2.0,10.0,2.0,15,2,200
3,66.7,6.0,18.0,6.0,10.0,10.0,2.0,28.93,0.0,10.0,9.721,2.0,10.0,2.0,15,2,300
3,66.7,6.0,18.0,6.0,10.0,10.0,2.0,28.93,0.0,10.0,9.721,2.0,10.0,2.0,15,2,500
3,66.7,6.0,18.0,6.0,10.0,10.0,2.0,28.93,0.0,10.0,9.721,2.0,10.0,2.0,15,2,1000
2,50.0,4.0,8.0,4.0,5.0,10.0,2.0,10.26,0.0,10.0,7.483,2.0,10.0,2.0,15,3,100
3,66.7,6.0,18.0,6.0,10.0,10.0,2.0,28.93,0.0,10.0,9.721,2.0,10.0,2.0,15,3,150
3,66.7,6.0,18.0,6.0,10.0,10.0,2.0,28.93,0.0,10.0,9.721,2.0,10.0,2.0,15,3,200
3,66.7,6.0,18.0,6.0,10.0,10.0,2.0,28.93,0.0,10.0,9.721,2.0,10.0,2.0,15,3,300
3,66.7,6.0,18.0,6.0,10.0,10.0,2.0,28.93,0.0,10.0,9.721,2.0,10.0,2.0,15,3,500
3,66.7,6.0,18.0,6.0,10.0,10.0,2.0,28.93,0.0,10.0,9.721,2.0,10.0,2.0,15,3,1000
2,50.0,4.0,8.0,4.0,5.0,10.0,2.0,10.26,0.0,10.0,7.483,2.0,10.0,2.0,15,4,100
3,66.7,6.0,18.0,6.0,10.0,10.0,2.0,28.93,0.0,10.0,9.721,2.0,10.0,2.0,15,4,150
3,66.7,6.0,18.0,6.0,10.0,10.0,2.0,28.93,0.0,10.0,9.721,2.0,10.0,2.0,15,4,200
3,66.7,6.0,18.0,6.0,10.0,10.0,2.0,28.93,0.0,10.0,9.721,2.0,10.0,2.0,15,4,300
3,66.7,6.0,18.0,6.0,10.0,10.0,2.0,28.93,0.0,10.0,9.721,2.0,10.0,2.0,15,4,500
3,66.7,6.0,18.0,6.0,10.0,10.0,2.0,28.93,0.0,10.0,9.721,2.0,10.0,2.0,15,4,1000
2,50.0,4.0,8.0,4.0,5.0,10.0,2.0,10.26,0.0,10.0,7.483,2.0,10.0,2.0,15,5,100
3,66.7,6.0,18.0,6.0,10.0,10.0,2.0,28.93,0.0,10.0,9.721,2.0,10.0,2.0,15,5,150
3,66.7,6.0,18.0,6.0,10.0,10.0,2.0,28.93,0.0,10.0,9.721,2.0,10.0,2.0,15,5,200
3,66.7,6.0,18.0,6.0,10.0,10.0,2.0,28.93,0.0,10.0,9.721,2.0,10.0,2.0,15,5,300
3,66.7,6.0,18.0,6.0,10.0,10.0,2.0,28.93,0.0,10.0,9.721,2.0,10.0,2.0,15,5,500
3,66.7,6.0,18.0,6.0,10.0,10.0,2.0,28.93,0.0,10.0,9.721,2.0,10.0,2.0,15,5,1000
2,50.0,4.0,8.0,4.0,5.0,10.0,2.0,10.26,0.0,10.0,7.483,2.0,10.0,2.0,15,7,100
3,66.7,6.0,18.0,6.0,10.0,10.0,2.0,28.93,0.0,10.0,9.721,2.0,10.0,2.0,15,7,150
3,66.7,6.0,18.0,6.0,10.0,10.0,2.0,28.93,0.0,10.0,9.721,2.0,10.0,2.0,15,7,200
3,66.7,6.0,18.0,6.0,10.0,10.0,2.0,28.93,0.0,10.0,9.721,2.0,10.0,2.0,15,7,300
3,66.7,6.0,18.0,6.0,10.0,10.0,2.0,28.93,0.0,10.0,9.721,2.0,10.0,2.0,15,7,500
3,66.7,6.0,18.0,6.0,10.0,10.0,2.0,28.93,0.0,10.0,9.721,2.0,10.0,2.0,15,7,1000
2,50.0,3.5,7.0,3.5,3.333,10.0,3.0,10.26,0.0,10.0,6.044,3.0,10.0,3.0,15,1,100
3,66.7,3.917,11.75,3.917,4.917,7.376,3.0,9.54,0.0,10.0,6.723,3.0,10.0,3.0,15,1,150
3,66.7,3.917,11.75,3.917,4.917,7.376,3.0,9.54,0.0,10.0,6.723,3.0,10.0,3.0,15,1,200
3,66.7,3.917,11.75,3.917,4.917,7.376,3.0,9.54,0.0,10.0,6.723,3.0,10.0,3.0,15,1,300
3,66.7,3.917,11.75,3.917,4.917,7.376,3.0,9.54,0.0,10.0,6.723,3.0,10.0,3.0,15,1,500
3,66.7,3.917,11.75,3.917,4.917,7.376,3.0,9.54,0.0,10.0,6.723,3.0,10.0,3.0,15,1,1000
2,50.0,3.5,7.0,3.5,3.333,10.0,3.0,10.26,0.0,10.0,6.044,3.0,10.0,3.0,15,2,100
3,66.7,5.667,17.0,5.6667,6.667,10.0,3.0,28.93,0.0,10.0,8.475,3.0,10.0,3.0,15,2,150
3,66.7,5.667,17.0,5.6667,6.667,10.0,3.0,28.93,0.0,10.0,8.475,3.0,10.0,3.0,15,2,200
3,66.7,5.667,17.0,5.6667,6.667,10.0,3.0,28.93,0.0,10.0,8.475,3.0,10.0,3.0,15,2,300
3,66.7,5.667,17.0,5.6667,6.667,10.0,3.0,28.93,0.0,10.0,8.475,3.0,10.0,3.0,15,2,500
3,66.7,5.667,17.0,5.6667,6.667,10.0,3.0,28.93,0.0,10.0,8.475,3.0,10.0,3.0,15,2,1000
2,50.0,3.5,7.0,3.5,3.333,10.0,3.0,10.26,0.0,10.0,6.044,3.0,10.0,3.0,15,3,100
3,66.7,5.667,17.0,5.6667,6.667,10.0,3.0,28.93,0.0,10.0,8.475,3.0,10.0,3.0,15,3,150
3,66.7,5.667,17.0,5.6667,6.667,10.0,3.0,28.93,0.0,10.0,8.475,3.0,10.0,3.0,15,3,200
3,66.7,5.667,17.0,5.6667,6.667,10.0,3.0,28.93,0.0,10.0,8.475,3.0,10.0,3.0,15,3,300
3,66.7,5.667,17.0,5.6667,6.667,10.0,3.0,28.93,0.0,10.0,8.475,3.0,10.0,3.0,15,3,500
3,66.7,5.667,17.0,5.6667,6.667,10.0,3.0,28.93,0.0,10.0,8.475,3.0,10.0,3.0,15,3,1000
2,50.0,3.5,7.0,3.5,3.333,10.0,3.0,10.26,0.0,10.0,6.044,3.0,10.0,3.0,15,4,100
3,66.7,5.667,17.0,5.6667,6.667,10.0,3.0,28.93,0.0,10.0,8.475,3.0,10.0,3.0,15,4,150
3,66.7,5.667,17.0,5.6667,6.667,10.0,3.0,28.93,0.0,10.0,8.475,3.0,10.0,3.0,15,4,200
3,66.7,5.667,17.0,5.6667,6.667,10.0,3.0,28.93,0.0,10.0,8.475,3.0,10.0,3.0,15,4,300
3,66.7,5.667,17.0,5.6667,6.667,10.0,3.0,28.93,0.0,10.0,8.475,3.0,10.0,3.0,15,4,500
3,66.7,5.667,17.0,5.6667,6.667,10.0,3.0,28.93,0.0,10.0,8.475,3.0,10.0,3.0,15,4,1000
2,50.0,3.5,7.0,3.5,3.333,10.0,3.0,10.26,0.0,10.0,6.044,3.0,10.0,3.0,15,5,100
3,66.7,5.667,17.0,5.6667,6.667,10.0,3.0,28.93,0.0,10.0,8.475,3.0,10.0,3.0,15,5,150
3,66.7,5.667,17.0,5.6667,6.667,10.0,3.0,28.93,0.0,10.0,8.475,3.0,10.0,3.0,15,5,200
3,66.7,5.667,17.0,5.6667,6.667,10.0,3.0,28.93,0.0,10.0,8.475,3.0,10.0,3.0,15,5,300
3,66.7,5.667,17.0,5.6667,6.667,10.0,3.0,28.93,0.0,10.0,8.475,3.0,10.0,3.0,15,5,500
3,66.7,5.667,17.0,5.6667,6.667,10.0,3.0,28.93,0.0,10.0,8.475,3.0,10.0,3.0,15,5,1000
2,50.0,3.5,7.0,3.5,3.333,10.0,3.0,10.26,0.0,10.0,6.044,3.0,10.0,3.0,15,7,100
3,66.7,5.667,17.0,5.6667,6.667,10.0,3.0,28.93,0.0,10.0,8.475,3.0,10.0,3.0,15,7,150
3,66.7,5.667,17.0,5.6667,6.667,10.0,3.0,28.93,0.0,10.0,8.475,3.0,10.0,3.0,15,7,200
3,66.7,5.667,17.0,5.6667,6.667,10.0,3.0,28.93,0.0,10.0,8.475,3.0,10.0,3.0,15,7,300
3,66.7,5.667,17.0,5.6667,6.667,10.0,3.0,28.93,0.0,10.0,8.475,3.0,10.0,3.0,15,7,500
3,66.7,5.667,17.0,5.6667,6.667,10.0,3.0,28.93,0.0,10.0,8.475,3.0,10.0,3.0,15,7,1000
2,100.0,5.264,10.53,5.2645,99.0,5.264,0,10.26,0.0,10.0,12.479,0,10.0,4.0,15,1,100
3,100.0,5.093,15.28,5.0933,99.0,5.093,0,9.54,0.0,10.0,12.05,0,10.0,4.0,15,1,150
3,100.0,5.093,15.28,5.0933,99.0,5.093,0,9.54,0.0,10.0,12.05,0,10.0,4.0,15,1,200
3,100.0,5.093,15.28,5.0933,99.0,5.093,0,9.54,0.0,10.0,12.05,0,10.0,4.0,15,1,300
3,100.0,5.093,15.28,5.0933,99.0,5.093,0,9.54,0.0,10.0,12.05,0,10.0,4.0,15,1,500
3,100.0,5.093,15.28,5.0933,99.0,5.093,0,9.54,0.0,10.0,12.05,0,10.0,4.0,15,1,1000
2,100.0,5.264,10.53,5.2645,99.0,5.264,0,10.26,0.0,10.0,12.479,0,10.0,4.0,15,2,100
3,100.0,6.843,20.53,6.843,99.0,6.843,0,28.93,0.0,10.0,14.047,0,10.0,4.0,15,2,150
3,100.0,6.843,20.53,6.843,99.0,6.843,0,28.93,0.0,10.0,14.047,0,10.0,4.0,15,2,200
3,100.0,6.843,20.53,6.843,99.0,6.843,0,28.93,0.0,10.0,14.047,0,10.0,4.0,15,2,300
3,100.0,6.843,20.53,6.843,99.0,6.843,0,28.93,0.0,10.0,14.047,0,10.0,4.0,15,2,500
3,100.0,6.843,20.53,6.843,99.0,6.843,0,28.93,0.0,10.0,14.047,0,10.0,4.0,15,2,1000
2,50.0,3.0,6.0,3.0,2.5,10.0,4.0,10.26,0.0,10.0,4.811,4.0,10.0,4.0,15,3,100
3,66.7,5.333,16.0,5.3333,5.0,10.0,4.0,28.93,0.0,10.0,7.407,4.0,10.0,4.0,15,3,150
3,66.7,5.333,16.0,5.3333,5.0,10.0,4.0,28.93,0.0,10.0,7.407,4.0,10.0,4.0,15,3,200
3,66.7,5.333,16.0,5.3333,5.0,10.0,4.0,28.93,0.0,10.0,7.407,4.0,10.0,4.0,15,3,300
3,66.7,5.333,16.0,5.3333,5.0,10.0,4.0,28.93,0.0,10.0,7.407,4.0,10.0,4.0,15,3,500
3,66.7,5.333,16.0,5.3333,5.0,10.0,4.0,28.93,0.0,10.0,7.407,4.0,10.0,4.0,15,3,1000
2,50.0,3.0,6.0,3.0,2.5,10.0,4.0,10.26,0.0,10.0,4.811,4.0,10.0,4.0,15,4,100
3,66.7,5.333,16.0,5.3333,5.0,10.0,4.0,28.93,0.0,10.0,7.407,4.0,10.0,4.0,15,4,150
3,66.7,5.333,16.0,5.3333,5.0,10.0,4.0,28.93,0.0,10.0,7.407,4.0,10.0,4.0,15,4,200
3,66.7,5.333,16.0,5.3333,5.0,10.0,4.0,28.93,0.0,10.0,7.407,4.0,10.0,4.0,15,4,300
3,66.7,5.333,16.0,5.3333,5.0,10.0,4.0,28.93,0.0,10.0,7.407,4.0,10.0,4.0,15,4,500
3,66.7,5.333,16.0,5.3333,5.0,10.0,4.0,28.93,0.0,10.0,7.407,4.0,10.0,4.0,15,4,1000
2,50.0,3.0,6.0,3.0,2.5,10.0,4.0,10.26,0.0,10.0,4.811,4.0,10.0,4.0,15,5,100
3,66.7,5.333,16.0,5.3333,5.0,10.0,4.0,28.93,0.0,10.0,7.407,4.0,10.0,4.0,15,5,150
3,66.7,5.333,16.0,5.3333,5.0,10.0,4.0,28.93,0.0,10.0,7.407,4.0,10.0,4.0,15,5,200
3,66.7,5.333,16.0,5.3333,5.0,10.0,4.0,28.93,0.0,10.0,7.407,4.0,10.0,4.0,15,5,300
3,66.7,5.333,16.0,5.3333,5.0,10.0,4.0,28.93,0.0,10.0,7.407,4.0,10.0,4.0,15,5,500
3,66.7,5.333,16.0,5.3333,5.0,10.0,4.0,28.93,0.0,10.0,7.407,4.0,10.0,4.0,15,5,1000
2,50.0,3.0,6.0,3.0,2.5,10.0,4.0,10.26,0.0,10.0,4.811,4.0,10.0,4.0,15,7,100
3,66.7,5.333,16.0,5.3333,5.0,10.0,4.0,28.93,0.0,10.0,7.407,4.0,10.0,4.0,15,7,150
3,66.7,5.333,16.0,5.3333,5.0,10.0,4.0,28.93,0.0,10.0,7.407,4.0,10.0,4.0,15,7,200
3,66.7,5.333,16.0,5.3333,5.0,10.0,4.0,28.93,0.0,10.0,7.407,4.0,10.0,4.0,15,7,300
3,66.7,5.333,16.0,5.3333,5.0,10.0,4.0,28.93,0.0,10.0,7.407,4.0,10.0,4.0,15,7,500
3,66.7,5.333,16.0,5.3333,5.0,10.0,4.0,28.93,0.0,10.0,7.407,4.0,10.0,4.0,15,7,1000
2,100.0,5.264,10.53,5.2645,99.0,5.264,0,10.26,0.0,10.0,12.479,0,10.0,5.0,15,1,100
3,100.0,5.093,15.28,5.0933,99.0,5.093,0,9.54,0.0,10.0,12.05,0,10.0,5.0,15,1,150
3,100.0,5.093,15.28,5.0933,99.0,5.093,0,9.54,0.0,10.0,12.05,0,10.0,5.0,15,1,200
3,100.0,5.093,15.28,5.0933,99.0,5.093,0,9.54,0.0,10.0,12.05,0,10.0,5.0,15,1,300
3,100.0,5.093,15.28,5.0933,99.0,5.093,0,9.54,0.0,10.0,12.05,0,10.0,5.0,15,1,500
3,100.0,5.093,15.28,5.0933,99.0,5.093,0,9.54,0.0,10.0,12.05,0,10.0,5.0,15,1,1000
2,100.0,5.264,10.53,5.2645,99.0,5.264,0,10.26,0.0,10.0,12.479,0,10.0,5.0,15,2,100
3,100.0,6.843,20.53,6.843,99.0,6.843,0,28.93,0.0,10.0,14.047,0,10.0,5.0,15,2,150
3,100.0,6.843,20.53,6.843,99.0,6.843,0,28.93,0.0,10.0,14.047,0,10.0,5.0,15,2,200
3,100.0,6.843,20.53,6.843,99.0,6.843,0,28.93,0.0,10.0,14.047,0,10.0,5.0,15,2,300
3,100.0,6.843,20.53,6.843,99.0,6.843,0,28.93,0.0,10.0,14.047,0,10.0,5.0,15,2,500
3,100.0,6.843,20.53,6.843,99.0,6.843,0,28.93,0.0,10.0,14.047,0,10.0,5.0,15,2,1000
2,50.0,2.5,5.0,2.5,2.0,10.0,5.0,10.26,0.0,10.0,3.742,5.0,10.0,5.0,15,3,100
3,66.7,5.0,15.0,5.0,4.0,10.0,5.0,28.93,0.0,10.0,6.481,5.0,10.0,5.0,15,3,150
3,66.7,5.0,15.0,5.0,4.0,10.0,5.0,28.93,0.0,10.0,6.481,5.0,10.0,5.0,15,3,200
3,66.7,5.0,15.0,5.0,4.0,10.0,5.0,28.93,0.0,10.0,6.481,5.0,10.0,5.0,15,3,300
3,66.7,5.0,15.0,5.0,4.0,10.0,5.0,28.93,0.0,10.0,6.481,5.0,10.0,5.0,15,3,500
3,66.7,5.0,15.0,5.0,4.0,10.0,5.0,28.93,0.0,10.0,6.481,5.0,10.0,5.0,15,3,1000
2,50.0,2.5,5.0,2.5,2.0,10.0,5.0,10.26,0.0,10.0,3.742,5.0,10.0,5.0,15,4,100
3,66.7,5.0,15.0,5.0,4.0,10.0,5.0,28.93,0.0,10.0,6.481,5.0,10.0,5.0,15,4,150
3,66.7,5.0,15.0,5.0,4.0,10.0,5.0,28.93,0.0,10.0,6.481,5.0,10.0,5.0,15,4,200
3,66.7,5.0,15.0,5.0,4.0,10.0,5.0,28.93,0.0,10.0,6.481,5.0,10.0,5.0,15,4,300
3,66.7,5.0,15.0,5.0,4.0,10.0,5.0,28.93,0.0,10.0,6.481,5.0,10.0,5.0,15,4,500
3,66.7,5.0,15.0,5.0,4.0,10.0,5.0,28.93,0.0,10.0,6.481,5.0,10.0,5.0,15,4,1000
2,50.0,2.5,5.0,2.5,2.0,10.0,5.0,10.26,0.0,10.0,3.742,5.0,10.0,5.0,15,5,100
3,66.7,5.0,15.0,5.0,4.0,10.0,5.0,28.93,0.0,10.0,6.481,5.0,10.0,5.0,15,5,150
3,66.7,5.0,15.0,5.0,4.0,10.0,5.0,28.93,0.0,10.0,6.481,5.0,10.0,5.0,15,5,200
3,66.7,5.0,15.0,5.0,4.0,10.0,5.0,28.93,0.0,10.0,6.481,5.0,10.0,5.0,15,5,300
3,66.7,5.0,15.0,5.0,4.0,10.0,5.0,28.93,0.0,10.0,6.481,5.0,10.0,5.0,15,5,500
3,66.7,5.0,15.0,5.0,4.0,10.0,5.0,28.93,0.0,10.0,6.481,5.0,10.0,5.0,15,5,1000
2,50.0,2.5,5.0,2.5,2.0,10.0,5.0,10.26,0.0,10.0,3.742,5.0,10.0,5.0,15,7,100
3,66.7,5.0,15.0,5.0,4.0,10.0,5.0,28.93,0.0,10.0,6.481,5.0,10.0,5.0,15,7,150
3,66.7,5.0,15.0,5.0,4.0,10.0,5.0,28.93,0.0,10.0,6.481,5.0,10.0,5.0,15,7,200
3,66.7,5.0,15.0,5.0,4.0,10.0,5.0,28.93,0.0,10.0,6.481,5.0,10.0,5.0,15,7,300
3,66.7,5.0,15.0,5.0,4.0,10.0,5.0,28.93,0.0,10.0,6.481,5.0,10.0,5.0,15,7,500
3,66.7,5.0,15.0,5.0,4.0,10.0,5.0,28.93,0.0,10.0,6.481,5.0,10.0,5.0,15,7,1000
2,100.0,5.264,10.53,5.2645,99.0,5.264,0,10.26,0.0,10.0,12.479,0,10.0,6.0,15,1,100
3,100.0,5.093,15.28,5.0933,99.0,5.093,0,9.54,0.0,10.0,12.05,0,10.0,6.0,15,1,150
3,100.0,5.093,15.28,5.0933,99.0,5.093,0,9.54,0.0,10.0,12.05,0,10.0,6.0,15,1,200
3,100.0,5.093,15.28,5.0933,99.0,5.093,0,9.54,0.0,10.0,12.05,0,10.0,6.0,15,1,300
3,100.0,5.093,15.28,5.0933,99.0,5.093,0,9.54,0.0,10.0,12.05,0,10.0,6.0,15,1,500
3,100.0,5.093,15.28,5.0933,99.0,5.093,0,9.54,0.0,10.0,12.05,0,10.0,6.0,15,1,1000
2,100.0,5.264,10.53,5.2645,99.0,5.264,0,10.26,0.0,10.0,12.479,0,10.0,6.0,15,2,100
3,100.0,6.843,20.53,6.843,99.0,6.843,0,28.93,0.0,10.0,14.047,0,10.0,6.0,15,2,150
3,100.0,6.843,20.53,6.843,99.0,6.843,0,28.93,0.0,10.0,14.047,0,10.0,6.0,15,2,200
3,100.0,6.843,20.53,6.843,99.0,6.843,0,28.93,0.0,10.0,14.047,0,10.0,6.0,15,2,300
3,100.0,6.843,20.53,6.843,99.0,6.843,0,28.93,0.0,10.0,14.047,0,10.0,6.0,15,2,500
3,100.0,6.843,20.53,6.843,99.0,6.843,0,28.93,0.0,10.0,14.047,0,10.0,6.0,15,2,1000
2,50.0,2.0,4.0,2.0,1.667,10.0,6.0,10.26,0.0,10.0,2.806,6.0,10.0,6.0,15,3,100
3,66.7,4.667,14.0,4.6667,3.333,10.0,6.0,28.93,0.0,10.0,5.671,6.0,10.0,6.0,15,3,150
3,66.7,4.667,14.0,4.6667,3.333,10.0,6.0,28.93,0.0,10.0,5.671,6.0,10.0,6.0,15,3,200
3,66.7,4.667,14.0,4.6667,3.333,10.0,6.0,28.93,0.0,10.0,5.671,6.0,10.0,6.0,15,3,300
3,66.7,4.667,14.0,4.6667,3.333,10.0,6.0,28.93,0.0,10.0,5.671,6.0,10.0,6.0,15,3,500
3,66.7,4.667,14.0,4.6667,3.333,10.0,6.0,28.93,0.0,10.0,5.671,6.0,10.0,6.0,15,3,1000
2,50.0,2.0,4.0,2.0,1.667,10.0,6.0,10.26,0.0,10.0,2.806,6.0,10.0,6.0,15,4,100
3,66.7,4.667,14.0,4.6667,3.333,10.0,6.0,28.93,0.0,10.0,5.671,6.0,10.0,6.0,15,4,150
3,66.7,4.667,14.0,4.6667,3.333,10.0,6.0,28.93,0.0,10.0,5.671,6.0,10.0,6.0,15,4,200
3,66.7,4.667,14.0,4.6667,3.333,10.0,6.0,28.93,0.0,10.0,5.671,6.0,10.0,6.0,15,4,300
3,66.7,4.667,14.0,4.6667,3.333,10.0,6.0,28.93,0.0,10.0,5.671,6.0,10.0,6.0,15,4,500
3,66.7,4.667,14.0,4.6667,3.333,10.0,6.0,28.93,0.0,10.0,5.671,6.0,10.0,6.0,15,4,1000
2,50.0,2.0,4.0,2.0,1.667,10.0,6.0,10.26,0.0,10.0,2.806,6.0,10.0,6.0,15,5,100
3,66.7,4.667,14.0,4.6667,3.333,10.0,6.0,28.93,0.0,10.0,5.671,6.0,10.0,6.0,15,5,150
3,66.7,4.667,14.0,4.6667,3.333,10.0,6.0,28.93,0.0,10.0,5.671,6.0,10.0,6.0,15,5,200
3,66.7,4.667,14.0,4.6667,3.333,10.0,6.0,28.93,0.0,10.0,5.671,6.0,10.0,6.0,15,5,300
3,66.7,4.667,14.0,4.6667,3.333,10.0,6.0,28.93,0.0,10.0,5.671,6.0,10.0,6.0,15,5,500
3,66.7,4.667,14.0,4.6667,3.333,10.0,6.0,28.93,0.0,10.0,5.671,6.0,10.0,6.0,15,5,1000
2,50.0,2.0,4.0,2.0,1.667,10.0,6.0,10.26,0.0,10.0,2.806,6.0,10.0,6.0,15,7,100
3,66.7,4.667,14.0,4.6667,3.333,10.0,6.0,28.93,0.0,10.0,5.671,6.0,10.0,6.0,15,7,150
3,66.7,4.667,14.0,4.6667,3.333,10.0,6.0,28.93,0.0,10.0,5.671,6.0,10.0,6.0,15,7,200
3,66.7,4.667,14.0,4.6667,3.333,10.0,6.0,28.93,0.0,10.0,5.671,6.0,10.0,6.0,15,7,300
3,66.7,4.667,14.0,4.6667,3.333,10.0,6.0,28.93,0.0,10.0,5.671,6.0,10.0,6.0,15,7,500
3,66.7,4.667,14.0,4.6667,3.333,10.0,6.0,28.93,0.0,10.0,5.671,6.0,10.0,6.0,15,7,1000
2,50.0,5.0,10.0,5.0,6.0,12.0,2.0,10.26,0.0,12.0,8.018,2.0,12.0,2.0,15,1,100
3,66.7,4.917,14.75,4.917,8.376,8.376,2.0,9.54,0.0,12.0,7.883,2.0,12.0,2.0,15,1,150
3,66.7,4.917,14.75,4.917,8.376,8.376,2.0,9.54,0.0,12.0,7.883,2.0,12.0,2.0,15,1,200
3,66.7,4.917,14.75,4.917,8.376,8.376,2.0,9.54,0.0,12.0,7.883,2.0,12.0,2.0,15,1,300
3,66.7,4.917,14.75,4.917,8.376,8.376,2.0,9.54,0.0,12.0,7.883,2.0,12.0,2.0,15,1,500
3,66.7,4.917,14.75,4.917,8.376,8.376,2.0,9.54,0.0,12.0,7.883,2.0,12.0,2.0,15,1,1000
2,50.0,5.0,10.0,5.0,6.0,12.0,2.0,10.26,0.0,12.0,8.018,2.0,12.0,2.0,15,2,100
3,66.7,7.333,22.0,7.3333,12.0,12.0,2.0,28.93,0.0,12.0,10.184,2.0,12.0,2.0,15,2,150
3,66.7,7.333,22.0,7.3333,12.0,12.0,2.0,28.93,0.0,12.0,10.184,2.0,12.0,2.0,15,2,200
3,66.7,7.333,22.0,7.3333,12.0,12.0,2.0,28.93,0.0,12.0,10.184,2.0,12.0,2.0,15,2,300
3,66.7,7.333,22.0,7.3333,12.0,12.0,2.0,28.93,0.0,12.0,10.184,2.0,12.0,2.0,15,2,500
3,66.7,7.333,22.0,7.3333,12.0,12.0,2.0,28.93,0.0,12.0,10.184,2.0,12.0,2.0,15,2,1000
2,50.0,5.0,10.0,5.0,6.0,12.0,2.0,10.26,0.0,12.0,8.018,2.0,12.0,2.0,15,3,100
3,66.7,7.333,22.0,7.3333,12.0,12.0,2.0,28.93,0.0,12.0,10.184,2.0,12.0,2.0,15,3,150
3,66.7,7.333,22.0,7.3333,12.0,12.0,2.0,28.93,0.0,12.0,10.184,2.0,12.0,2.0,15,3,200
3,66.7,7.333,22.0,7.3333,12.0,12.0,2.0,28.93,0.0,12.0,10.184,2.0,12.0,2.0,15,3,300
3,66.7,7.333,22.0,7.3333,12.0,12.0,2.0,28.93,0.0,12.0,10.184,2.0,12.0,2.0,15,3,500
3,66.7,7.333,22.0,7.3333,12.0,12.0,2.0,28.93,0.0,12.0,10.184,2.0,12.0,2.0,15,3,1000
2,50.0,5.0,10.0,5.0,6.0,12.0,2.0,10.26,0.0,12.0,8.018,2.0,12.0,2.0,15,4,100
3,66.7,7.333,22.0,7.3333,12.0,12.0,2.0,28.93,0.0,12.0,10.184,2.0,12.0,2.0,15,4,150
3,66.7,7.333,22.0,7.3333,12.0,12.0,2.0,28.93,0.0,12.0,10.184,2.0,12.0,2.0,15,4,200
3,66.7,7.333,22.0,7.3333,12.0,12.0,2.0,28.93,0.0,12.0,10.184,2.0,12.0,2.0,15,4,300
3,66.7,7.333,22.0,7.3333,12.0,12.0,2.0,28.93,0.0,12.0,10.184,2.0,12.0,2.0,15,4,500
3,66.7,7.333,22.0,7.3333,12.0,12.0,2.0,28.93,0.0,12.0,10.184,2.0,12.0,2.0,15,4,1000
2,50.0,5.0,10.0,5.0,6.0,12.0,2.0,10.26,0.0,12.0,8.018,2.0,12.0,2.0,15,5,100
3,66.7,7.333,22.0,7.3333,12.0,12.0,2.0,28.93,0.0,12.0,10.184,2.0,12.0,2.0,15,5,150
3,66.7,7.333,22.0,7.3333,12.0,12.0,2.0,28.93,0.0,12.0,10.184,2.0,12.0,2.0,15,5,200
3,66.7,7.333,22.0,7.3333,12.0,12.0,2.0,28.93,0.0,12.0,10.184,2.0,12.0,2.0,15,5,300
3,66.7,7.333,22.0,7.3333,12.0,12.0,2.0,28.93,0.0,12.0,10.184,2.0,12.0,2.0,15,5,500
3,66.7,7.333,22.0,7.3333,12.0,12.0,2.0,28.93,0.0,12.0,10.184,2.0,12.0,2.0,15,5,1000
2,50.0,5.0,10.0,5.0,6.0,12.0,2.0,10.26,0.0,12.0,8.018,2.0,12.0,2.0,15,7,100
3,66.7,7.333,22.0,7.3333,12.0,12.0,2.0,28.93,0.0,12.0,10.184,2.0,12.0,2.0,15,7,150
3,66.7,7.333,22.0,7.3333,12.0,12.0,2.0,28.93,0.0,12.0,10.184,2.0,12.0,2.0,15,7,200
3,66.7,7.333,22.0,7.3333,12.0,12.0,2.0,28.93,0.0,12.0,10.184,2.0,12.0,2.0,15,7,300
3,66.7,7.333,22.0,7.3333,12.0,12.0,2.0,28.93,0.0,12.0,10.184,2.0,12.0,2.0,15,7,500
3,66.7,7.333,22.0,7.3333,12.0,12.0,2.0,28.93,0.0,12.0,10.184,2.0,12.0,2.0,15,7,1000
2,50.0,4.5,9.0,4.5,4.0,12.0,3.0,10.26,0.0,12.0,6.735,3.0,12.0,3.0,15,1,100
3,66.7,4.584,13.75,4.5837,5.584,8.376,3.0,9.54,0.0,12.0,6.859,3.0,12.0,3.0,15,1,150
3,66.7,4.584,13.75,4.5837,5.584,8.376,3.0,9.54,0.0,12.0,6.859,3.0,12.0,3.0,15,1,200
3,66.7,4.584,13.75,4.5837,5.584,8.376,3.0,9.54,0.0,12.0,6.859,3.0,12.0,3.0,15,1,300
3,66.7,4.584,13.75,4.5837,5.584,8.376,3.0,9.54,0.0,12.0,6.859,3.0,12.0,3.0,15,1,500
3,66.7,4.584,13.75,4.5837,5.584,8.376,3.0,9.54,0.0,12.0,6.859,3.0,12.0,3.0,15,1,1000
2,50.0,4.5,9.0,4.5,4.0,12.0,3.0,10.26,0.0,12.0,6.735,3.0,12.0,3.0,15,2,100
3,66.7,7.0,21.0,7.0,8.0,12.0,3.0,28.93,0.0,12.0,9.073,3.0,12.0,3.0,15,2,150
3,66.7,7.0,21.0,7.0,8.0,12.0,3.0,28.93,0.0,12.0,9.073,3.0,12.0,3.0,15,2,200
3,66.7,7.0,21.0,7.0,8.0,12.0,3.0,28.93,0.0,12.0,9.073,3.0,12.0,3.0,15,2,300
3,66.7,7.0,21.0,7.0,8.0,12.0,3.0,28.93,0.0,12.0,9.073,3.0,12.0,3.0,15,2,500
3,66.7,7.0,21.0,7.0,8.0,12.0,3.0,28.93,0.0,12.0,9.073,3.0,12.0,3.0,15,2,1000
2,50.0,4.5,9.0,4.5,4.0,12.0,3.0,10.26,0.0,12.0,6.735,3.0,12.0,3.0,15,3,100
3,66.7,7.0,21.0,7.0,8.0,12.0,3.0,28.93,0.0,12.0,9.073,3.0,12.0,3.0,15,3,150
3,66.7,7.0,21.0,7.0,8.0,12.0,3.0,28.93,0.0,12.0,9.073,3.0,12.0,3.0,15,3,200
3,66.7,7.0,21.0,7.0,8.0,12.0,3.0,28.93,0.0,12.0,9.073,3.0,12.0,3.0,15,3,300
3,66.7,7.0,21.0,7.0,8.0,12.0,3.0,28.93,0.0,12.0,9.073,3.0,12.0,3.0,15,3,500
3,66.7,7.0,21.0,7.0,8.0,12.0,3.0,28.93,0.0,12.0,9.073,3.0,12.0,3.0,15,3,1000
2,50.0,4.5,9.0,4.5,4.0,12.0,3.0,10.26,0.0,12.0,6.735,3.0,12.0,3.0,15,4,100
3,66.7,7.0,21.0,7.0,8.0,12.0,3.0,28.93,0.0,12.0,9.073,3.0,12.0,3.0,15,4,150
3,66.7,7.0,21.0,7.0,8.0,12.0,3.0,28.93,0.0,12.0,9.073,3.0,12.0,3.0,15,4,200
3,66.7,7.0,21.0,7.0,8.0,12.0,3.0,28.93,0.0,12.0,9.073,3.0,12.0,3.0,15,4,300
3,66.7,7.0,21.0,7.0,8.0,12.0,3.0,28.93,0.0,12.0,9.073,3.0,12.0,3.0,15,4,500
3,66.7,7.0,21.0,7.0,8.0,12.0,3.0,28.93,0.0,12.0,9.073,3.0,12.0,3.0,15,4,1000
2,50.0,4.5,9.0,4.5,4.0,12.0,3.0,10.26,0.0,12.0,6.735,3.0,12.0,3.0,15,5,100
3,66.7,7.0,21.0,7.0,8.0,12.0,3.0,28.93,0.0,12.0,9.073,3.0,12.0,3.0,15,5,150
3,66.7,7.0,21.0,7.0,8.0,12.0,3.0,28.93,0.0,12.0,9.073,3.0,12.0,3.0,15,5,200
3,66.7,7.0,21.0,7.0,8.0,12.0,3.0,28.93,0.0,12.0,9.073,3.0,12.0,3.0,15,5,300
3,66.7,7.0,21.0,7.0,8.0,12.0,3.0,28.93,0.0,12.0,9.073,3.0,12.0,3.0,15,5,500
3,66.7,7.0,21.0,7.0,8.0,12.0,3.0,28.93,0.0,12.0,9.073,3.0,12.0,3.0,15,5,1000
2,50.0,4.5,9.0,4.5,4.0,12.0,3.0,10.26,0.0,12.0,6.735,3.0,12.0,3.0,15,7,100
3,66.7,7.0,21.0,7.0,8.0,12.0,3.0,28.93,0.0,12.0,9.073,3.0,12.0,3.0,15,7,150
3,66.7,7.0,21.0,7.0,8.0,12.0,3.0,28.93,0.0,12.0,9.073,3.0,12.0,3.0,15,7,200
3,66.7,7.0,21.0,7.0,8.0,12.0,3.0,28.93,0.0,12.0,9.073,3.0,12.0,3.0,15,7,300
3,66.7,7.0,21.0,7.0,8.0,12.0,3.0,28.93,0.0,12.0,9.073,3.0,12.0,3.0,15,7,500
3,66.7,7.0,21.0,7.0,8.0,12.0,3.0,28.93,0.0,12.0,9.073,3.0,12.0,3.0,15,7,1000
2,100.0,6.264,12.53,6.2645,99.0,6.264,0,10.26,0.0,12.0,12.26,0,12.0,4.0,15,1,100
3,100.0,5.76,17.28,5.76,99.0,5.76,0,9.54,0.0,12.0,11.144,0,12.0,4.0,15,1,150
3,100.0,5.76,17.28,5.76,99.0,5.76,0,9.54,0.0,12.0,11.144,0,12.0,4.0,15,1,200
3,100.0,5.76,17.28,5.76,99.0,5.76,0,9.54,0.0,12.0,11.144,0,12.0,4.0,15,1,300
3,100.0,5.76,17.28,5.76,99.0,5.76,0,9.54,0.0,12.0,11.144,0,12.0,4.0,15,1,500
3,100.0,5.76,17.28,5.76,99.0,5.76,0,9.54,0.0,12.0,11.144,0,12.0,4.0,15,1,1000
2,100.0,6.264,12.53,6.2645,99.0,6.264,0,10.26,0.0,12.0,12.26,0,12.0,4.0,15,2,100
3,100.0,8.176,24.53,8.1763,99.0,8.176,0,28.93,0.0,12.0,13.858,0,12.0,4.0,15,2,150
3,100.0,8.176,24.53,8.1763,99.0,8.176,0,28.93,0.0,12.0,13.858,0,12.0,4.0,15,2,200
3,100.0,8.176,24.53,8.1763,99.0,8.176,0,28.93,0.0,12.0,13.858,0,12.0,4.0,15,2,300
3,100.0,8.176,24.53,8.1763,99.0,8.176,0,28.93,0.0,12.0,13.858,0,12.0,4.0,15,2,500
3,100.0,8.176,24.53,8.1763,99.0,8.176,0,28.93,0.0,12.0,13.858,0,12.0,4.0,15,2,1000
2,50.0,4.0,8.0,4.0,3.0,12.0,4.0,10.26,0.0,12.0,5.612,4.0,12.0,4.0,15,3,100
3,66.7,6.667,20.0,6.6667,6.0,12.0,4.0,28.93,0.0,12.0,8.101,4.0,12.0,4.0,15,3,150
3,66.7,6.667,20.0,6.6667,6.0,12.0,4.0,28.93,0.0,12.0,8.101,4.0,12.0,4.0,15,3,200
3,66.7,6.667,20.0,6.6667,6.0,12.0,4.0,28.93,0.0,12.0,8.101,4.0,12.0,4.0,15,3,300
3,66.7,6.667,20.0,6.6667,6.0,12.0,4.0,28.93,0.0,12.0,8.101,4.0,12.0,4.0,15,3,500
3,66.7,6.667,20.0,6.6667,6.0,12.0,4.0,28.93,0.0,12.0,8.101,4.0,12.0,4.0,15,3,1000
2,50.0,4.0,8.0,4.0,3.0,12.0,4.0,10.26,0.0,12.0,5.612,4.0,12.0,4.0,15,4,100
3,66.7,6.667,20.0,6.6667,6.0,12.0,4.0,28.93,0.0,12.0,8.101,4.0,12.0,4.0,15,4,150
3,66.7,6.667,20.0,6.6667,6.0,12.0,4.0,28.93,0.0,12.0,8.101,4.0,12.0,4.0,15,4,200
3,66.7,6.667,20.0,6.6667,6.0,12.0,4.0,28.93,0.0,12.0,8.101,4.0,12.0,4.0,15,4,300
3,66.7,6.667,20.0,6.6667,6.0,12.0,4.0,28.93,0.0,12.0,8.101,4.0,12.0,4.0,15,4,500
3,66.7,6.667,20.0,6.6667,6.0,12.0,4.0,28.93,0.0,12.0,8.101,4.0,12.0,4.0,15,4,1000
2,50.0,4.0,8.0,4.0,3.0,12.0,4.0,10.26,0.0,12.0,5.612,4.0,12.0,4.0,15,5,100
3,66.7,6.667,20.0,6.6667,6.0,12.0,4.0,28.93,0.0,12.0,8.101,4.0,12.0,4.0,15,5,150
3,66.7,6.667,20.0,6.6667,6.0,12.0,4.0,28.93,0.0,12.0,8.101,4.0,12.0,4.0,15,5,200
3,66.7,6.667,20.0,6.6667,6.0,12.0,4.0,28.93,0.0,12.0,8.101,4.0,12.0,4.0,15,5,300
3,66.7,6.667,20.0,6.6667,6.0,12.0,4.0,28.93,0.0,12.0,8.101,4.0,12.0,4.0,15,5,500
3,66.7,6.667,20.0,6.6667,6.0,12.0,4.0,28.93,0.0,12.0,8.101,4.0,12.0,4.0,15,5,1000
2,50.0,4.0,8.0,4.0,3.0,12.0,4.0,10.26,0.0,12.0,5.612,4.0,12.0,4.0,15,7,100
3,66.7,6.667,20.0,6.6667,6.0,12.0,4.0,28.93,0.0,12.0,8.101,4.0,12.0,4.0,15,7,150
3,66.7,6.667,20.0,6.6667,6.0,12.0,4.0,28.93,0.0,12.0,8.101,4.0,12.0,4.0,15,7,200
3,66.7,6.667,20.0,6.6667,6.0,12.0,4.0,28.93,0.0,12.0,8.101,4.0,12.0,4.0,15,7,300
3,66.7,6.667,20.0,6.6667,6.0,12.0,4.0,28.93,0.0,12.0,8.101,4.0,12.0,4.0,15,7,500
3,66.7,6.667,20.0,6.6667,6.0,12.0,4.0,28.93,0.0,12.0,8.101,4.0,12.0,4.0,15,7,1000
2,100.0,6.264,12.53,6.2645,99.0,6.264,0,10.26,0.0,12.0,12.26,0,12.0,5.0,15,1,100
3,100.0,5.76,17.28,5.76,99.0,5.76,0,9.54,0.0,12.0,11.144,0,12.0,5.0,15,1,150
3,100.0,5.76,17.28,5.76,99.0,5.76,0,9.54,0.0,12.0,11.144,0,12.0,5.0,15,1,200
3,100.0,5.76,17.28,5.76,99.0,5.76,0,9.54,0.0,12.0,11.144,0,12.0,5.0,15,1,300
3,100.0,5.76,17.28,5.76,99.0,5.76,0,9.54,0.0,12.0,11.144,0,12.0,5.0,15,1,500
3,100.0,5.76,17.28,5.76,99.0,5.76,0,9.54,0.0,12.0,11.144,0,12.0,5.0,15,1,1000
2,100.0,6.264,12.53,6.2645,99.0,6.264,0,10.26,0.0,12.0,12.26,0,12.0,5.0,15,2,100
3,100.0,8.176,24.53,8.1763,99.0,8.176,0,28.93,0.0,12.0,13.858,0,12.0,5.0,15,2,150
3,100.0,8.176,24.53,8.1763,99.0,8.176,0,28.93,0.0,12.0,13.858,0,12.0,5.0,15,2,200
3,100.0,8.176,24.53,8.1763,99.0,8.176,0,28.93,0.0,12.0,13.858,0,12.0,5.0,15,2,300
3,100.0,8.176,24.53,8.1763,99.0,8.176,0,28.93,0.0,12.0,13.858,0,12.0,5.0,15,2,500
3,100.0,8.176,24.53,8.1763,99.0,8.176,0,28.93,0.0,12.0,13.858,0,12.0,5.0,15,2,1000
2,50.0,3.5,7.0,3.5,2.4,12.0,5.0,10.26,0.0,12.0,4.622,5.0,12.0,5.0,15,3,100
3,66.7,6.333,19.0,6.3333,4.8,12.0,5.0,28.93,0.0,12.0,7.243,5.0,12.0,5.0,15,3,150
3,66.7,6.333,19.0,6.3333,4.8,12.0,5.0,28.93,0.0,12.0,7.243,5.0,12.0,5.0,15,3,200
3,66.7,6.333,19.0,6.3333,4.8,12.0,5.0,28.93,0.0,12.0,7.243,5.0,12.0,5.0,15,3,300
3,66.7,6.333,19.0,6.3333,4.8,12.0,5.0,28.93,0.0,12.0,7.243,5.0,12.0,5.0,15,3,500
3,66.7,6.333,19.0,6.3333,4.8,12.0,5.0,28.93,0.0,12.0,7.243,5.0,12.0,5.0,15,3,1000
2,50.0,3.5,7.0,3.5,2.4,12.0,5.0,10.26,0.0,12.0,4.622,5.0,12.0,5.0,15,4,100
3,66.7,6.333,19.0,6.3333,4.8,12.0,5.0,28.93,0.0,12.0,7.243,5.0,12.0,5.0,15,4,150
3,66.7,6.333,19.0,6.3333,4.8,12.0,5.0,28.93,0.0,12.0,7.243,5.0,12.0,5.0,15,4,200
3,66.7,6.333,19.0,6.3333,4.8,12.0,5.0,28.93,0.0,12.0,7.243,5.0,12.0,5.0,15,4,300
3,66.7,6.333,19.0,6.3333,4.8,12.0,5.0,28.93,0.0,12.0,7.243,5.0,12.0,5.0,15,4,500
3,66.7,6.333,19.0,6.3333,4.8,12.0,5.0,28.93,0.0,12.0,7.243,5.0,12.0,5.0,15,4,1000
2,50.0,3.5,7.0,3.5,2.4,12.0,5.0,10.26,0.0,12.0,4.622,5.0,12.0,5.0,15,5,100
3,66.7,6.333,19.0,6.3333,4.8,12.0,5.0,28.93,0.0,12.0,7.243,5.0,12.0,5.0,15,5,150
3,66.7,6.333,19.0,6.3333,4.8,12.0,5.0,28.93,0.0,12.0,7.243,5.0,12.0,5.0,15,5,200
3,66.7,6.333,19.0,6.3333,4.8,12.0,5.0,28.93,0.0,12.0,7.243,5.0,12.0,5.0,15,5,300
3,66.7,6.333,19.0,6.3333,4.8,12.0,5.0,28.93,0.0,12.0,7.243,5.0,12.0,5.0,15,5,500
3,66.7,6.333,19.0,6.3333,4.8,12.0,5.0,28.93,0.0,12.0,7.243,5.0,12.0,5.0,15,5,1000
2,50.0,3.5,7.0,3.5,2.4,12.0,5.0,10.26,0.0,12.0,4.622,5.0,12.0,5.0,15,7,100
3,66.7,6.333,19.0,6.3333,4.8,12.0,5.0,28.93,0.0,12.0,7.243,5.0,12.0,5.0,15,7,150
3,66.7,6.333,19.0,6.3333,4.8,12.0,5.0,28.93,0.0,12.0,7.243,5.0,12.0,5.0,15,7,200
3,66.7,6.333,19.0,6.3333,4.8,12.0,5.0,28.93,0.0,12.0,7.243,5.0,12.0,5.0,15,7,300
3,66.7,6.333,19.0,6.3333,4.8,12.0,5.0,28.93,0.0,12.0,7.243,5.0,12.0,5.0,15,7,500
3,66.7,6.333,19.0,6.3333,4.8,12.0,5.0,28.93,0.0,12.0,7.243,5.0,12.0,5.0,15,7,1000
2,100.0,6.264,12.53,6.2645,99.0,6.264,0,10.26,0.0,12.0,12.26,0,12.0,6.0,15,1,100
3,100.0,5.76,17.28,5.76,99.0,5.76,0,9.54,0.0,12.0,11.144,0,12.0,6.0,15,1,150
3,100.0,5.76,17.28,5.76,99.0,5.76,0,9.54,0.0,12.0,11.144,0,12.0,6.0,15,1,200
3,100.0,5.76,17.28,5.76,99.0,5.76,0,9.54,0.0,12.0,11.144,0,12.0,6.0,15,1,300
3,100.0,5.76,17.28,5.76,99.0,5.76,0,9.54,0.0,12.0,11.144,0,12.0,6.0,15,1,500
3,100.0,5.76,17.28,5.76,99.0,5.76,0,9.54,0.0,12.0,11.144,0,12.0,6.0,15,1,1000
2,100.0,6.264,12.53,6.2645,99.0,6.264,0,10.26,0.0,12.0,12.26,0,12.0,6.0,15,2,100
3,100.0,8.176,24.53,8.1763,99.0,8.176,0,28.93,0.0,12.0,13.858,0,12.0,6.0,15,2,150
3,100.0,8.176,24.53,8.1763,99.0,8.176,0,28.93,0.0,12.0,13.858,0,12.0,6.0,15,2,200
3,100.0,8.176,24.53,8.1763,99.0,8.176,0,28.93,0.0,12.0,13.858,0,12.0,6.0,15,2,300
3,100.0,8.176,24.53,8.1763,99.0,8.176,0,28.93,0.0,12.0,13.858,0,12.0,6.0,15,2,500
3,100.0,8.176,24.53,8.1763,99.0,8.176,0,28.93,0.0,12.0,13.858,0,12.0,6.0,15,2,1000
2,50.0,3.0,6.0,3.0,2.0,12.0,6.0,10.26,0.0,12.0,3.742,6.0,12.0,6.0,15,3,100
3,66.7,6.0,18.0,6.0,4.0,12.0,6.0,28.93,0.0,12.0,6.481,6.0,12.0,6.0,15,3,150
3,66.7,6.0,18.0,6.0,4.0,12.0,6.0,28.93,0.0,12.0,6.481,6.0,12.0,6.0,15,3,200
3,66.7,6.0,18.0,6.0,4.0,12.0,6.0,28.93,0.0,12.0,6.481,6.0,12.0,6.0,15,3,300
3,66.7,6.0,18.0,6.0,4.0,12.0,6.0,28.93,0.0,12.0,6.481,6.0,12.0,6.0,15,3,500
3,66.7,6.0,18.0,6.0,4.0,12.0,6.0,28.93,0.0,12.0,6.481,6.0,12.0,6.0,15,3,1000
2,50.0,3.0,6.0,3.0,2.0,12.0,6.0,10.26,0.0,12.0,3.742,6.0,12.0,6.0,15,4,100
3,66.7,6.0,18.0,6.0,4.0,12.0,6.0,28.93,0.0,12.0,6.481,6.0,12.0,6.0,15,4,150
3,66.7,6.0,18.0,6.0,4.0,12.0,6.0,28.93,0.0,12.0,6.481,6.0,12.0,6.0,15,4,200
3,66.7,6.0,18.0,6.0,4.0,12.0,6.0,28.93,0.0,12.0,6.481,6.0,12.0,6.0,15,4,300
3,66.7,6.0,18.0,6.0,4.0,12.0,6.0,28.93,0.0,12.0,6.481,6.0,12.0,6.0,15,4,500
3,66.7,6.0,18.0,6.0,4.0,12.0,6.0,28.93,0.0,12.0,6.481,6.0,12.0,6.0,15,4,1000
2,50.0,3.0,6.0,3.0,2.0,12.0,6.0,10.26,0.0,12.0,3.742,6.0,12.0,6.0,15,5,100
3,66.7,6.0,18.0,6.0,4.0,12.0,6.0,28.93,0.0,12.0,6.481,6.0,12.0,6.0,15,5,150
3,66.7,6.0,18.0,6.0,4.0,12.0,6.0,28.93,0.0,12.0,6.481,6.0,12.0,6.0,15,5,200
3,66.7,6.0,18.0,6.0,4.0,12.0,6.0,28.93,0.0,12.0,6.481,6.0,12.0,6.0,15,5,300
3,66.7,6.0,18.0,6.0,4.0,12.0,6.0,28.93,0.0,12.0,6.481,6.0,12.0,6.0,15,5,500
3,66.7,6.0,18.0,6.0,4.0,12.0,6.0,28.93,0.0,12.0,6.481,6.0,12.0,6.0,15,5,1000
2,50.0,3.0,6.0,3.0,2.0,12.0,6.0,10.26,0.0,12.0,3.742,6.0,12.0,6.0,15,7,100
3,66.7,6.0,18.0,6.0,4.0,12.0,6.0,28.93,0.0,12.0,6.481,6.0,12.0,6.0,15,7,150
3,66.7,6.0,18.0,6.0,4.0,12.0,6.0,28.93,0.0,12.0,6.481,6.0,12.0,6.0,15,7,200
3,66.7,6.0,18.0,6.0,4.0,12.0,6.0,28.93,0.0,12.0,6.481,6.0,12.0,6.0,15,7,300
3,66.7,6.0,18.0,6.0,4.0,12.0,6.0,28.93,0.0,12.0,6.481,6.0,12.0,6.0,15,7,500
3,66.7,6.0,18.0,6.0,4.0,12.0,6.0,28.93,0.0,12.0,6.481,6.0,12.0,6.0,15,7,1000
2,50.0,6.5,13.0,6.5,7.5,15.0,2.0,10.26,0.0,15.0,8.584,2.0,15.0,2.0,15,1,100
3,66.7,5.917,17.75,5.917,9.876,9.876,2.0,9.54,0.0,15.0,7.759,2.0,15.0,2.0,15,1,150
3,66.7,5.917,17.75,5.917,9.876,9.876,2.0,9.54,0.0,15.0,7.759,2.0,15.0,2.0,15,1,200
3,66.7,5.917,17.75,5.917,9.876,9.876,2.0,9.54,0.0,15.0,7.759,2.0,15.0,2.0,15,1,300
3,66.7,5.917,17.75,5.917,9.876,9.876,2.0,9.54,0.0,15.0,7.759,2.0,15.0,2.0,15,1,500
3,66.7,5.917,17.75,5.917,9.876,9.876,2.0,9.54,0.0,15.0,7.759,2.0,15.0,2.0,15,1,1000
2,50.0,6.5,13.0,6.5,7.5,15.0,2.0,10.26,0.0,15.0,8.584,2.0,15.0,2.0,15,2,100
3,66.7,9.333,28.0,9.3333,15.0,15.0,2.0,28.93,0.0,15.0,10.674,2.0,15.0,2.0,15,2,150
3,66.7,9.333,28.0,9.3333,15.0,15.0,2.0,28.93,0.0,15.0,10.674,2.0,15.0,2.0,15,2,200
3,66.7,9.333,28.0,9.3333,15.0,15.0,2.0,28.93,0.0,15.0,10.674,2.0,15.0,2.0,15,2,300
3,66.7,9.333,28.0,9.3333,15.0,15.0,2.0,28.93,0.0,15.0,10.674,2.0,15.0,2.0,15,2,500
3,66.7,9.333,28.0,9.3333,15.0,15.0,2.0,28.93,0.0,15.0,10.674,2.0,15.0,2.0,15,2,1000
2,50.0,6.5,13.0,6.5,7.5,15.0,2.0,10.26,0.0,15.0,8.584,2.0,15.0,2.0,15,3,100
3,66.7,9.333,28.0,9.3333,15.0,15.0,2.0,28.93,0.0,15.0,10.674,2.0,15.0,2.0,15,3,150
3,66.7,9.333,28.0,9.3333,15.0,15.0,2.0,28.93,0.0,15.0,10.674,2.0,15.0,2.0,15,3,200
3,66.7,9.333,28.0,9.3333,15.0,15.0,2.0,28.93,0.0,15.0,10.674,2.0,15.0,2.0,15,3,300
3,66.7,9.333,28.0,9.3333,15.0,15.0,2.0,28.93,0.0,15.0,10.674,2.0,15.0,2.0,15,3,500
3,66.7,9.333,28.0,9.3333,15.0,15.0,2.0,28.93,0.0,15.0,10.674,2.0,15.0,2.0,15,3,1000
2,50.0,6.5,13.0,6.5,7.5,15.0,2.0,10.26,0.0,15.0,8.584,2.0,15.0,2.0,15,4,100
3,66.7,9.333,28.0,9.3333,15.0,15.0,2.0,28.93,0.0,15.0,10.674,2.0,15.0,2.0,15,4,150
3,66.7,9.333,28.0,9.3333,15.0,15.0,2.0,28.93,0.0,15.0,10.674,2.0,15.0,2.0,15,4,200
3,66.7,9.333,28.0,9.3333,15.0,15.0,2.0,28.93,0.0,15.0,10.674,2.0,15.0,2.0,15,4,300
3,66.7,9.333,28.0,9.3333,15.0,15.0,2.0,28.93,0.0,15.0,10.674,2.0,15.0,2.0,15,4,500
3,66.7,9.333,28.0,9.3333,15.0,15.0,2.0,28.93,0.0,15.0,10.674,2.0,15.0,2.0,15,4,1000
2,50.0,6.5,13.0,6.5,7.5,15.0,2.0,10.26,0.0,15.0,8.584,2.0,15.0,2.0,15,5,100
3,66.7,9.333,28.0,9.3333,15.0,15.0,2.0,28.93,0.0,15.0,10.674,2.0,15.0,2.0,15,5,150
3,66.7,9.333,28.0,9.3333,15.0,15.0,2.0,28.93,0.0,15.0,10.674,2.0,15.0,2.0,15,5,200
3,66.7,9.333,28.0,9.3333,15.0,15.0,2.0,28.93,0.0,15.0,10.674,2.0,15.0,2.0,15,5,300
3,66.7,9.333,28.0,9.3333,15.0,15.0,2.0,28.93,0.0,15.0,10.674,2.0,15.0,2.0,15,5,500
3,66.7,9.333,28.0,9.3333,15.0,15.0,2.0,28.93,0.0,15.0,10.674,2.0,15.0,2.0,15,5,1000
2,50.0,6.5,13.0,6.5,7.5,15.0,2.0,10.26,0.0,15.0,8.584,2.0,15.0,2.0,15,7,100
3,66.7,9.333,28.0,9.3333,15.0,15.0,2.0,28.93,0.0,15.0,10.674,2.0,15.0,2.0,15,7,150
3,66.7,9.333,28.0,9.3333,15.0,15.0,2.0,28.93,0.0,15.0,10.674,2.0,15.0,2.0,15,7,200
3,66.7,9.333,28.0,9.3333,15.0,15.0,2.0,28.93,0.0,15.0,10.674,2.0,15.0,2.0,15,7,300
3,66.7,9.333,28.0,9.3333,15.0,15.0,2.0,28.93,0.0,15.0,10.674,2.0,15.0,2.0,15,7,500
3,66.7,9.333,28.0,9.3333,15.0,15.0,2.0,28.93,0.0,15.0,10.674,2.0,15.0,2.0,15,7,1000
2,50.0,6.0,12.0,6.0,5.0,15.0,3.0,10.26,0.0,15.0,7.483,3.0,15.0,3.0,15,1,100
3,66.7,5.584,16.75,5.5837,6.584,9.876,3.0,9.54,0.0,15.0,6.942,3.0,15.0,3.0,15,1,150
3,66.7,5.584,16.75,5.5837,6.584,9.876,3.0,9.54,0.0,15.0,6.942,3.0,15.0,3.0,15,1,200
3,66.7,5.584,16.75,5.5837,6.584,9.876,3.0,9.54,0.0,15.0,6.942,3.0,15.0,3.0,15,1,300
3,66.7,5.584,16.75,5.5837,6.584,9.876,3.0,9.54,0.0,15.0,6.942,3.0,15.0,3.0,15,1,500
3,66.7,5.584,16.75,5.5837,6.584,9.876,3.0,9.54,0.0,15.0,6.942,3.0,15.0,3.0,15,1,1000
2,50.0,6.0,12.0,6.0,5.0,15.0,3.0,10.26,0.0,15.0,7.483,3.0,15.0,3.0,15,2,100
3,66.7,9.0,27.0,9.0,10.0,15.0,3.0,28.93,0.0,15.0,9.721,3.0,15.0,3.0,15,2,150
3,66.7,9.0,27.0,9.0,10.0,15.0,3.0,28.93,0.0,15.0,9.721,3.0,15.0,3.0,15,2,200
3,66.7,9.0,27.0,9.0,10.0,15.0,3.0,28.93,0.0,15.0,9.721,3.0,15.0,3.0,15,2,300
3,66.7,9.0,27.0,9.0,10.0,15.0,3.0,28.93,0.0,15.0,9.721,3.0,15.0,3.0,15,2,500
3,66.7,9.0,27.0,9.0,10.0,15.0,3.0,28.93,0.0,15.0,9.721,3.0,15.0,3.0,15,2,1000
2,50.0,6.0,12.0,6.0,5.0,15.0,3.0,10.26,0.0,15.0,7.483,3.0,15.0,3.0,15,3,100
3,66.7,9.0,27.0,9.0,10.0,15.0,3.0,28.93,0.0,15.0,9.721,3.0,15.0,3.0,15,3,150
3,66.7,9.0,27.0,9.0,10.0,15.0,3.0,28.93,0.0,15.0,9.721,3.0,15.0,3.0,15,3,200
3,66.7,9.0,27.0,9.0,10.0,15.0,3.0,28.93,0.0,15.0,9.721,3.0,15.0,3.0,15,3,300
3,66.7,9.0,27.0,9.0,10.0,15.0,3.0,28.93,0.0,15.0,9.721,3.0,15.0,3.0,15,3,500
3,66.7,9.0,27.0,9.0,10.0,15.0,3.0,28.93,0.0,15.0,9.721,3.0,15.0,3.0,15,3,1000
2,50.0,6.0,12.0,6.0,5.0,15.0,3.0,10.26,0.0,15.0,7.483,3.0,15.0,3.0,15,4,100
3,66.7,9.0,27.0,9.0,10.0,15.0,3.0,28.93,0.0,15.0,9.721,3.0,15.0,3.0,15,4,150
3,66.7,9.0,27.0,9.0,10.0,15.0,3.0,28.93,0.0,15.0,9.721,3.0,15.0,3.0,15,4,200
3,66.7,9.0,27.0,9.0,10.0,15.0,3.0,28.93,0.0,15.0,9.721,3.0,15.0,3.0,15,4,300
3,66.7,9.0,27.0,9.0,10.0,15.0,3.0,28.93,0.0,15.0,9.721,3.0,15.0,3.0,15,4,500
3,66.7,9.0,27.0,9.0,10.0,15.0,3.0,28.93,0.0,15.0,9.721,3.0,15.0,3.0,15,4,1000
2,50.0,6.0,12.0,6.0,5.0,15.0,3.0,10.26,0.0,15.0,7.483,3.0,15.0,3.0,15,5,100
3,66.7,9.0,27.0,9.0,10.0,15.0,3.0,28.93,0.0,15.0,9.721,3.0,15.0,3.0,15,5,150
3,66.7,9.0,27.0,9.0,10.0,15.0,3.0,28.93,0.0,15.0,9.721,3.0,15.0,3.0,15,5,200
3,66.7,9.0,27.0,9.0,10.0,15.0,3.0,28.93,0.0,15.0,9.721,3.0,15.0,3.0,15,5,300
3,66.7,9.0,27.0,9.0,10.0,15.0,3.0,28.93,0.0,15.0,9.721,3.0,15.0,3.0,15,5,500
3,66.7,9.0,27.0,9.0,10.0,15.0,3.0,28.93,0.0,15.0,9.721,3.0,15.0,3.0,15,5,1000
2,50.0,6.0,12.0,6.0,5.0,15.0,3.0,10.26,0.0,15.0,7.483,3.0,15.0,3.0,15,7,100
3,66.7,9.0,27.0,9.0,10.0,15.0,3.0,28.93,0.0,15.0,9.721,3.0,15.0,3.0,15,7,150
3,66.7,9.0,27.0,9.0,10.0,15.0,3.0,28.93,0.0,15.0,9.721,3.0,15.0,3.0,15,7,200
3,66.7,9.0,27.0,9.0,10.0,15.0,3.0,28.93,0.0,15.0,9.721,3.0,15.0,3.0,15,7,300
3,66.7,9.0,27.0,9.0,10.0,15.0,3.0,28.93,0.0,15.0,9.721,3.0,15.0,3.0,15,7,500
3,66.7,9.0,27.0,9.0,10.0,15.0,3.0,28.93,0.0,15.0,9.721,3.0,15.0,3.0,15,7,1000
2,100.0,7.764,15.53,7.7645,99.0,7.764,0,10.26,0.0,15.0,12.046,0,15.0,4.0,15,1,100
3,100.0,6.76,20.28,6.76,99.0,6.76,0,9.54,0.0,15.0,10.197,0,15.0,4.0,15,1,150
3,100.0,6.76,20.28,6.76,99.0,6.76,0,9.54,0.0,15.0,10.197,0,15.0,4.0,15,1,200
3,100.0,6.76,20.28,6.76,99.0,6.76,0,9.54,0.0,15.0,10.197,0,15.0,4.0,15,1,300
3,100.0,6.76,20.28,6.76,99.0,6.76,0,9.54,0.0,15.0,10.197,0,15.0,4.0,15,1,500
3,100.0,6.76,20.28,6.76,99.0,6.76,0,9.54,0.0,15.0,10.197,0,15.0,4.0,15,1,1000
2,100.0,7.764,15.53,7.7645,99.0,7.764,0,10.26,0.0,15.0,12.046,0,15.0,4.0,15,2,100
3,100.0,10.176,30.53,10.1763,99.0,10.176,0,28.93,0.0,15.0,13.672,0,15.0,4.0,15,2,150
3,100.0,10.176,30.53,10.1763,99.0,10.176,0,28.93,0.0,15.0,13.672,0,15.0,4.0,15,2,200
3,100.0,10.176,30.53,10.1763,99.0,10.176,0,28.93,0.0,15.0,13.672,0,15.0,4.0,15,2,300
3,100.0,10.176,30.53,10.1763,99.0,10.176,0,28.93,0.0,15.0,13.672,0,15.0,4.0,15,2,500
3,100.0,10.176,30.53,10.1763,99.0,10.176,0,28.93,0.0,15.0,13.672,0,15.0,4.0,15,2,1000
2,50.0,5.5,11.0,5.5,3.75,15.0,4.0,10.26,0.0,15.0,6.499,4.0,15.0,4.0,15,3,100
3,66.7,8.667,26.0,8.6667,7.5,15.0,4.0,28.93,0.0,15.0,8.868,4.0,15.0,4.0,15,3,150
3,66.7,8.667,26.0,8.6667,7.5,15.0,4.0,28.93,0.0,15.0,8.868,4.0,15.0,4.0,15,3,200
3,66.7,8.667,26.0,8.6667,7.5,15.0,4.0,28.93,0.0,15.0,8.868,4.0,15.0,4.0,15,3,300
3,66.7,8.667,26.0,8.6667,7.5,15.0,4.0,28.93,0.0,15.0,8.868,4.0,15.0,4.0,15,3,500
3,66.7,8.667,26.0,8.6667,7.5,15.0,4.0,28.93,0.0,15.0,8.868,4.0,15.0,4.0,15,3,1000
2,50.0,5.5,11.0,5.5,3.75,15.0,4.0,10.26,0.0,15.0,6.499,4.0,15.0,4.0,15,4,100
3,66.7,8.667,26.0,8.6667,7.5,15.0,4.0,28.93,0.0,15.0,8.868,4.0,15.0,4.0,15,4,150
3,66.7,8.667,26.0,8.6667,7.5,15.0,4.0,28.93,0.0,15.0,8.868,4.0,15.0,4.0,15,4,200
3,66.7,8.667,26.0,8.6667,7.5,15.0,4.0,28.93,0.0,15.0,8.868,4.0,15.0,4.0,15,4,300
3,66.7,8.667,26.0,8.6667,7.5,15.0,4.0,28.93,0.0,15.0,8.868,4.0,15.0,4.0,15,4,500
3,66.7,8.667,26.0,8.6667,7.5,15.0,4.0,28.93,0.0,15.0,8.868,4.0,15.0,4.0,15,4,1000
2,50.0,5.5,11.0,5.5,3.75,15.0,4.0,10.26,0.0,15.0,6.499,4.0,15.0,4.0,15,5,100
3,66.7,8.667,26.0,8.6667,7.5,15.0,4.0,28.93,0.0,15.0,8.868,4.0,15.0,4.0,15,5,150
3,66.7,8.667,26.0,8.6667,7.5,15.0,4.0,28.93,0.0,15.0,8.868,4.0,15.0,4.0,15,5,200
3,66.7,8.667,26.0,8.6667,7.5,15.0,4.0,28.93,0.0,15.0,8.868,4.0,15.0,4.0,15,5,300
3,66.7,8.667,26.0,8.6667,7.5,15.0,4.0,28.93,0.0,15.0,8.868,4.0,15.0,4.0,15,5,500
3,66.7,8.667,26.0,8.6667,7.5,15.0,4.0,28.93,0.0,15.0,8.868,4.0,15.0,4.0,15,5,1000
2,50.0,5.5,11.0,5.5,3.75,15.0,4.0,10.26,0.0,15.0,6.499,4.0,15.0,4.0,15,7,100
3,66.7,8.667,26.0,8.6667,7.5,15.0,4.0,28.93,0.0,15.0,8.868,4.0,15.0,4.0,15,7,150
3,66.7,8.667,26.0,8.6667,7.5,15.0,4.0,28.93,0.0,15.0,8.868,4.0,15.0,4.0,15,7,200
3,66.7,8.667,26.0,8.6667,7.5,15.0,4.0,28.93,0.0,15.0,8.868,4.0,15.0,4.0,15,7,300
3,66.7,8.667,26.0,8.6667,7.5,15.0,4.0,28.93,0.0,15.0,8.868,4.0,15.0,4.0,15,7,500
3,66.7,8.667,26.0,8.6667,7.5,15.0,4.0,28.93,0.0,15.0,8.868,4.0,15.0,4.0,15,7,1000
2,100.0,7.764,15.53,7.7645,99.0,7.764,0,10.26,0.0,15.0,12.046,0,15.0,5.0,15,1,100
3,100.0,6.76,20.28,6.76,99.0,6.76,0,9.54,0.0,15.0,10.197,0,15.0,5.0,15,1,150
3,100.0,6.76,20.28,6.76,99.0,6.76,0,9.54,0.0,15.0,10.197,0,15.0,5.0,15,1,200
3,100.0,6.76,20.28,6.76,99.0,6.76,0,9.54,0.0,15.0,10.197,0,15.0,5.0,15,1,300
3,100.0,6.76,20.28,6.76,99.0,6.76,0,9.54,0.0,15.0,10.197,0,15.0,5.0,15,1,500
3,100.0,6.76,20.28,6.76,99.0,6.76,0,9.54,0.0,15.0,10.197,0,15.0,5.0,15,1,1000
2,100.0,7.764,15.53,7.7645,99.0,7.764,0,10.26,0.0,15.0,12.046,0,15.0,5.0,15,2,100
3,100.0,10.176,30.53,10.1763,99.0,10.176,0,28.93,0.0,15.0,13.672,0,15.0,5.0,15,2,150
3,100.0,10.176,30.53,10.1763,99.0,10.176,0,28.93,0.0,15.0,13.672,0,15.0,5.0,15,2,200
3,100.0,10.176,30.53,10.1763,99.0,10.176,0,28.93,0.0,15.0,13.672,0,15.0,5.0,15,2,300
3,100.0,10.176,30.53,10.1763,99.0,10.176,0,28.93,0.0,15.0,13.672,0,15.0,5.0,15,2,500
3,100.0,10.176,30.53,10.1763,99.0,10.176,0,28.93,0.0,15.0,13.672,0,15.0,5.0,15,2,1000
2,50.0,5.0,10.0,5.0,3.0,15.0,5.0,10.26,0.0,15.0,5.612,5.0,15.0,5.0,15,3,100
3,66.7,8.333,25.0,8.3333,6.0,15.0,5.0,28.93,0.0,15.0,8.101,5.0,15.0,5.0,15,3,150
3,66.7,8.333,25.0,8.3333,6.0,15.0,5.0,28.93,0.0,15.0,8.101,5.0,15.0,5.0,15,3,200
3,66.7,8.333,25.0,8.3333,6.0,15.0,5.0,28.93,0.0,15.0,8.101,5.0,15.0,5.0,15,3,300
3,66.7,8.333,25.0,8.3333,6.0,15.0,5.0,28.93,0.0,15.0,8.101,5.0,15.0,5.0,15,3,500
3,66.7,8.333,25.0,8.3333,6.0,15.0,5.0,28.93,0.0,15.0,8.101,5.0,15.0,5.0,15,3,1000
2,50.0,5.0,10.0,5.0,3.0,15.0,5.0,10.26,0.0,15.0,5.612,5.0,15.0,5.0,15,4,100
3,66.7,8.333,25.0,8.3333,6.0,15.0,5.0,28.93,0.0,15.0,8.101,5.0,15.0,5.0,15,4,150
3,66.7,8.333,25.0,8.3333,6.0,15.0,5.0,28.93,0.0,15.0,8.101,5.0,15.0,5.0,15,4,200
3,66.7,8.333,25.0,8.3333,6.0,15.0,5.0,28.93,0.0,15.0,8.101,5.0,15.0,5.0,15,4,300
3,66.7,8.333,25.0,8.3333,6.0,15.0,5.0,28.93,0.0,15.0,8.101,5.0,15.0,5.0,15,4,500
3,66.7,8.333,25.0,8.3333,6.0,15.0,5.0,28.93,0.0,15.0,8.101,5.0,15.0,5.0,15,4,1000
2,50.0,5.0,10.0,5.0,3.0,15.0,5.0,10.26,0.0,15.0,5.612,5.0,15.0,5.0,15,5,100
3,66.7,8.333,25.0,8.3333,6.0,15.0,5.0,28.93,0.0,15.0,8.101,5.0,15.0,5.0,15,5,150
3,66.7,8.333,25.0,8.3333,6.0,15.0,5.0,28.93,0.0,15.0,8.101,5.0,15.0,5.0,15,5,200
3,66.7,8.333,25.0,8.3333,6.0,15.0,5.0,28.93,0.0,15.0,8.101,5.0,15.0,5.0,15,5,300
3,66.7,8.333,25.0,8.3333,6.0,15.0,5.0,28.93,0.0,15.0,8.101,5.0,15.0,5.0,15,5,500
3,66.7,8.333,25.0,8.3333,6.0,15.0,5.0,28.93,0.0,15.0,8.101,5.0,15.0,5.0,15,5,1000
2,50.0,5.0,10.0,5.0,3.0,15.0,5.0,10.26,0.0,15.0,5.612,5.0,15.0,5.0,15,7,100
3,66.7,8.333,25.0,8.3333,6.0,15.0,5.0,28.93,0.0,15.0,8.101,5.0,15.0,5.0,15,7,150
3,66.7,8.333,25.0,8.3333,6.0,15.0,5.0,28.93,0.0,15.0,8.101,5.0,15.0,5.0,15,7,200
3,66.7,8.333,25.0,8.3333,6.0,15.0,5.0,28.93,0.0,15.0,8.101,5.0,15.0,5.0,15,7,300
3,66.7,8.333,25.0,8.3333,6.0,15.0,5.0,28.93,0.0,15.0,8.101,5.0,15.0,5.0,15,7,500
3,66.7,8.333,25.0,8.3333,6.0,15.0,5.0,28.93,0.0,15.0,8.101,5.0,15.0,5.0,15,7,1000
2,100.0,7.764,15.53,7.7645,99.0,7.764,0,10.26,0.0,15.0,12.046,0,15.0,6.0,15,1,100
3,100.0,6.76,20.28,6.76,99.0,6.76,0,9.54,0.0,15.0,10.197,0,15.0,6.0,15,1,150
3,100.0,6.76,20.28,6.76,99.0,6.76,0,9.54,0.0,15.0,10.197,0,15.0,6.0,15,1,200
3,100.0,6.76,20.28,6.76,99.0,6.76,0,9.54,0.0,15.0,10.197,0,15.0,6.0,15,1,300
3,100.0,6.76,20.28,6.76,99.0,6.76,0,9.54,0.0,15.0,10.197,0,15.0,6.0,15,1,500
3,100.0,6.76,20.28,6.76,99.0,6.76,0,9.54,0.0,15.0,10.197,0,15.0,6.0,15,1,1000
2,100.0,7.764,15.53,7.7645,99.0,7.764,0,10.26,0.0,15.0,12.046,0,15.0,6.0,15,2,100
3,100.0,10.176,30.53,10.1763,99.0,10.176,0,28.93,0.0,15.0,13.672,0,15.0,6.0,15,2,150
3,100.0,10.176,30.53,10.1763,99.0,10.176,0,28.93,0.0,15.0,13.672,0,15.0,6.0,15,2,200
3,100.0,10.176,30.53,10.1763,99.0,10.176,0,28.93,0.0,15.0,13.672,0,15.0,6.0,15,2,300
3,100.0,10.176,30.53,10.1763,99.0,10.176,0,28.93,0.0,15.0,13.672,0,15.0,6.0,15,2,500
3,100.0,10.176,30.53,10.1763,99.0,10.176,0,28.93,0.0,15.0,13.672,0,15.0,6.0,15,2,1000
2,50.0,4.5,9.0,4.5,2.5,15.0,6.0,10.26,0.0,15.0,4.811,6.0,15.0,6.0,15,3,100
3,66.7,8.0,24.0,8.0,5.0,15.0,6.0,28.93,0.0,15.0,7.407,6.0,15.0,6.0,15,3,150
3,66.7,8.0,24.0,8.0,5.0,15.0,6.0,28.93,0.0,15.0,7.407,6.0,15.0,6.0,15,3,200
3,66.7,8.0,24.0,8.0,5.0,15.0,6.0,28.93,0.0,15.0,7.407,6.0,15.0,6.0,15,3,300
3,66.7,8.0,24.0,8.0,5.0,15.0,6.0,28.93,0.0,15.0,7.407,6.0,15.0,6.0,15,3,500
3,66.7,8.0,24.0,8.0,5.0,15.0,6.0,28.93,0.0,15.0,7.407,6.0,15.0,6.0,15,3,1000
2,50.0,4.5,9.0,4.5,2.5,15.0,6.0,10.26,0.0,15.0,4.811,6.0,15.0,6.0,15,4,100
3,66.7,8.0,24.0,8.0,5.0,15.0,6.0,28.93,0.0,15.0,7.407,6.0,15.0,6.0,15,4,150
3,66.7,8.0,24.0,8.0,5.0,15.0,6.0,28.93,0.0,15.0,7.407,6.0,15.0,6.0,15,4,200
3,66.7,8.0,24.0,8.0,5.0,15.0,6.0,28.93,0.0,15.0,7.407,6.0,15.0,6.0,15,4,300
3,66.7,8.0,24.0,8.0,5.0,15.0,6.0,28.93,0.0,15.0,7.407,6.0,15.0,6.0,15,4,500
3,66.7,8.0,24.0,8.0,5.0,15.0,6.0,28.93,0.0,15.0,7.407,6.0,15.0,6.0,15,4,1000
2,50.0,4.5,9.0,4.5,2.5,15.0,6.0,10.26,0.0,15.0,4.811,6.0,15.0,6.0,15,5,100
3,66.7,8.0,24.0,8.0,5.0,15.0,6.0,28.93,0.0,15.0,7.407,6.0,15.0,6.0,15,5,150
3,66.7,8.0,24.0,8.0,5.0,15.0,6.0,28.93,0.0,15.0,7.407,6.0,15.0,6.0,15,5,200
3,66.7,8.0,24.0,8.0,5.0,15.0,6.0,28.93,0.0,15.0,7.407,6.0,15.0,6.0,15,5,300
3,66.7,8.0,24.0,8.0,5.0,15.0,6.0,28.93,0.0,15.0,7.407,6.0,15.0,6.0,15,5,500
3,66.7,8.0,24.0,8.0,5.0,15.0,6.0,28.93,0.0,15.0,7.407,6.0,15.0,6.0,15,5,1000
2,50.0,4.5,9.0,4.5,2.5,15.0,6.0,10.26,0.0,15.0,4.811,6.0,15.0,6.0,15,7,100
3,66.7,8.0,24.0,8.0,5.0,15.0,6.0,28.93,0.0,15.0,7.407,6.0,15.0,6.0,15,7,150
3,66.7,8.0,24.0,8.0,5.0,15.0,6.0,28.93,0.0,15.0,7.407,6.0,15.0,6.0,15,7,200
3,66.7,8.0,24.0,8.0,5.0,15.0,6.0,28.93,0.0,15.0,7.407,6.0,15.0,6.0,15,7,300
3,66.7,8.0,24.0,8.0,5.0,15.0,6.0,28.93,0.0,15.0,7.407,6.0,15.0,6.0,15,7,500
3,66.7,8.0,24.0,8.0,5.0,15.0,6.0,28.93,0.0,15.0,7.407,6.0,15.0,6.0,15,7,1000
2,50.0,9.0,18.0,9.0,10.0,20.0,2.0,10.26,0.0,20.0,9.184,2.0,20.0,2.0,15,1,100
3,66.7,7.584,22.75,7.5837,12.376,12.376,2.0,9.54,0.0,20.0,7.553,2.0,20.0,2.0,15,1,150
3,66.7,7.584,22.75,7.5837,12.376,12.376,2.0,9.54,0.0,20.0,7.553,2.0,20.0,2.0,15,1,200
3,66.7,7.584,22.75,7.5837,12.376,12.376,2.0,9.54,0.0,20.0,7.553,2.0,20.0,2.0,15,1,300
3,66.7,7.584,22.75,7.5837,12.376,12.376,2.0,9.54,0.0,20.0,7.553,2.0,20.0,2.0,15,1,500
3,66.7,7.584,22.75,7.5837,12.376,12.376,2.0,9.54,0.0,20.0,7.553,2.0,20.0,2.0,15,1,1000
2,50.0,9.0,18.0,9.0,10.0,20.0,2.0,10.26,0.0,20.0,9.184,2.0,20.0,2.0,15,2,100
3,66.7,12.667,38.0,12.6667,20.0,20.0,2.0,28.93,0.0,20.0,11.194,2.0,20.0,2.0,15,2,150
3,66.7,12.667,38.0,12.6667,20.0,20.0,2.0,28.93,0.0,20.0,11.194,2.0,20.0,2.0,15,2,200
3,66.7,12.667,38.0,12.6667,20.0,20.0,2.0,28.93,0.0,20.0,11.194,2.0,20.0,2.0,15,2,300
3,66.7,12.667,38.0,12.6667,20.0,20.0,2.0,28.93,0.0,20.0,11.194,2.0,20.0,2.0,15,2,500
3,66.7,12.667,38.0,12.6667,20.0,20.0,2.0,28.93,0.0,20.0,11.194,2.0,20.0,2.0,15,2,1000
2,50.0,9.0,18.0,9.0,10.0,20.0,2.0,10.26,0.0,20.0,9.184,2.0,20.0,2.0,15,3,100
3,66.7,12.667,38.0,12.6667,20.0,20.0,2.0,28.93,0.0,20.0,11.194,2.0,20.0,2.0,15,3,150
3,66.7,12.667,38.0,12.6667,20.0,20.0,2.0,28.93,0.0,20.0,11.194,2.0,20.0,2.0,15,3,200
3,66.7,12.667,38.0,12.6667,20.0,20.0,2.0,28.93,0.0,20.0,11.194,2.0,20.0,2.0,15,3,300
3,66.7,12.667,38.0,12.6667,20.0,20.0,2.0,28.93,0.0,20.0,11.194,2.0,20.0,2.0,15,3,500
3,66.7,12.667,38.0,12.6667,20.0,20.0,2.0,28.93,0.0,20.0,11.194,2.0,20.0,2.0,15,3,1000
2,50.0,9.0,18.0,9.0,10.0,20.0,2.0,10.26,0.0,20.0,9.184,2.0,20.0,2.0,15,4,100
3,66.7,12.667,38.0,12.6667,20.0,20.0,2.0,28.93,0.0,20.0,11.194,2.0,20.0,2.0,15,4,150
3,66.7,12.667,38.0,12.6667,20.0,20.0,2.0,28.93,0.0,20.0,11.194,2.0,20.0,2.0,15,4,200
3,66.7,12.667,38.0,12.6667,20.0,20.0,2.0,28.93,0.0,20.0,11.194,2.0,20.0,2.0,15,4,300
3,66.7,12.667,38.0,12.6667,20.0,20.0,2.0,28.93,0.0,20.0,11.194,2.0,20.0,2.0,15,4,500
3,66.7,12.667,38.0,12.6667,20.0,20.0,2.0,28.93,0.0,20.0,11.194,2.0,20.0,2.0,15,4,1000
2,50.0,9.0,18.0,9.0,10.0,20.0,2.0,10.26,0.0,20.0,9.184,2.0,20.0,2.0,15,5,100
3,66.7,12.667,38.0,12.6667,20.0,20.0,2.0,28.93,0.0,20.0,11.194,2.0,20.0,2.0,15,5,150
3,66.7,12.667,38.0,12.6667,20.0,20.0,2.0,28.93,0.0,20.0,11.194,2.0,20.0,2.0,15,5,200
3,66.7,12.667,38.0,12.6667,20.0,20.0,2.0,28.93,0.0,20.0,11.194,2.0,20.0,2.0,15,5,300
3,66.7,12.667,38.0,12.6667,20.0,20.0,2.0,28.93,0.0,20.0,11.194,2.0,20.0,2.0,15,5,500
3,66.7,12.667,38.0,12.6667,20.0,20.0,2.0,28.93,0.0,20.0,11.194,2.0,20.0,2.0,15,5,1000
2,50.0,9.0,18.0,9.0,10.0,20.0,2.0,10.26,0.0,20.0,9.184,2.0,20.0,2.0,15,7,100
3,66.7,12.667,38.0,12.6667,20.0,20.0,2.0,28.93,0.0,20.0,11.194,2.0,20.0,2.0,15,7,150
3,66.7,12.667,38.0,12.6667,20.0,20.0,2.0,28.93,0.0,20.0,11.194,2.0,20.0,2.0,15,7,200
3,66.7,12.667,38.0,12.6667,20.0,20.0,2.0,28.93,0.0,20.0,11.194,2.0,20.0,2.0,15,7,300
3,66.7,12.667,38.0,12.6667,20.0,20.0,2.0,28.93,0.0,20.0,11.194,2.0,20.0,2.0,15,7,500
3,66.7,12.667,38.0,12.6667,20.0,20.0,2.0,28.93,0.0,20.0,11.194,2.0,20.0,2.0,15,7,1000
2,50.0,8.5,17.0,8.5,6.667,20.0,3.0,10.26,0.0,20.0,8.297,3.0,20.0,3.0,15,1,100
3,66.7,7.25,21.75,7.2503,8.25,12.376,3.0,9.54,0.0,20.0,6.955,3.0,20.0,3.0,15,1,150
3,66.7,7.25,21.75,7.2503,8.25,12.376,3.0,9.54,0.0,20.0,6.955,3.0,20.0,3.0,15,1,200
3,66.7,7.25,21.75,7.2503,8.25,12.376,3.0,9.54,0.0,20.0,6.955,3.0,20.0,3.0,15,1,300
3,66.7,7.25,21.75,7.2503,8.25,12.376,3.0,9.54,0.0,20.0,6.955,3.0,20.0,3.0,15,1,500
3,66.7,7.25,21.75,7.2503,8.25,12.376,3.0,9.54,0.0,20.0,6.955,3.0,20.0,3.0,15,1,1000
2,50.0,8.5,17.0,8.5,6.667,20.0,3.0,10.26,0.0,20.0,8.297,3.0,20.0,3.0,15,2,100
3,66.7,12.333,37.0,12.3333,13.333,20.0,3.0,28.93,0.0,20.0,10.426,3.0,20.0,3.0,15,2,150
3,66.7,12.333,37.0,12.3333,13.333,20.0,3.0,28.93,0.0,20.0,10.426,3.0,20.0,3.0,15,2,200
3,66.7,12.333,37.0,12.3333,13.333,20.0,3.0,28.93,0.0,20.0,10.426,3.0,20.0,3.0,15,2,300
3,66.7,12.333,37.0,12.3333,13.333,20.0,3.0,28.93,0.0,20.0,10.426,3.0,20.0,3.0,15,2,500
3,66.7,12.333,37.0,12.3333,13.333,20.0,3.0,28.93,0.0,20.0,10.426,3.0,20.0,3.0,15,2,1000
2,50.0,8.5,17.0,8.5,6.667,20.0,3.0,10.26,0.0,20.0,8.297,3.0,20.0,3.0,15,3,100
3,66.7,12.333,37.0,12.3333,13.333,20.0,3.0,28.93,0.0,20.0,10.426,3.0,20.0,3.0,15,3,150
3,66.7,12.333,37.0,12.3333,13.333,20.0,3.0,28.93,0.0,20.0,10.426,3.0,20.0,3.0,15,3,200
3,66.7,12.333,37.0,12.3333,13.333,20.0,3.0,28.93,0.0,20.0,10.426,3.0,20.0,3.0,15,3,300
3,66.7,12.333,37.0,12.3333,13.333,20.0,3.0,28.93,0.0,20.0,10.426,3.0,20.0,3.0,15,3,500
3,66.7,12.333,37.0,12.3333,13.333,20.0,3.0,28.93,0.0,20.0,10.426,3.0,20.0,3.0,15,3,1000
2,50.0,8.5,17.0,8.5,6.667,20.0,3.0,10.26,0.0,20.0,8.297,3.0,20.0,3.0,15,4,100
3,66.7,12.333,37.0,12.3333,13.333,20.0,3.0,28.93,0.0,20.0,10.426,3.0,20.0,3.0,15,4,150
3,66.7,12.333,37.0,12.3333,13.333,20.0,3.0,28.93,0.0,20.0,10.426,3.0,20.0,3.0,15,4,200
3,66.7,12.333,37.0,12.3333,13.333,20.0,3.0,28.93,0.0,20.0,10.426,3.0,20.0,3.0,15,4,300
3,66.7,12.333,37.0,12.3333,13.333,20.0,3.0,28.93,0.0,20.0,10.426,3.0,20.0,3.0,15,4,500
3,66.7,12.333,37.0,12.3333,13.333,20.0,3.0,28.93,0.0,20.0,10.426,3.0,20.0,3.0,15,4,1000
2,50.0,8.5,17.0,8.5,6.667,20.0,3.0,10.26,0.0,20.0,8.297,3.0,20.0,3.0,15,5,100
3,66.7,12.333,37.0,12.3333,13.333,20.0,3.0,28.93,0.0,20.0,10.426,3.0,20.0,3.0,15,5,150
3,66.7,12.333,37.0,12.3333,13.333,20.0,3.0,28.93,0.0,20.0,10.426,3.0,20.0,3.0,15,5,200
3,66.7,12.333,37.0,12.3333,13.333,20.0,3.0,28.93,0.0,20.0,10.426,3.0,20.0,3.0,15,5,300
3,66.7,12.333,37.0,12.3333,13.333,20.0,3.0,28.93,0.0,20.0,10.426,3.0,20.0,3.0,15,5,500
3,66.7,12.333,37.0,12.3333,13.333,20.0,3.0,28.93,0.0,20.0,10.426,3.0,20.0,3.0,15,5,1000
2,50.0,8.5,17.0,8.5,6.667,20.0,3.0,10.26,0.0,20.0,8.297,3.0,20.0,3.0,15,7,100
3,66.7,12.333,37.0,12.3333,13.333,20.0,3.0,28.93,0.0,20.0,10.426,3.0,20.0,3.0,15,7,150
3,66.7,12.333,37.0,12.3333,13.333,20.0,3.0,28.93,0.0,20.0,10.426,3.0,20.0,3.0,15,7,200
3,66.7,12.333,37.0,12.3333,13.333,20.0,3.0,28.93,0.0,20.0,10.426,3.0,20.0,3.0,15,7,300
3,66.7,12.333,37.0,12.3333,13.333,20.0,3.0,28.93,0.0,20.0,10.426,3.0,20.0,3.0,15,7,500
3,66.7,12.333,37.0,12.3333,13.333,20.0,3.0,28.93,0.0,20.0,10.426,3.0,20.0,3.0,15,7,1000
2,100.0,10.264,20.53,10.2645,99.0,10.264,0,10.26,0.0,20.0,11.835,0,20.0,4.0,15,1,100
3,100.0,8.427,25.28,8.4267,99.0,8.427,0,9.54,0.0,20.0,9.235,0,20.0,4.0,15,1,150
3,100.0,8.427,25.28,8.4267,99.0,8.427,0,9.54,0.0,20.0,9.235,0,20.0,4.0,15,1,200
3,100.0,8.427,25.28,8.4267,99.0,8.427,0,9.54,0.0,20.0,9.235,0,20.0,4.0,15,1,300
3,100.0,8.427,25.28,8.4267,99.0,8.427,0,9.54,0.0,20.0,9.235,0,20.0,4.0,15,1,500
3,100.0,8.427,25.28,8.4267,99.0,8.427,0,9.54,0.0,20.0,9.235,0,20.0,4.0,15,1,1000
2,100.0,10.264,20.53,10.2645,99.0,10.264,0,10.26,0.0,20.0,11.835,0,20.0,4.0,15,2,100
3,100.0,13.51,40.53,13.5097,99.0,13.51,0,28.93,0.0,20.0,13.49,0,20.0,4.0,15,2,150
3,100.0,13.51,40.53,13.5097,99.0,13.51,0,28.93,0.0,20.0,13.49,0,20.0,4.0,15,2,200
3,100.0,13.51,40.53,13.5097,99.0,13.51,0,28.93,0.0,20.0,13.49,0,20.0,4.0,15,2,300
3,100.0,13.51,40.53,13.5097,99.0,13.51,0,28.93,0.0,20.0,13.49,0,20.0,4.0,15,2,500
3,100.0,13.51,40.53,13.5097,99.0,13.51,0,28.93,0.0,20.0,13.49,0,20.0,4.0,15,2,1000
2,50.0,8.0,16.0,8.0,5.0,20.0,4.0,10.26,0.0,20.0,7.483,4.0,20.0,4.0,15,3,100
3,66.7,12.0,36.0,12.0,10.0,20.0,4.0,28.93,0.0,20.0,9.721,4.0,20.0,4.0,15,3,150
3,66.7,12.0,36.0,12.0,10.0,20.0,4.0,28.93,0.0,20.0,9.721,4.0,20.0,4.0,15,3,200
3,66.7,12.0,36.0,12.0,10.0,20.0,4.0,28.93,0.0,20.0,9.721,4.0,20.0,4.0,15,3,300
3,66.7,12.0,36.0,12.0,10.0,20.0,4.0,28.93,0.0,20.0,9.721,4.0,20.0,4.0,15,3,500
3,66.7,12.0,36.0,12.0,10.0,20.0,4.0,28.93,0.0,20.0,9.721,4.0,20.0,4.0,15,3,1000
2,50.0,8.0,16.0,8.0,5.0,20.0,4.0,10.26,0.0,20.0,7.483,4.0,20.0,4.0,15,4,100
3,66.7,12.0,36.0,12.0,10.0,20.0,4.0,28.93,0.0,20.0,9.721,4.0,20.0,4.0,15,4,150
3,66.7,12.0,36.0,12.0,10.0,20.0,4.0,28.93,0.0,20.0,9.721,4.0,20.0,4.0,15,4,200
3,66.7,12.0,36.0,12.0,10.0,20.0,4.0,28.93,0.0,20.0,9.721,4.0,20.0,4.0,15,4,300
3,66.7,12.0,36.0,12.0,10.0,20.0,4.0,28.93,0.0,20.0,9.721,4.0,20.0,4.0,15,4,500
3,66.7,12.0,36.0,12.0,10.0,20.0,4.0,28.93,0.0,20.0,9.721,4.0,20.0,4.0,15,4,1000
2,50.0,8.0,16.0,8.0,5.0,20.0,4.0,10.26,0.0,20.0,7.483,4.0,20.0,4.0,15,5,100
3,66.7,12.0,36.0,12.0,10.0,20.0,4.0,28.93,0.0,20.0,9.721,4.0,20.0,4.0,15,5,150
3,66.7,12.0,36.0,12.0,10.0,20.0,4.0,28.93,0.0,20.0,9.721,4.0,20.0,4.0,15,5,200
3,66.7,12.0,36.0,12.0,10.0,20.0,4.0,28.93,0.0,20.0,9.721,4.0,20.0,4.0,15,5,300
3,66.7,12.0,36.0,12.0,10.0,20.0,4.0,28.93,0.0,20.0,9.721,4.0,20.0,4.0,15,5,500
3,66.7,12.0,36.0,12.0,10.0,20.0,4.0,28.93,0.0,20.0,9.721,4.0,20.0,4.0,15,5,1000
2,50.0,8.0,16.0,8.0,5.0,20.0,4.0,10.26,0.0,20.0,7.483,4.0,20.0,4.0,15,7,100
3,66.7,12.0,36.0,12.0,10.0,20.0,4.0,28.93,0.0,20.0,9.721,4.0,20.0,4.0,15,7,150
3,66.7,12.0,36.0,12.0,10.0,20.0,4.0,28.93,0.0,20.0,9.721,4.0,20.0,4.0,15,7,200
3,66.7,12.0,36.0,12.0,10.0,20.0,4.0,28.93,0.0,20.0,9.721,4.0,20.0,4.0,15,7,300
3,66.7,12.0,36.0,12.0,10.0,20.0,4.0,28.93,0.0,20.0,9.721,4.0,20.0,4.0,15,7,500
3,66.7,12.0,36.0,12.0,10.0,20.0,4.0,28.93,0.0,20.0,9.721,4.0,20.0,4.0,15,7,1000
2,100.0,10.264,20.53,10.2645,99.0,10.264,0,10.26,0.0,20.0,11.835,0,20.0,5.0,15,1,100
3,100.0,8.427,25.28,8.4267,99.0,8.427,0,9.54,0.0,20.0,9.235,0,20.0,5.0,15,1,150
3,100.0,8.427,25.28,8.4267,99.0,8.427,0,9.54,0.0,20.0,9.235,0,20.0,5.0,15,1,200
3,100.0,8.427,25.28,8.4267,99.0,8.427,0,9.54,0.0,20.0,9.235,0,20.0,5.0,15,1,300
3,100.0,8.427,25.28,8.4267,99.0,8.427,0,9.54,0.0,20.0,9.235,0,20.0,5.0,15,1,500
3,100.0,8.427,25.28,8.4267,99.0,8.427,0,9.54,0.0,20.0,9.235,0,20.0,5.0,15,1,1000
2,100.0,10.264,20.53,10.2645,99.0,10.264,0,10.26,0.0,20.0,11.835,0,20.0,5.0,15,2,100
3,100.0,13.51,40.53,13.5097,99.0,13.51,0,28.93,0.0,20.0,13.49,0,20.0,5.0,15,2,150
3,100.0,13.51,40.53,13.5097,99.0,13.51,0,28.93,0.0,20.0,13.49,0,20.0,5.0,15,2,200
3,100.0,13.51,40.53,13.5097,99.0,13.51,0,28.93,0.0,20.0,13.49,0,20.0,5.0,15,2,300
3,100.0,13.51,40.53,13.5097,99.0,13.51,0,28.93,0.0,20.0,13.49,0,20.0,5.0,15,2,500
3,100.0,13.51,40.53,13.5097,99.0,13.51,0,28.93,0.0,20.0,13.49,0,20.0,5.0,15,2,1000
2,50.0,7.5,15.0,7.5,4.0,20.0,5.0,10.26,0.0,20.0,6.735,5.0,20.0,5.0,15,3,100
3,66.7,11.667,35.0,11.6667,8.0,20.0,5.0,28.93,0.0,20.0,9.073,5.0,20.0,5.0,15,3,150
3,66.7,11.667,35.0,11.6667,8.0,20.0,5.0,28.93,0.0,20.0,9.073,5.0,20.0,5.0,15,3,200
3,66.7,11.667,35.0,11.6667,8.0,20.0,5.0,28.93,0.0,20.0,9.073,5.0,20.0,5.0,15,3,300
3,66.7,11.667,35.0,11.6667,8.0,20.0,5.0,28.93,0.0,20.0,9.073,5.0,20.0,5.0,15,3,500
3,66.7,11.667,35.0,11.6667,8.0,20.0,5.0,28.93,0.0,20.0,9.073,5.0,20.0,5.0,15,3,1000
2,50.0,7.5,15.0,7.5,4.0,20.0,5.0,10.26,0.0,20.0,6.735,5.0,20.0,5.0,15,4,100
3,66.7,11.667,35.0,11.6667,8.0,20.0,5.0,28.93,0.0,20.0,9.073,5.0,20.0,5.0,15,4,150
3,66.7,11.667,35.0,11.6667,8.0,20.0,5.0,28.93,0.0,20.0,9.073,5.0,20.0,5.0,15,4,200
3,66.7,11.667,35.0,11.6667,8.0,20.0,5.0,28.93,0.0,20.0,9.073,5.0,20.0,5.0,15,4,300
3,66.7,11.667,35.0,11.6667,8.0,20.0,5.0,28.93,0.0,20.0,9.073,5.0,20.0,5.0,15,4,500
3,66.7,11.667,35.0,11.6667,8.0,20.0,5.0,28.93,0.0,20.0,9.073,5.0,20.0,5.0,15,4,1000
2,50.0,7.5,15.0,7.5,4.0,20.0,5.0,10.26,0.0,20.0,6.735,5.0,20.0,5.0,15,5,100
3,66.7,11.667,35.0,11.6667,8.0,20.0,5.0,28.93,0.0,20.0,9.073,5.0,20.0,5.0,15,5,150
3,66.7,11.667,35.0,11.6667,8.0,20.0,5.0,28.93,0.0,20.0,9.073,5.0,20.0,5.0,15,5,200
3,66.7,11.667,35.0,11.6667,8.0,20.0,5.0,28.93,0.0,20.0,9.073,5.0,20.0,5.0,15,5,300
3,66.7,11.667,35.0,11.6667,8.0,20.0,5.0,28.93,0.0,20.0,9.073,5.0,20.0,5.0,15,5,500
3,66.7,11.667,35.0,11.6667,8.0,20.0,5.0,28.93,0.0,20.0,9.073,5.0,20.0,5.0,15,5,1000
2,50.0,7.5,15.0,7.5,4.0,20.0,5.0,10.26,0.0,20.0,6.735,5.0,20.0,5.0,15,7,100
3,66.7,11.667,35.0,11.6667,8.0,20.0,5.0,28.93,0.0,20.0,9.073,5.0,20.0,5.0,15,7,150
3,66.7,11.667,35.0,11.6667,8.0,20.0,5.0,28.93,0.0,20.0,9.073,5.0,20.0,5.0,15,7,200
3,66.7,11.667,35.0,11.6667,8.0,20.0,5.0,28.93,0.0,20.0,9.073,5.0,20.0,5.0,15,7,300
3,66.7,11.667,35.0,11.6667,8.0,20.0,5.0,28.93,0.0,20.0,9.073,5.0,20.0,5.0,15,7,500
3,66.7,11.667,35.0,11.6667,8.0,20.0,5.0,28.93,0.0,20.0,9.073,5.0,20.0,5.0,15,7,1000
2,100.0,10.264,20.53,10.2645,99.0,10.264,0,10.26,0.0,20.0,11.835,0,20.0,6.0,15,1,100
3,100.0,8.427,25.28,8.4267,99.0,8.427,0,9.54,0.0,20.0,9.235,0,20.0,6.0,15,1,150
3,100.0,8.427,25.28,8.4267,99.0,8.427,0,9.54,0.0,20.0,9.235,0,20.0,6.0,15,1,200
3,100.0,8.427,25.28,8.4267,99.0,8.427,0,9.54,0.0,20.0,9.235,0,20.0,6.0,15,1,300
3,100.0,8.427,25.28,8.4267,99.0,8.427,0,9.54,0.0,20.0,9.235,0,20.0,6.0,15,1,500
3,100.0,8.427,25.28,8.4267,99.0,8.427,0,9.54,0.0,20.0,9.235,0,20.0,6.0,15,1,1000
2,100.0,10.264,20.53,10.2645,99.0,10.264,0,10.26,0.0,20.0,11.835,0,20.0,6.0,15,2,100
3,100.0,13.51,40.53,13.5097,99.0,13.51,0,28.93,0.0,20.0,13.49,0,20.0,6.0,15,2,150
3,100.0,13.51,40.53,13.5097,99.0,13.51,0,28.93,0.0,20.0,13.49,0,20.0,6.0,15,2,200
3,100.0,13.51,40.53,13.5097,99.0,13.51,0,28.93,0.0,20.0,13.49,0,20.0,6.0,15,2,300
3,100.0,13.51,40.53,13.5097,99.0,13.51,0,28.93,0.0,20.0,13.49,0,20.0,6.0,15,2,500
3,100.0,13.51,40.53,13.5097,99.0,13.51,0,28.93,0.0,20.0,13.49,0,20.0,6.0,15,2,1000
2,50.0,7.0,14.0,7.0,3.333,20.0,6.0,10.26,0.0,20.0,6.044,6.0,20.0,6.0,15,3,100
3,66.7,11.333,34.0,11.3333,6.667,20.0,6.0,28.93,0.0,20.0,8.475,6.0,20.0,6.0,15,3,150
3,66.7,11.333,34.0,11.3333,6.667,20.0,6.0,28.93,0.0,20.0,8.475,6.0,20.0,6.0,15,3,200
3,66.7,11.333,34.0,11.3333,6.667,20.0,6.0,28.93,0.0,20.0,8.475,6.0,20.0,6.0,15,3,300
3,66.7,11.333,34.0,11.3333,6.667,20.0,6.0,28.93,0.0,20.0,8.475,6.0,20.0,6.0,15,3,500
3,66.7,11.333,34.0,11.3333,6.667,20.0,6.0,28.93,0.0,20.0,8.475,6.0,20.0,6.0,15,3,1000
2,50.0,7.0,14.0,7.0,3.333,20.0,6.0,10.26,0.0,20.0,6.044,6.0,20.0,6.0,15,4,100
3,66.7,11.333,34.0,11.3333,6.667,20.0,6.0,28.93,0.0,20.0,8.475,6.0,20.0,6.0,15,4,150
3,66.7,11.333,34.0,11.3333,6.667,20.0,6.0,28.93,0.0,20.0,8.475,6.0,20.0,6.0,15,4,200
3,66.7,11.333,34.0,11.3333,6.667,20.0,6.0,28.93,0.0,20.0,8.475,6.0,20.0,6.0,15,4,300
3,66.7,11.333,34.0,11.3333,6.667,20.0,6.0,28.93,0.0,20.0,8.475,6.0,20.0,6.0,15,4,500
3,66.7,11.333,34.0,11.3333,6.667,20.0,6.0,28.93,0.0,20.0,8.475,6.0,20.0,6.0,15,4,1000
2,50.0,7.0,14.0,7.0,3.333,20.0,6.0,10.26,0.0,20.0,6.044,6.0,20.0,6.0,15,5,100
3,66.7,11.333,34.0,11.3333,6.667,20.0,6.0,28.93,0.0,20.0,8.475,6.0,20.0,6.0,15,5,150
3,66.7,11.333,34.0,11.3333,6.667,20.0,6.0,28.93,0.0,20.0,8.475,6.0,20.0,6.0,15,5,200
3,66.7,11.333,34.0,11.3333,6.667,20.0,6.0,28.93,0.0,20.0,8.475,6.0,20.0,6.0,15,5,300
3,66.7,11.333,34.0,11.3333,6.667,20.0,6.0,28.93,0.0,20.0,8.475,6.0,20.0,6.0,15,5,500
3,66.7,11.333,34.0,11.3333,6.667,20.0,6.0,28.93,0.0,20.0,8.475,6.0,20.0,6.0,15,5,1000
2,50.0,7.0,14.0,7.0,3.333,20.0,6.0,10.26,0.0,20.0,6.044,6.0,20.0,6.0,15,7,100
3,66.7,11.333,34.0,11.3333,6.667,20.0,6.0,28.93,0.0,20.0,8.475,6.0,20.0,6.0,15,7,150
3,66.7,11.333,34.0,11.3333,6.667,20.0,6.0,28.93,0.0,20.0,8.475,6.0,20.0,6.0,15,7,200
3,66.7,11.333,34.0,11.3333,6.667,20.0,6.0,28.93,0.0,20.0,8.475,6.0,20.0,6.0,15,7,300
3,66.7,11.333,34.0,11.3333,6.667,20.0,6.0,28.93,0.0,20.0,8.475,6.0,20.0,6.0,15,7,500
3,66.7,11.333,34.0,11.3333,6.667,20.0,6.0,28.93,0.0,20.0,8.475,6.0,20.0,6.0,15,7,1000
2,50.0,1.5,3.0,1.5,2.5,5.0,2.0,10.26,0.0,5.0,4.811,2.0,5.0,2.0,20,1,100
3,66.7,2.667,8.0,2.6667,5.0,5.0,2.0,9.54,0.0,5.0,7.407,2.0,5.0,2.0,20,1,150
3,66.7,2.667,8.0,2.6667,5.0,5.0,2.0,9.54,0.0,5.0,7.407,2.0,5.0,2.0,20,1,200
3,66.7,2.667,8.0,2.6667,5.0,5.0,2.0,9.54,0.0,5.0,7.407,2.0,5.0,2.0,20,1,300
3,66.7,2.667,8.0,2.6667,5.0,5.0,2.0,9.54,0.0,5.0,7.407,2.0,5.0,2.0,20,1,500
3,66.7,2.667,8.0,2.6667,5.0,5.0,2.0,9.54,0.0,5.0,7.407,2.0,5.0,2.0,20,1,1000
2,50.0,1.5,3.0,1.5,2.5,5.0,2.0,10.26,0.0,5.0,4.811,2.0,5.0,2.0,20,2,100
3,66.7,2.667,8.0,2.6667,5.0,5.0,2.0,9.54,0.0,5.0,7.407,2.0,5.0,2.0,20,2,150
3,66.7,2.667,8.0,2.6667,5.0,5.0,2.0,9.54,0.0,5.0,7.407,2.0,5.0,2.0,20,2,200
3,66.7,2.667,8.0,2.6667,5.0,5.0,2.0,9.54,0.0,5.0,7.407,2.0,5.0,2.0,20,2,300
3,66.7,2.667,8.0,2.6667,5.0,5.0,2.0,9.54,0.0,5.0,7.407,2.0,5.0,2.0,20,2,500
3,66.7,2.667,8.0,2.6667,5.0,5.0,2.0,9.54,0.0,5.0,7.407,2.0,5.0,2.0,20,2,1000
2,50.0,1.5,3.0,1.5,2.5,5.0,2.0,10.26,0.0,5.0,4.811,2.0,5.0,2.0,20,3,100
3,66.7,2.667,8.0,2.6667,5.0,5.0,2.0,9.54,0.0,5.0,7.407,2.0,5.0,2.0,20,3,150
3,66.7,2.667,8.0,2.6667,5.0,5.0,2.0,9.54,0.0,5.0,7.407,2.0,5.0,2.0,20,3,200
3,66.7,2.667,8.0,2.6667,5.0,5.0,2.0,9.54,0.0,5.0,7.407,2.0,5.0,2.0,20,3,300
3,66.7,2.667,8.0,2.6667,5.0,5.0,2.0,9.54,0.0,5.0,7.407,2.0,5.0,2.0,20,3,500
3,66.7,2.667,8.0,2.6667,5.0,5.0,2.0,9.54,0.0,5.0,7.407,2.0,5.0,2.0,20,3,1000
2,50.0,1.5,3.0,1.5,2.5,5.0,2.0,10.26,0.0,5.0,4.811,2.0,5.0,2.0,20,4,100
3,66.7,2.667,8.0,2.6667,5.0,5.0,2.0,9.54,0.0,5.0,7.407,2.0,5.0,2.0,20,4,150
3,66.7,2.667,8.0,2.6667,5.0,5.0,2.0,9.54,0.0,5.0,7.407,2.0,5.0,2.0,20,4,200
3,66.7,2.667,8.0,2.6667,5.0,5.0,2.0,9.54,0.0,5.0,7.407,2.0,5.0,2.0,20,4,300
3,66.7,2.667,8.0,2.6667,5.0,5.0,2.0,9.54,0.0,5.0,7.407,2.0,5.0,2.0,20,4,500
3,66.7,2.667,8.0,2.6667,5.0,5.0,2.0,9.54,0.0,5.0,7.407,2.0,5.0,2.0,20,4,1000
2,50.0,1.5,3.0,1.5,2.5,5.0,2.0,10.26,0.0,5.0,4.811,2.0,5.0,2.0,20,5,100
3,66.7,2.667,8.0,2.6667,5.0,5.0,2.0,9.54,0.0,5.0,7.407,2.0,5.0,2.0,20,5,150
3,66.7,2.667,8.0,2.6667,5.0,5.0,2.0,9.54,0.0,5.0,7.407,2.0,5.0,2.0,20,5,200
3,66.7,2.667,8.0,2.6667,5.0,5.0,2.0,9.54,0.0,5.0,7.407,2.0,5.0,2.0,20,5,300
3,66.7,2.667,8.0,2.6667,5.0,5.0,2.0,9.54,0.0,5.0,7.407,2.0,5.0,2.0,20,5,500
3,66.7,2.667,8.0,2.6667,5.0,5.0,2.0,9.54,0.0,5.0,7.407,2.0,5.0,2.0,20,5,1000
2,50.0,1.5,3.0,1.5,2.5,5.0,2.0,10.26,0.0,5.0,4.811,2.0,5.0,2.0,20,7,100
3,66.7,2.667,8.0,2.6667,5.0,5.0,2.0,9.54,0.0,5.0,7.407,2.0,5.0,2.0,20,7,150
3,66.7,2.667,8.0,2.6667,5.0,5.0,2.0,9.54,0.0,5.0,7.407,2.0,5.0,2.0,20,7,200
3,66.7,2.667,8.0,2.6667,5.0,5.0,2.0,9.54,0.0,5.0,7.407,2.0,5.0,2.0,20,7,300
3,66.7,2.667,8.0,2.6667,5.0,5.0,2.0,9.54,0.0,5.0,7.407,2.0,5.0,2.0,20,7,500
3,66.7,2.667,8.0,2.6667,5.0,5.0,2.0,9.54,0.0,5.0,7.407,2.0,5.0,2.0,20,7,1000
2,50.0,1.0,2.0,1.0,1.667,5.0,3.0,10.26,0.0,5.0,2.806,3.0,5.0,3.0,20,1,100
3,66.7,2.333,7.0,2.3333,3.333,5.0,3.0,9.54,0.0,5.0,5.671,3.0,5.0,3.0,20,1,150
3,66.7,2.333,7.0,2.3333,3.333,5.0,3.0,9.54,0.0,5.0,5.671,3.0,5.0,3.0,20,1,200
3,66.7,2.333,7.0,2.3333,3.333,5.0,3.0,9.54,0.0,5.0,5.671,3.0,5.0,3.0,20,1,300
3,66.7,2.333,7.0,2.3333,3.333,5.0,3.0,9.54,0.0,5.0,5.671,3.0,5.0,3.0,20,1,500
3,66.7,2.333,7.0,2.3333,3.333,5.0,3.0,9.54,0.0,5.0,5.671,3.0,5.0,3.0,20,1,1000
2,50.0,1.0,2.0,1.0,1.667,5.0,3.0,10.26,0.0,5.0,2.806,3.0,5.0,3.0,20,2,100
3,66.7,2.333,7.0,2.3333,3.333,5.0,3.0,9.54,0.0,5.0,5.671,3.0,5.0,3.0,20,2,150
3,66.7,2.333,7.0,2.3333,3.333,5.0,3.0,9.54,0.0,5.0,5.671,3.0,5.0,3.0,20,2,200
3,66.7,2.333,7.0,2.3333,3.333,5.0,3.0,9.54,0.0,5.0,5.671,3.0,5.0,3.0,20,2,300
3,66.7,2.333,7.0,2.3333,3.333,5.0,3.0,9.54,0.0,5.0,5.671,3.0,5.0,3.0,20,2,500
3,66.7,2.333,7.0,2.3333,3.333,5.0,3.0,9.54,0.0,5.0,5.671,3.0,5.0,3.0,20,2,1000
2,50.0,1.0,2.0,1.0,1.667,5.0,3.0,10.26,0.0,5.0,2.806,3.0,5.0,3.0,20,3,100
3,66.7,2.333,7.0,2.3333,3.333,5.0,3.0,9.54,0.0,5.0,5.671,3.0,5.0,3.0,20,3,150
3,66.7,2.333,7.0,2.3333,3.333,5.0,3.0,9.54,0.0,5.0,5.671,3.0,5.0,3.0,20,3,200
3,66.7,2.333,7.0,2.3333,3.333,5.0,3.0,9.54,0.0,5.0,5.671,3.0,5.0,3.0,20,3,300
3,66.7,2.333,7.0,2.3333,3.333,5.0,3.0,9.54,0.0,5.0,5.671,3.0,5.0,3.0,20,3,500
3,66.7,2.333,7.0,2.3333,3.333,5.0,3.0,9.54,0.0,5.0,5.671,3.0,5.0,3.0,20,3,1000
2,50.0,1.0,2.0,1.0,1.667,5.0,3.0,10.26,0.0,5.0,2.806,3.0,5.0,3.0,20,4,100
3,66.7,2.333,7.0,2.3333,3.333,5.0,3.0,9.54,0.0,5.0,5.671,3.0,5.0,3.0,20,4,150
3,66.7,2.333,7.0,2.3333,3.333,5.0,3.0,9.54,0.0,5.0,5.671,3.0,5.0,3.0,20,4,200
3,66.7,2.333,7.0,2.3333,3.333,5.0,3.0,9.54,0.0,5.0,5.671,3.0,5.0,3.0,20,4,300
3,66.7,2.333,7.0,2.3333,3.333,5.0,3.0,9.54,0.0,5.0,5.671,3.0,5.0,3.0,20,4,500
3,66.7,2.333,7.0,2.3333,3.333,5.0,3.0,9.54,0.0,5.0,5.671,3.0,5.0,3.0,20,4,1000
2,50.0,1.0,2.0,1.0,1.667,5.0,3.0,10.26,0.0,5.0,2.806,3.0,5.0,3.0,20,5,100
3,66.7,2.333,7.0,2.3333,3.333,5.0,3.0,9.54,0.0,5.0,5.671,3.0,5.0,3.0,20,5,150
3,66.7,2.333,7.0,2.3333,3.333,5.0,3.0,9.54,0.0,5.0,5.671,3.0,5.0,3.0,20,5,200
3,66.7,2.333,7.0,2.3333,3.333,5.0,3.0,9.54,0.0,5.0,5.671,3.0,5.0,3.0,20,5,300
3,66.7,2.333,7.0,2.3333,3.333,5.0,3.0,9.54,0.0,5.0,5.671,3.0,5.0,3.0,20,5,500
3,66.7,2.333,7.0,2.3333,3.333,5.0,3.0,9.54,0.0,5.0,5.671,3.0,5.0,3.0,20,5,1000
2,50.0,1.0,2.0,1.0,1.667,5.0,3.0,10.26,0.0,5.0,2.806,3.0,5.0,3.0,20,7,100
3,66.7,2.333,7.0,2.3333,3.333,5.0,3.0,9.54,0.0,5.0,5.671,3.0,5.0,3.0,20,7,150
3,66.7,2.333,7.0,2.3333,3.333,5.0,3.0,9.54,0.0,5.0,5.671,3.0,5.0,3.0,20,7,200
3,66.7,2.333,7.0,2.3333,3.333,5.0,3.0,9.54,0.0,5.0,5.671,3.0,5.0,3.0,20,7,300
3,66.7,2.333,7.0,2.3333,3.333,5.0,3.0,9.54,0.0,5.0,5.671,3.0,5.0,3.0,20,7,500
3,66.7,2.333,7.0,2.3333,3.333,5.0,3.0,9.54,0.0,5.0,5.671,3.0,5.0,3.0,20,7,1000
2,100.0,2.764,5.53,2.7645,99.0,2.764,0,10.26,0.0,5.0,13.881,0,5.0,4.0,20,1,100
3,100.0,3.51,10.53,3.5097,99.0,3.51,0,9.54,0.0,5.0,15.262,0,5.0,4.0,20,1,150
3,100.0,3.51,10.53,3.5097,99.0,3.51,0,9.54,0.0,5.0,15.262,0,5.0,4.0,20,1,200
3,100.0,3.51,10.53,3.5097,99.0,3.51,0,9.54,0.0,5.0,15.262,0,5.0,4.0,20,1,300
3,100.0,3.51,10.53,3.5097,99.0,3.51,0,9.54,0.0,5.0,15.262,0,5.0,4.0,20,1,500
3,100.0,3.51,10.53,3.5097,99.0,3.51,0,9.54,0.0,5.0,15.262,0,5.0,4.0,20,1,1000
2,100.0,2.764,5.53,2.7645,99.0,2.764,0,10.26,0.0,5.0,13.881,0,5.0,4.0,20,2,100
3,100.0,3.51,10.53,3.5097,99.0,3.51,0,9.54,0.0,5.0,15.262,0,5.0,4.0,20,2,150
3,100.0,3.51,10.53,3.5097,99.0,3.51,0,9.54,0.0,5.0,15.262,0,5.0,4.0,20,2,200
3,100.0,3.51,10.53,3.5097,99.0,3.51,0,9.54,0.0,5.0,15.262,0,5.0,4.0,20,2,300
3,100.0,3.51,10.53,3.5097,99.0,3.51,0,9.54,0.0,5.0,15.262,0,5.0,4.0,20,2,500
3,100.0,3.51,10.53,3.5097,99.0,3.51,0,9.54,0.0,5.0,15.262,0,5.0,4.0,20,2,1000
2,50.0,0.5,1.0,0.5,1.25,5.0,4.0,10.26,0.0,5.0,1.247,4.0,5.0,4.0,20,3,100
3,66.7,2.0,6.0,2.0,2.5,5.0,4.0,9.54,0.0,5.0,4.32,4.0,5.0,4.0,20,3,150
3,66.7,2.0,6.0,2.0,2.5,5.0,4.0,9.54,0.0,5.0,4.32,4.0,5.0,4.0,20,3,200
3,66.7,2.0,6.0,2.0,2.5,5.0,4.0,9.54,0.0,5.0,4.32,4.0,5.0,4.0,20,3,300
3,66.7,2.0,6.0,2.0,2.5,5.0,4.0,9.54,0.0,5.0,4.32,4.0,5.0,4.0,20,3,500
3,66.7,2.0,6.0,2.0,2.5,5.0,4.0,9.54,0.0,5.0,4.32,4.0,5.0,4.0,20,3,1000
2,50.0,0.5,1.0,0.5,1.25,5.0,4.0,10.26,0.0,5.0,1.247,4.0,5.0,4.0,20,4,100
3,66.7,2.0,6.0,2.0,2.5,5.0,4.0,9.54,0.0,5.0,4.32,4.0,5.0,4.0,20,4,150
3,66.7,2.0,6.0,2.0,2.5,5.0,4.0,9.54,0.0,5.0,4.32,4.0,5.0,4.0,20,4,200
3,66.7,2.0,6.0,2.0,2.5,5.0,4.0,9.54,0.0,5.0,4.32,4.0,5.0,4.0,20,4,300
3,66.7,2.0,6.0,2.0,2.5,5.0,4.0,9.54,0.0,5.0,4.32,4.0,5.0,4.0,20,4,500
3,66.7,2.0,6.0,2.0,2.5,5.0,4.0,9.54,0.0,5.0,4.32,4.0,5.0,4.0,20,4,1000
2,50.0,0.5,1.0,0.5,1.25,5.0,4.0,10.26,0.0,5.0,1.247,4.0,5.0,4.0,20,5,100
3,66.7,2.0,6.0,2.0,2.5,5.0,4.0,9.54,0.0,5.0,4.32,4.0,5.0,4.0,20,5,150
3,66.7,2.0,6.0,2.0,2.5,5.0,4.0,9.54,0.0,5.0,4.32,4.0,5.0,4.0,20,5,200
3,66.7,2.0,6.0,2.0,2.5,5.0,4.0,9.54,0.0,5.0,4.32,4.0,5.0,4.0,20,5,300
3,66.7,2.0,6.0,2.0,2.5,5.0,4.0,9.54,0.0,5.0,4.32,4.0,5.0,4.0,20,5,500
3,66.7,2.0,6.0,2.0,2.5,5.0,4.0,9.54,0.0,5.0,4.32,4.0,5.0,4.0,20,5,1000
2,50.0,0.5,1.0,0.5,1.25,5.0,4.0,10.26,0.0,5.0,1.247,4.0,5.0,4.0,20,7,100
3,66.7,2.0,6.0,2.0,2.5,5.0,4.0,9.54,0.0,5.0,4.32,4.0,5.0,4.0,20,7,150
3,66.7,2.0,6.0,2.0,2.5,5.0,4.0,9.54,0.0,5.0,4.32,4.0,5.0,4.0,20,7,200
3,66.7,2.0,6.0,2.0,2.5,5.0,4.0,9.54,0.0,5.0,4.32,4.0,5.0,4.0,20,7,300
3,66.7,2.0,6.0,2.0,2.5,5.0,4.0,9.54,0.0,5.0,4.32,4.0,5.0,4.0,20,7,500
3,66.7,2.0,6.0,2.0,2.5,5.0,4.0,9.54,0.0,5.0,4.32,4.0,5.0,4.0,20,7,1000
2,50.0,3.0,6.0,3.0,4.0,8.0,2.0,10.26,0.0,8.0,6.735,2.0,8.0,2.0,20,1,100
3,66.7,4.667,14.0,4.6667,8.0,8.0,2.0,9.54,0.0,8.0,9.073,2.0,8.0,2.0,20,1,150
3,66.7,4.667,14.0,4.6667,8.0,8.0,2.0,9.54,0.0,8.0,9.073,2.0,8.0,2.0,20,1,200
3,66.7,4.667,14.0,4.6667,8.0,8.0,2.0,9.54,0.0,8.0,9.073,2.0,8.0,2.0,20,1,300
3,66.7,4.667,14.0,4.6667,8.0,8.0,2.0,9.54,0.0,8.0,9.073,2.0,8.0,2.0,20,1,500
3,66.7,4.667,14.0,4.6667,8.0,8.0,2.0,9.54,0.0,8.0,9.073,2.0,8.0,2.0,20,1,1000
2,50.0,3.0,6.0,3.0,4.0,8.0,2.0,10.26,0.0,8.0,6.735,2.0,8.0,2.0,20,2,100
3,66.7,4.667,14.0,4.6667,8.0,8.0,2.0,9.54,0.0,8.0,9.073,2.0,8.0,2.0,20,2,150
3,66.7,4.667,14.0,4.6667,8.0,8.0,2.0,9.54,0.0,8.0,9.073,2.0,8.0,2.0,20,2,200
3,66.7,4.667,14.0,4.6667,8.0,8.0,2.0,9.54,0.0,8.0,9.073,2.0,8.0,2.0,20,2,300
3,66.7,4.667,14.0,4.6667,8.0,8.0,2.0,9.54,0.0,8.0,9.073,2.0,8.0,2.0,20,2,500
3,66.7,4.667,14.0,4.6667,8.0,8.0,2.0,9.54,0.0,8.0,9.073,2.0,8.0,2.0,20,2,1000
2,50.0,3.0,6.0,3.0,4.0,8.0,2.0,10.26,0.0,8.0,6.735,2.0,8.0,2.0,20,3,100
3,66.7,4.667,14.0,4.6667,8.0,8.0,2.0,9.54,0.0,8.0,9.073,2.0,8.0,2.0,20,3,150
3,66.7,4.667,14.0,4.6667,8.0,8.0,2.0,9.54,0.0,8.0,9.073,2.0,8.0,2.0,20,3,200
3,66.7,4.667,14.0,4.6667,8.0,8.0,2.0,9.54,0.0,8.0,9.073,2.0,8.0,2.0,20,3,300
3,66.7,4.667,14.0,4.6667,8.0,8.0,2.0,9.54,0.0,8.0,9.073,2.0,8.0,2.0,20,3,500
3,66.7,4.667,14.0,4.6667,8.0,8.0,2.0,9.54,0.0,8.0,9.073,2.0,8.0,2.0,20,3,1000
2,50.0,3.0,6.0,3.0,4.0,8.0,2.0,10.26,0.0,8.0,6.735,2.0,8.0,2.0,20,4,100
3,66.7,4.667,14.0,4.6667,8.0,8.0,2.0,9.54,0.0,8.0,9.073,2.0,8.0,2.0,20,4,150
3,66.7,4.667,14.0,4.6667,8.0,8.0,2.0,9.54,0.0,8.0,9.073,2.0,8.0,2.0,20,4,200
3,66.7,4.667,14.0,4.6667,8.0,8.0,2.0,9.54,0.0,8.0,9.073,2.0,8.0,2.0,20,4,300
3,66.7,4.667,14.0,4.6667,8.0,8.0,2.0,9.54,0.0,8.0,9.073,2.0,8.0,2.0,20,4,500
3,66.7,4.667,14.0,4.6667,8.0,8.0,2.0,9.54,0.0,8.0,9.073,2.0,8.0,2.0,20,4,1000
2,50.0,3.0,6.0,3.0,4.0,8.0,2.0,10.26,0.0,8.0,6.735,2.0,8.0,2.0,20,5,100
3,66.7,4.667,14.0,4.6667,8.0,8.0,2.0,9.54,0.0,8.0,9.073,2.0,8.0,2.0,20,5,150
3,66.7,4.667,14.0,4.6667,8.0,8.0,2.0,9.54,0.0,8.0,9.073,2.0,8.0,2.0,20,5,200
3,66.7,4.667,14.0,4.6667,8.0,8.0,2.0,9.54,0.0,8.0,9.073,2.0,8.0,2.0,20,5,300
3,66.7,4.667,14.0,4.6667,8.0,8.0,2.0,9.54,0.0,8.0,9.073,2.0,8.0,2.0,20,5,500
3,66.7,4.667,14.0,4.6667,8.0,8.0,2.0,9.54,0.0,8.0,9.073,2.0,8.0,2.0,20,5,1000
2,50.0,3.0,6.0,3.0,4.0,8.0,2.0,10.26,0.0,8.0,6.735,2.0,8.0,2.0,20,7,100
3,66.7,4.667,14.0,4.6667,8.0,8.0,2.0,9.54,0.0,8.0,9.073,2.0,8.0,2.0,20,7,150
3,66.7,4.667,14.0,4.6667,8.0,8.0,2.0,9.54,0.0,8.0,9.073,2.0,8.0,2.0,20,7,200
3,66.7,4.667,14.0,4.6667,8.0,8.0,2.0,9.54,0.0,8.0,9.073,2.0,8.0,2.0,20,7,300
3,66.7,4.667,14.0,4.6667,8.0,8.0,2.0,9.54,0.0,8.0,9.073,2.0,8.0,2.0,20,7,500
3,66.7,4.667,14.0,4.6667,8.0,8.0,2.0,9.54,0.0,8.0,9.073,2.0,8.0,2.0,20,7,1000
2,50.0,2.5,5.0,2.5,2.667,8.0,3.0,10.26,0.0,8.0,5.102,3.0,8.0,3.0,20,1,100
3,66.7,4.333,13.0,4.3333,5.333,8.0,3.0,9.54,0.0,8.0,7.659,3.0,8.0,3.0,20,1,150
3,66.7,4.333,13.0,4.3333,5.333,8.0,3.0,9.54,0.0,8.0,7.659,3.0,8.0,3.0,20,1,200
3,66.7,4.333,13.0,4.3333,5.333,8.0,3.0,9.54,0.0,8.0,7.659,3.0,8.0,3.0,20,1,300
3,66.7,4.333,13.0,4.3333,5.333,8.0,3.0,9.54,0.0,8.0,7.659,3.0,8.0,3.0,20,1,500
3,66.7,4.333,13.0,4.3333,5.333,8.0,3.0,9.54,0.0,8.0,7.659,3.0,8.0,3.0,20,1,1000
2,50.0,2.5,5.0,2.5,2.667,8.0,3.0,10.26,0.0,8.0,5.102,3.0,8.0,3.0,20,2,100
3,66.7,4.333,13.0,4.3333,5.333,8.0,3.0,9.54,0.0,8.0,7.659,3.0,8.0,3.0,20,2,150
3,66.7,4.333,13.0,4.3333,5.333,8.0,3.0,9.54,0.0,8.0,7.659,3.0,8.0,3.0,20,2,200
3,66.7,4.333,13.0,4.3333,5.333,8.0,3.0,9.54,0.0,8.0,7.659,3.0,8.0,3.0,20,2,300
3,66.7,4.333,13.0,4.3333,5.333,8.0,3.0,9.54,0.0,8.0,7.659,3.0,8.0,3.0,20,2,500
3,66.7,4.333,13.0,4.3333,5.333,8.0,3.0,9.54,0.0,8.0,7.659,3.0,8.0,3.0,20,2,1000
2,50.0,2.5,5.0,2.5,2.667,8.0,3.0,10.26,0.0,8.0,5.102,3.0,8.0,3.0,20,3,100
3,66.7,4.333,13.0,4.3333,5.333,8.0,3.0,9.54,0.0,8.0,7.659,3.0,8.0,3.0,20,3,150
3,66.7,4.333,13.0,4.3333,5.333,8.0,3.0,9.54,0.0,8.0,7.659,3.0,8.0,3.0,20,3,200
3,66.7,4.333,13.0,4.3333,5.333,8.0,3.0,9.54,0.0,8.0,7.659,3.0,8.0,3.0,20,3,300
3,66.7,4.333,13.0,4.3333,5.333,8.0,3.0,9.54,0.0,8.0,7.659,3.0,8.0,3.0,20,3,500
3,66.7,4.333,13.0,4.3333,5.333,8.0,3.0,9.54,0.0,8.0,7.659,3.0,8.0,3.0,20,3,1000
2,50.0,2.5,5.0,2.5,2.667,8.0,3.0,10.26,0.0,8.0,5.102,3.0,8.0,3.0,20,4,100
3,66.7,4.333,13.0,4.3333,5.333,8.0,3.0,9.54,0.0,8.0,7.659,3.0,8.0,3.0,20,4,150
3,66.7,4.333,13.0,4.3333,5.333,8.0,3.0,9.54,0.0,8.0,7.659,3.0,8.0,3.0,20,4,200
3,66.7,4.333,13.0,4.3333,5.333,8.0,3.0,9.54,0.0,8.0,7.659,3.0,8.0,3.0,20,4,300
3,66.7,4.333,13.0,4.3333,5.333,8.0,3.0,9.54,0.0,8.0,7.659,3.0,8.0,3.0,20,4,500
3,66.7,4.333,13.0,4.3333,5.333,8.0,3.0,9.54,0.0,8.0,7.659,3.0,8.0,3.0,20,4,1000
2,50.0,2.5,5.0,2.5,2.667,8.0,3.0,10.26,0.0,8.0,5.102,3.0,8.0,3.0,20,5,100
3,66.7,4.333,13.0,4.3333,5.333,8.0,3.0,9.54,0.0,8.0,7.659,3.0,8.0,3.0,20,5,150
3,66.7,4.333,13.0,4.3333,5.333,8.0,3.0,9.54,0.0,8.0,7.659,3.0,8.0,3.0,20,5,200
3,66.7,4.333,13.0,4.3333,5.333,8.0,3.0,9.54,0.0,8.0,7.659,3.0,8.0,3.0,20,5,300
3,66.7,4.333,13.0,4.3333,5.333,8.0,3.0,9.54,0.0,8.0,7.659,3.0,8.0,3.0,20,5,500
3,66.7,4.333,13.0,4.3333,5.333,8.0,3.0,9.54,0.0,8.0,7.659,3.0,8.0,3.0,20,5,1000
2,50.0,2.5,5.0,2.5,2.667,8.0,3.0,10.26,0.0,8.0,5.102,3.0,8.0,3.0,20,7,100
3,66.7,4.333,13.0,4.3333,5.333,8.0,3.0,9.54,0.0,8.0,7.659,3.0,8.0,3.0,20,7,150
3,66.7,4.333,13.0,4.3333,5.333,8.0,3.0,9.54,0.0,8.0,7.659,3.0,8.0,3.0,20,7,200
3,66.7,4.333,13.0,4.3333,5.333,8.0,3.0,9.54,0.0,8.0,7.659,3.0,8.0,3.0,20,7,300
3,66.7,4.333,13.0,4.3333,5.333,8.0,3.0,9.54,0.0,8.0,7.659,3.0,8.0,3.0,20,7,500
3,66.7,4.333,13.0,4.3333,5.333,8.0,3.0,9.54,0.0,8.0,7.659,3.0,8.0,3.0,20,7,1000
2,100.0,4.264,8.53,4.2645,99.0,4.264,0,10.26,0.0,8.0,12.815,0,8.0,4.0,20,1,100
3,100.0,5.51,16.53,5.5097,99.0,5.51,0,9.54,0.0,8.0,14.338,0,8.0,4.0,20,1,150
3,100.0,5.51,16.53,5.5097,99.0,5.51,0,9.54,0.0,8.0,14.338,0,8.0,4.0,20,1,200
3,100.0,5.51,16.53,5.5097,99.0,5.51,0,9.54,0.0,8.0,14.338,0,8.0,4.0,20,1,300
3,100.0,5.51,16.53,5.5097,99.0,5.51,0,9.54,0.0,8.0,14.338,0,8.0,4.0,20,1,500
3,100.0,5.51,16.53,5.5097,99.0,5.51,0,9.54,0.0,8.0,14.338,0,8.0,4.0,20,1,1000
2,100.0,4.264,8.53,4.2645,99.0,4.264,0,10.26,0.0,8.0,12.815,0,8.0,4.0,20,2,100
3,100.0,5.51,16.53,5.5097,99.0,5.51,0,9.54,0.0,8.0,14.338,0,8.0,4.0,20,2,150
3,100.0,5.51,16.53,5.5097,99.0,5.51,0,9.54,0.0,8.0,14.338,0,8.0,4.0,20,2,200
3,100.0,5.51,16.53,5.5097,99.0,5.51,0,9.54,0.0,8.0,14.338,0,8.0,4.0,20,2,300
3,100.0,5.51,16.53,5.5097,99.0,5.51,0,9.54,0.0,8.0,14.338,0,8.0,4.0,20,2,500
3,100.0,5.51,16.53,5.5097,99.0,5.51,0,9.54,0.0,8.0,14.338,0,8.0,4.0,20,2,1000
2,50.0,2.0,4.0,2.0,2.0,8.0,4.0,10.26,0.0,8.0,3.742,4.0,8.0,4.0,20,3,100
3,66.7,4.0,12.0,4.0,4.0,8.0,4.0,9.54,0.0,8.0,6.481,4.0,8.0,4.0,20,3,150
3,66.7,4.0,12.0,4.0,4.0,8.0,4.0,9.54,0.0,8.0,6.481,4.0,8.0,4.0,20,3,200
3,66.7,4.0,12.0,4.0,4.0,8.0,4.0,9.54,0.0,8.0,6.481,4.0,8.0,4.0,20,3,300
3,66.7,4.0,12.0,4.0,4.0,8.0,4.0,9.54,0.0,8.0,6.481,4.0,8.0,4.0,20,3,500
3,66.7,4.0,12.0,4.0,4.0,8.0,4.0,9.54,0.0,8.0,6.481,4.0,8.0,4.0,20,3,1000
2,50.0,2.0,4.0,2.0,2.0,8.0,4.0,10.26,0.0,8.0,3.742,4.0,8.0,4.0,20,4,100
3,66.7,4.0,12.0,4.0,4.0,8.0,4.0,9.54,0.0,8.0,6.481,4.0,8.0,4.0,20,4,150
3,66.7,4.0,12.0,4.0,4.0,8.0,4.0,9.54,0.0,8.0,6.481,4.0,8.0,4.0,20,4,200
3,66.7,4.0,12.0,4.0,4.0,8.0,4.0,9.54,0.0,8.0,6.481,4.0,8.0,4.0,20,4,300
3,66.7,4.0,12.0,4.0,4.0,8.0,4.0,9.54,0.0,8.0,6.481,4.0,8.0,4.0,20,4,500
3,66.7,4.0,12.0,4.0,4.0,8.0,4.0,9.54,0.0,8.0,6.481,4.0,8.0,4.0,20,4,1000
2,50.0,2.0,4.0,2.0,2.0,8.0,4.0,10.26,0.0,8.0,3.742,4.0,8.0,4.0,20,5,100
3,66.7,4.0,12.0,4.0,4.0,8.0,4.0,9.54,0.0,8.0,6.481,4.0,8.0,4.0,20,5,150
3,66.7,4.0,12.0,4.0,4.0,8.0,4.0,9.54,0.0,8.0,6.481,4.0,8.0,4.0,20,5,200
3,66.7,4.0,12.0,4.0,4.0,8.0,4.0,9.54,0.0,8.0,6.481,4.0,8.0,4.0,20,5,300
3,66.7,4.0,12.0,4.0,4.0,8.0,4.0,9.54,0.0,8.0,6.481,4.0,8.0,4.0,20,5,500
3,66.7,4.0,12.0,4.0,4.0,8.0,4.0,9.54,0.0,8.0,6.481,4.0,8.0,4.0,20,5,1000
2,50.0,2.0,4.0,2.0,2.0,8.0,4.0,10.26,0.0,8.0,3.742,4.0,8.0,4.0,20,7,100
3,66.7,4.0,12.0,4.0,4.0,8.0,4.0,9.54,0.0,8.0,6.481,4.0,8.0,4.0,20,7,150
3,66.7,4.0,12.0,4.0,4.0,8.0,4.0,9.54,0.0,8.0,6.481,4.0,8.0,4.0,20,7,200
3,66.7,4.0,12.0,4.0,4.0,8.0,4.0,9.54,0.0,8.0,6.481,4.0,8.0,4.0,20,7,300
3,66.7,4.0,12.0,4.0,4.0,8.0,4.0,9.54,0.0,8.0,6.481,4.0,8.0,4.0,20,7,500
3,66.7,4.0,12.0,4.0,4.0,8.0,4.0,9.54,0.0,8.0,6.481,4.0,8.0,4.0,20,7,1000
2,100.0,4.264,8.53,4.2645,99.0,4.264,0,10.26,0.0,8.0,12.815,0,8.0,5.0,20,1,100
3,100.0,5.51,16.53,5.5097,99.0,5.51,0,9.54,0.0,8.0,14.338,0,8.0,5.0,20,1,150
3,100.0,5.51,16.53,5.5097,99.0,5.51,0,9.54,0.0,8.0,14.338,0,8.0,5.0,20,1,200
3,100.0,5.51,16.53,5.5097,99.0,5.51,0,9.54,0.0,8.0,14.338,0,8.0,5.0,20,1,300
3,100.0,5.51,16.53,5.5097,99.0,5.51,0,9.54,0.0,8.0,14.338,0,8.0,5.0,20,1,500
3,100.0,5.51,16.53,5.5097,99.0,5.51,0,9.54,0.0,8.0,14.338,0,8.0,5.0,20,1,1000
2,100.0,4.264,8.53,4.2645,99.0,4.264,0,10.26,0.0,8.0,12.815,0,8.0,5.0,20,2,100
3,100.0,5.51,16.53,5.5097,99.0,5.51,0,9.54,0.0,8.0,14.338,0,8.0,5.0,20,2,150
3,100.0,5.51,16.53,5.5097,99.0,5.51,0,9.54,0.0,8.0,14.338,0,8.0,5.0,20,2,200
3,100.0,5.51,16.53,5.5097,99.0,5.51,0,9.54,0.0,8.0,14.338,0,8.0,5.0,20,2,300
3,100.0,5.51,16.53,5.5097,99.0,5.51,0,9.54,0.0,8.0,14.338,0,8.0,5.0,20,2,500
3,100.0,5.51,16.53,5.5097,99.0,5.51,0,9.54,0.0,8.0,14.338,0,8.0,5.0,20,2,1000
2,50.0,1.5,3.0,1.5,1.6,8.0,5.0,10.26,0.0,8.0,2.59,5.0,8.0,5.0,20,3,100
3,66.7,3.667,11.0,3.6667,3.2,8.0,5.0,9.54,0.0,8.0,5.484,5.0,8.0,5.0,20,3,150
3,66.7,3.667,11.0,3.6667,3.2,8.0,5.0,9.54,0.0,8.0,5.484,5.0,8.0,5.0,20,3,200
3,66.7,3.667,11.0,3.6667,3.2,8.0,5.0,9.54,0.0,8.0,5.484,5.0,8.0,5.0,20,3,300
3,66.7,3.667,11.0,3.6667,3.2,8.0,5.0,9.54,0.0,8.0,5.484,5.0,8.0,5.0,20,3,500
3,66.7,3.667,11.0,3.6667,3.2,8.0,5.0,9.54,0.0,8.0,5.484,5.0,8.0,5.0,20,3,1000
2,50.0,1.5,3.0,1.5,1.6,8.0,5.0,10.26,0.0,8.0,2.59,5.0,8.0,5.0,20,4,100
3,66.7,3.667,11.0,3.6667,3.2,8.0,5.0,9.54,0.0,8.0,5.484,5.0,8.0,5.0,20,4,150
3,66.7,3.667,11.0,3.6667,3.2,8.0,5.0,9.54,0.0,8.0,5.484,5.0,8.0,5.0,20,4,200
3,66.7,3.667,11.0,3.6667,3.2,8.0,5.0,9.54,0.0,8.0,5.484,5.0,8.0,5.0,20,4,300
3,66.7,3.667,11.0,3.6667,3.2,8.0,5.0,9.54,0.0,8.0,5.484,5.0,8.0,5.0,20,4,500
3,66.7,3.667,11.0,3.6667,3.2,8.0,5.0,9.54,0.0,8.0,5.484,5.0,8.0,5.0,20,4,1000
2,50.0,1.5,3.0,1.5,1.6,8.0,5.0,10.26,0.0,8.0,2.59,5.0,8.0,5.0,20,5,100
3,66.7,3.667,11.0,3.6667,3.2,8.0,5.0,9.54,0.0,8.0,5.484,5.0,8.0,5.0,20,5,150
3,66.7,3.667,11.0,3.6667,3.2,8.0,5.0,9.54,0.0,8.0,5.484,5.0,8.0,5.0,20,5,200
3,66.7,3.667,11.0,3.6667,3.2,8.0,5.0,9.54,0.0,8.0,5.484,5.0,8.0,5.0,20,5,300
3,66.7,3.667,11.0,3.6667,3.2,8.0,5.0,9.54,0.0,8.0,5.484,5.0,8.0,5.0,20,5,500
3,66.7,3.667,11.0,3.6667,3.2,8.0,5.0,9.54,0.0,8.0,5.484,5.0,8.0,5.0,20,5,1000
2,50.0,1.5,3.0,1.5,1.6,8.0,5.0,10.26,0.0,8.0,2.59,5.0,8.0,5.0,20,7,100
3,66.7,3.667,11.0,3.6667,3.2,8.0,5.0,9.54,0.0,8.0,5.484,5.0,8.0,5.0,20,7,150
3,66.7,3.667,11.0,3.6667,3.2,8.0,5.0,9.54,0.0,8.0,5.484,5.0,8.0,5.0,20,7,200
3,66.7,3.667,11.0,3.6667,3.2,8.0,5.0,9.54,0.0,8.0,5.484,5.0,8.0,5.0,20,7,300
3,66.7,3.667,11.0,3.6667,3.2,8.0,5.0,9.54,0.0,8.0,5.484,5.0,8.0,5.0,20,7,500
3,66.7,3.667,11.0,3.6667,3.2,8.0,5.0,9.54,0.0,8.0,5.484,5.0,8.0,5.0,20,7,1000
2,100.0,4.264,8.53,4.2645,99.0,4.264,0,10.26,0.0,8.0,12.815,0,8.0,6.0,20,1,100
3,100.0,5.51,16.53,5.5097,99.0,5.51,0,9.54,0.0,8.0,14.338,0,8.0,6.0,20,1,150
3,100.0,5.51,16.53,5.5097,99.0,5.51,0,9.54,0.0,8.0,14.338,0,8.0,6.0,20,1,200
3,100.0,5.51,16.53,5.5097,99.0,5.51,0,9.54,0.0,8.0,14.338,0,8.0,6.0,20,1,300
3,100.0,5.51,16.53,5.5097,99.0,5.51,0,9.54,0.0,8.0,14.338,0,8.0,6.0,20,1,500
3,100.0,5.51,16.53,5.5097,99.0,5.51,0,9.54,0.0,8.0,14.338,0,8.0,6.0,20,1,1000
2,100.0,4.264,8.53,4.2645,99.0,4.264,0,10.26,0.0,8.0,12.815,0,8.0,6.0,20,2,100
3,100.0,5.51,16.53,5.5097,99.0,5.51,0,9.54,0.0,8.0,14.338,0,8.0,6.0,20,2,150
3,100.0,5.51,16.53,5.5097,99.0,5.51,0,9.54,0.0,8.0,14.338,0,8.0,6.0,20,2,200
3,100.0,5.51,16.53,5.5097,99.0,5.51,0,9.54,0.0,8.0,14.338,0,8.0,6.0,20,2,300
3,100.0,5.51,16.53,5.5097,99.0,5.51,0,9.54,0.0,8.0,14.338,0,8.0,6.0,20,2,500
3,100.0,5.51,16.53,5.5097,99.0,5.51,0,9.54,0.0,8.0,14.338,0,8.0,6.0,20,2,1000
2,50.0,1.0,2.0,1.0,1.333,8.0,6.0,10.26,0.0,8.0,1.604,6.0,8.0,6.0,20,3,100
3,66.7,3.333,10.0,3.3333,2.667,8.0,6.0,9.54,0.0,8.0,4.629,6.0,8.0,6.0,20,3,150
3,66.7,3.333,10.0,3.3333,2.667,8.0,6.0,9.54,0.0,8.0,4.629,6.0,8.0,6.0,20,3,200
3,66.7,3.333,10.0,3.3333,2.667,8.0,6.0,9.54,0.0,8.0,4.629,6.0,8.0,6.0,20,3,300
3,66.7,3.333,10.0,3.3333,2.667,8.0,6.0,9.54,0.0,8.0,4.629,6.0,8.0,6.0,20,3,500
3,66.7,3.333,10.0,3.3333,2.667,8.0,6.0,9.54,0.0,8.0,4.629,6.0,8.0,6.0,20,3,1000
2,50.0,1.0,2.0,1.0,1.333,8.0,6.0,10.26,0.0,8.0,1.604,6.0,8.0,6.0,20,4,100
3,66.7,3.333,10.0,3.3333,2.667,8.0,6.0,9.54,0.0,8.0,4.629,6.0,8.0,6.0,20,4,150
3,66.7,3.333,10.0,3.3333,2.667,8.0,6.0,9.54,0.0,8.0,4.629,6.0,8.0,6.0,20,4,200
3,66.7,3.333,10.0,3.3333,2.667,8.0,6.0,9.54,0.0,8.0,4.629,6.0,8.0,6.0,20,4,300
3,66.7,3.333,10.0,3.3333,2.667,8.0,6.0,9.54,0.0,8.0,4.629,6.0,8.0,6.0,20,4,500
3,66.7,3.333,10.0,3.3333,2.667,8.0,6.0,9.54,0.0,8.0,4.629,6.0,8.0,6.0,20,4,1000
2,50.0,1.0,2.0,1.0,1.333,8.0,6.0,10.26,0.0,8.0,1.604,6.0,8.0,6.0,20,5,100
3,66.7,3.333,10.0,3.3333,2.667,8.0,6.0,9.54,0.0,8.0,4.629,6.0,8.0,6.0,20,5,150
3,66.7,3.333,10.0,3.3333,2.667,8.0,6.0,9.54,0.0,8.0,4.629,6.0,8.0,6.0,20,5,200
3,66.7,3.333,10.0,3.3333,2.667,8.0,6.0,9.54,0.0,8.0,4.629,6.0,8.0,6.0,20,5,300
3,66.7,3.333,10.0,3.3333,2.667,8.0,6.0,9.54,0.0,8.0,4.629,6.0,8.0,6.0,20,5,500
3,66.7,3.333,10.0,3.3333,2.667,8.0,6.0,9.54,0.0,8.0,4.629,6.0,8.0,6.0,20,5,1000
2,50.0,1.0,2.0,1.0,1.333,8.0,6.0,10.26,0.0,8.0,1.604,6.0,8.0,6.0,20,7,100
3,66.7,3.333,10.0,3.3333,2.667,8.0,6.0,9.54,0.0,8.0,4.629,6.0,8.0,6.0,20,7,150
3,66.7,3.333,10.0,3.3333,2.667,8.0,6.0,9.54,0.0,8.0,4.629,6.0,8.0,6.0,20,7,200
3,66.7,3.333,10.0,3.3333,2.667,8.0,6.0,9.54,0.0,8.0,4.629,6.0,8.0,6.0,20,7,300
3,66.7,3.333,10.0,3.3333,2.667,8.0,6.0,9.54,0.0,8.0,4.629,6.0,8.0,6.0,20,7,500
3,66.7,3.333,10.0,3.3333,2.667,8.0,6.0,9.54,0.0,8.0,4.629,6.0,8.0,6.0,20,7,1000
2,50.0,4.0,8.0,4.0,5.0,10.0,2.0,10.26,0.0,10.0,7.483,2.0,10.0,2.0,20,1,100
3,66.7,4.25,12.75,4.2503,7.376,7.376,2.0,9.54,0.0,10.0,7.931,2.0,10.0,2.0,20,1,150
3,66.7,4.25,12.75,4.2503,7.376,7.376,2.0,9.54,0.0,10.0,7.931,2.0,10.0,2.0,20,1,200
3,66.7,4.25,12.75,4.2503,7.376,7.376,2.0,9.54,0.0,10.0,7.931,2.0,10.0,2.0,20,1,300
3,66.7,4.25,12.75,4.2503,7.376,7.376,2.0,9.54,0.0,10.0,7.931,2.0,10.0,2.0,20,1,500
3,66.7,4.25,12.75,4.2503,7.376,7.376,2.0,9.54,0.0,10.0,7.931,2.0,10.0,2.0,20,1,1000
2,50.0,4.0,8.0,4.0,5.0,10.0,2.0,10.26,0.0,10.0,7.483,2.0,10.0,2.0,20,2,100
3,66.7,6.0,18.0,6.0,10.0,10.0,2.0,28.93,0.0,10.0,9.721,2.0,10.0,2.0,20,2,150
3,66.7,6.0,18.0,6.0,10.0,10.0,2.0,28.93,0.0,10.0,9.721,2.0,10.0,2.0,20,2,200
3,66.7,6.0,18.0,6.0,10.0,10.0,2.0,28.93,0.0,10.0,9.721,2.0,10.0,2.0,20,2,300
3,66.7,6.0,18.0,6.0,10.0,10.0,2.0,28.93,0.0,10.0,9.721,2.0,10.0,2.0,20,2,500
3,66.7,6.0,18.0,6.0,10.0,10.0,2.0,28.93,0.0,10.0,9.721,2.0,10.0,2.0,20,2,1000
2,50.0,4.0,8.0,4.0,5.0,10.0,2.0,10.26,0.0,10.0,7.483,2.0,10.0,2.0,20,3,100
3,66.7,6.0,18.0,6.0,10.0,10.0,2.0,28.93,0.0,10.0,9.721,2.0,10.0,2.0,20,3,150
3,66.7,6.0,18.0,6.0,10.0,10.0,2.0,28.93,0.0,10.0,9.721,2.0,10.0,2.0,20,3,200
3,66.7,6.0,18.0,6.0,10.0,10.0,2.0,28.93,0.0,10.0,9.721,2.0,10.0,2.0,20,3,300
3,66.7,6.0,18.0,6.0,10.0,10.0,2.0,28.93,0.0,10.0,9.721,2.0,10.0,2.0,20,3,500
3,66.7,6.0,18.0,6.0,10.0,10.0,2.0,28.93,0.0,10.0,9.721,2.0,10.0,2.0,20,3,1000
2,50.0,4.0,8.0,4.0,5.0,10.0,2.0,10.26,0.0,10.0,7.483,2.0,10.0,2.0,20,4,100
3,66.7,6.0,18.0,6.0,10.0,10.0,2.0,28.93,0.0,10.0,9.721,2.0,10.0,2.0,20,4,150
3,66.7,6.0,18.0,6.0,10.0,10.0,2.0,28.93,0.0,10.0,9.721,2.0,10.0,2.0,20,4,200
3,66.7,6.0,18.0,6.0,10.0,10.0,2.0,28.93,0.0,10.0,9.721,2.0,10.0,2.0,20,4,300
3,66.7,6.0,18.0,6.0,10.0,10.0,2.0,28.93,0.0,10.0,9.721,2.0,10.0,2.0,20,4,500
3,66.7,6.0,18.0,6.0,10.0,10.0,2.0,28.93,0.0,10.0,9.721,2.0,10.0,2.0,20,4,1000
2,50.0,4.0,8.0,4.0,5.0,10.0,2.0,10.26,0.0,10.0,7.483,2.0,10.0,2.0,20,5,100
3,66.7,6.0,18.0,6.0,10.0,10.0,2.0,28.93,0.0,10.0,9.721,2.0,10.0,2.0,20,5,150
3,66.7,6.0,18.0,6.0,10.0,10.0,2.0,28.93,0.0,10.0,9.721,2.0,10.0,2.0,20,5,200
3,66.7,6.0,18.0,6.0,10.0,10.0,2.0,28.93,0.0,10.0,9.721,2.0,10.0,2.0,20,5,300
3,66.7,6.0,18.0,6.0,10.0,10.0,2.0,28.93,0.0,10.0,9.721,2.0,10.0,2.0,20,5,500
3,66.7,6.0,18.0,6.0,10.0,10.0,2.0,28.93,0.0,10.0,9.721,2.0,10.0,2.0,20,5,1000
2,50.0,4.0,8.0,4.0,5.0,10.0,2.0,10.26,0.0,10.0,7.483,2.0,10.0,2.0,20,7,100
3,66.7,6.0,18.0,6.0,10.0,10.0,2.0,28.93,0.0,10.0,9.721,2.0,10.0,2.0,20,7,150
3,66.7,6.0,18.0,6.0,10.0,10.0,2.0,28.93,0.0,10.0,9.721,2.0,10.0,2.0,20,7,200
3,66.7,6.0,18.0,6.0,10.0,10.0,2.0,28.93,0.0,10.0,9.721,2.0,10.0,2.0,20,7,300
3,66.7,6.0,18.0,6.0,10.0,10.0,2.0,28.93,0.0,10.0,9.721,2.0,10.0,2.0,20,7,500
3,66.7,6.0,18.0,6.0,10.0,10.0,2.0,28.93,0.0,10.0,9.721,2.0,10.0,2.0,20,7,1000
2,50.0,3.5,7.0,3.5,3.333,10.0,3.0,10.26,0.0,10.0,6.044,3.0,10.0,3.0,20,1,100
3,66.7,3.917,11.75,3.917,4.917,7.376,3.0,9.54,0.0,10.0,6.723,3.0,10.0,3.0,20,1,150
3,66.7,3.917,11.75,3.917,4.917,7.376,3.0,9.54,0.0,10.0,6.723,3.0,10.0,3.0,20,1,200
3,66.7,3.917,11.75,3.917,4.917,7.376,3.0,9.54,0.0,10.0,6.723,3.0,10.0,3.0,20,1,300
3,66.7,3.917,11.75,3.917,4.917,7.376,3.0,9.54,0.0,10.0,6.723,3.0,10.0,3.0,20,1,500
3,66.7,3.917,11.75,3.917,4.917,7.376,3.0,9.54,0.0,10.0,6.723,3.0,10.0,3.0,20,1,1000
2,50.0,3.5,7.0,3.5,3.333,10.0,3.0,10.26,0.0,10.0,6.044,3.0,10.0,3.0,20,2,100
3,66.7,5.667,17.0,5.6667,6.667,10.0,3.0,28.93,0.0,10.0,8.475,3.0,10.0,3.0,20,2,150
3,66.7,5.667,17.0,5.6667,6.667,10.0,3.0,28.93,0.0,10.0,8.475,3.0,10.0,3.0,20,2,200
3,66.7,5.667,17.0,5.6667,6.667,10.0,3.0,28.93,0.0,10.0,8.475,3.0,10.0,3.0,20,2,300
3,66.7,5.667,17.0,5.6667,6.667,10.0,3.0,28.93,0.0,10.0,8.475,3.0,10.0,3.0,20,2,500
3,66.7,5.667,17.0,5.6667,6.667,10.0,3.0,28.93,0.0,10.0,8.475,3.0,10.0,3.0,20,2,1000
2,50.0,3.5,7.0,3.5,3.333,10.0,3.0,10.26,0.0,10.0,6.044,3.0,10.0,3.0,20,3,100
3,66.7,5.667,17.0,5.6667,6.667,10.0,3.0,28.93,0.0,10.0,8.475,3.0,10.0,3.0,20,3,150
3,66.7,5.667,17.0,5.6667,6.667,10.0,3.0,28.93,0.0,10.0,8.475,3.0,10.0,3.0,20,3,200
3,66.7,5.667,17.0,5.6667,6.667,10.0,3.0,28.93,0.0,10.0,8.475,3.0,10.0,3.0,20,3,300
3,66.7,5.667,17.0,5.6667,6.667,10.0,3.0,28.93,0.0,10.0,8.475,3.0,10.0,3.0,20,3,500
3,66.7,5.667,17.0,5.6667,6.667,10.0,3.0,28.93,0.0,10.0,8.475,3.0,10.0,3.0,20,3,1000
2,50.0,3.5,7.0,3.5,3.333,10.0,3.0,10.26,0.0,10.0,6.044,3.0,10.0,3.0,20,4,100
3,66.7,5.667,17.0,5.6667,6.667,10.0,3.0,28.93,0.0,10.0,8.475,3.0,10.0,3.0,20,4,150
3,66.7,5.667,17.0,5.6667,6.667,10.0,3.0,28.93,0.0,10.0,8.475,3.0,10.0,3.0,20,4,200
3,66.7,5.667,17.0,5.6667,6.667,10.0,3.0,28.93,0.0,10.0,8.475,3.0,10.0,3.0,20,4,300
3,66.7,5.667,17.0,5.6667,6.667,10.0,3.0,28.93,0.0,10.0,8.475,3.0,10.0,3.0,20,4,500
3,66.7,5.667,17.0,5.6667,6.667,10.0,3.0,28.93,0.0,10.0,8.475,3.0,10.0,3.0,20,4,1000
2,50.0,3.5,7.0,3.5,3.333,10.0,3.0,10.26,0.0,10.0,6.044,3.0,10.0,3.0,20,5,100
3,66.7,5.667,17.0,5.6667,6.667,10.0,3.0,28.93,0.0,10.0,8.475,3.0,10.0,3.0,20,5,150
3,66.7,5.667,17.0,5.6667,6.667,10.0,3.0,28.93,0.0,10.0,8.475,3.0,10.0,3.0,20,5,200
3,66.7,5.667,17.0,5.6667,6.667,10.0,3.0,28.93,0.0,10.0,8.475,3.0,10.0,3.0,20,5,300
3,66.7,5.667,17.0,5.6667,6.667,10.0,3.0,28.93,0.0,10.0,8.475,3.0,10.0,3.0,20,5,500
3,66.7,5.667,17.0,5.6667,6.667,10.0,3.0,28.93,0.0,10.0,8.475,3.0,10.0,3.0,20,5,1000
2,50.0,3.5,7.0,3.5,3.333,10.0,3.0,10.26,0.0,10.0,6.044,3.0,10.0,3.0,20,7,100
3,66.7,5.667,17.0,5.6667,6.667,10.0,3.0,28.93,0.0,10.0,8.475,3.0,10.0,3.0,20,7,150
3,66.7,5.667,17.0,5.6667,6.667,10.0,3.0,28.93,0.0,10.0,8.475,3.0,10.0,3.0,20,7,200
3,66.7,5.667,17.0,5.6667,6.667,10.0,3.0,28.93,0.0,10.0,8.475,3.0,10.0,3.0,20,7,300
3,66.7,5.667,17.0,5.6667,6.667,10.0,3.0,28.93,0.0,10.0,8.475,3.0,10.0,3.0,20,7,500
3,66.7,5.667,17.0,5.6667,6.667,10.0,3.0,28.93,0.0,10.0,8.475,3.0,10.0,3.0,20,7,1000
2,100.0,5.264,10.53,5.2645,99.0,5.264,0,10.26,0.0,10.0,12.479,0,10.0,4.0,20,1,100
3,100.0,5.093,15.28,5.0933,99.0,5.093,0,9.54,0.0,10.0,12.05,0,10.0,4.0,20,1,150
3,100.0,5.093,15.28,5.0933,99.0,5.093,0,9.54,0.0,10.0,12.05,0,10.0,4.0,20,1,200
3,100.0,5.093,15.28,5.0933,99.0,5.093,0,9.54,0.0,10.0,12.05,0,10.0,4.0,20,1,300
3,100.0,5.093,15.28,5.0933,99.0,5.093,0,9.54,0.0,10.0,12.05,0,10.0,4.0,20,1,500
3,100.0,5.093,15.28,5.0933,99.0,5.093,0,9.54,0.0,10.0,12.05,0,10.0,4.0,20,1,1000
2,100.0,5.264,10.53,5.2645,99.0,5.264,0,10.26,0.0,10.0,12.479,0,10.0,4.0,20,2,100
3,100.0,6.843,20.53,6.843,99.0,6.843,0,28.93,0.0,10.0,14.047,0,10.0,4.0,20,2,150
3,100.0,6.843,20.53,6.843,99.0,6.843,0,28.93,0.0,10.0,14.047,0,10.0,4.0,20,2,200
3,100.0,6.843,20.53,6.843,99.0,6.843,0,28.93,0.0,10.0,14.047,0,10.0,4.0,20,2,300
3,100.0,6.843,20.53,6.843,99.0,6.843,0,28.93,0.0,10.0,14.047,0,10.0,4.0,20,2,500
3,100.0,6.843,20.53,6.843,99.0,6.843,0,28.93,0.0,10.0,14.047,0,10.0,4.0,20,2,1000
2,50.0,3.0,6.0,3.0,2.5,10.0,4.0,10.26,0.0,10.0,4.811,4.0,10.0,4.0,20,3,100
3,66.7,5.333,16.0,5.3333,5.0,10.0,4.0,28.93,0.0,10.0,7.407,4.0,10.0,4.0,20,3,150
3,66.7,5.333,16.0,5.3333,5.0,10.0,4.0,28.93,0.0,10.0,7.407,4.0,10.0,4.0,20,3,200
3,66.7,5.333,16.0,5.3333,5.0,10.0,4.0,28.93,0.0,10.0,7.407,4.0,10.0,4.0,20,3,300
3,66.7,5.333,16.0,5.3333,5.0,10.0,4.0,28.93,0.0,10.0,7.407,4.0,10.0,4.0,20,3,500
3,66.7,5.333,16.0,5.3333,5.0,10.0,4.0,28.93,0.0,10.0,7.407,4.0,10.0,4.0,20,3,1000
2,50.0,3.0,6.0,3.0,2.5,10.0,4.0,10.26,0.0,10.0,4.811,4.0,10.0,4.0,20,4,100
3,66.7,5.333,16.0,5.3333,5.0,10.0,4.0,28.93,0.0,10.0,7.407,4.0,10.0,4.0,20,4,150
3,66.7,5.333,16.0,5.3333,5.0,10.0,4.0,28.93,0.0,10.0,7.407,4.0,10.0,4.0,20,4,200
3,66.7,5.333,16.0,5.3333,5.0,10.0,4.0,28.93,0.0,10.0,7.407,4.0,10.0,4.0,20,4,300
3,66.7,5.333,16.0,5.3333,5.0,10.0,4.0,28.93,0.0,10.0,7.407,4.0,10.0,4.0,20,4,500
3,66.7,5.333,16.0,5.3333,5.0,10.0,4.0,28.93,0.0,10.0,7.407,4.0,10.0,4.0,20,4,1000
2,50.0,3.0,6.0,3.0,2.5,10.0,4.0,10.26,0.0,10.0,4.811,4.0,10.0,4.0,20,5,100
3,66.7,5.333,16.0,5.3333,5.0,10.0,4.0,28.93,0.0,10.0,7.407,4.0,10.0,4.0,20,5,150
3,66.7,5.333,16.0,5.3333,5.0,10.0,4.0,28.93,0.0,10.0,7.407,4.0,10.0,4.0,20,5,200
3,66.7,5.333,16.0,5.3333,5.0,10.0,4.0,28.93,0.0,10.0,7.407,4.0,10.0,4.0,20,5,300
3,66.7,5.333,16.0,5.3333,5.0,10.0,4.0,28.93,0.0,10.0,7.407,4.0,10.0,4.0,20,5,500
3,66.7,5.333,16.0,5.3333,5.0,10.0,4.0,28.93,0.0,10.0,7.407,4.0,10.0,4.0,20,5,1000
2,50.0,3.0,6.0,3.0,2.5,10.0,4.0,10.26,0.0,10.0,4.811,4.0,10.0,4.0,20,7,100
3,66.7,5.333,16.0,5.3333,5.0,10.0,4.0,28.93,0.0,10.0,7.407,4.0,10.0,4.0,20,7,150
3,66.7,5.333,16.0,5.3333,5.0,10.0,4.0,28.93,0.0,10.0,7.407,4.0,10.0,4.0,20,7,200
3,66.7,5.333,16.0,5.3333,5.0,10.0,4.0,28.93,0.0,10.0,7.407,4.0,10.0,4.0,20,7,300
3,66.7,5.333,16.0,5.3333,5.0,10.0,4.0,28.93,0.0,10.0,7.407,4.0,10.0,4.0,20,7,500
3,66.7,5.333,16.0,5.3333,5.0,10.0,4.0,28.93,0.0,10.0,7.407,4.0,10.0,4.0,20,7,1000
2,100.0,5.264,10.53,5.2645,99.0,5.264,0,10.26,0.0,10.0,12.479,0,10.0,5.0,20,1,100
3,100.0,5.093,15.28,5.0933,99.0,5.093,0,9.54,0.0,10.0,12.05,0,10.0,5.0,20,1,150
3,100.0,5.093,15.28,5.0933,99.0,5.093,0,9.54,0.0,10.0,12.05,0,10.0,5.0,20,1,200
3,100.0,5.093,15.28,5.0933,99.0,5.093,0,9.54,0.0,10.0,12.05,0,10.0,5.0,20,1,300
3,100.0,5.093,15.28,5.0933,99.0,5.093,0,9.54,0.0,10.0,12.05,0,10.0,5.0,20,1,500
3,100.0,5.093,15.28,5.0933,99.0,5.093,0,9.54,0.0,10.0,12.05,0,10.0,5.0,20,1,1000
2,100.0,5.264,10.53,5.2645,99.0,5.264,0,10.26,0.0,10.0,12.479,0,10.0,5.0,20,2,100
3,100.0,6.843,20.53,6.843,99.0,6.843,0,28.93,0.0,10.0,14.047,0,10.0,5.0,20,2,150
3,100.0,6.843,20.53,6.843,99.0,6.843,0,28.93,0.0,10.0,14.047,0,10.0,5.0,20,2,200
3,100.0,6.843,20.53,6.843,99.0,6.843,0,28.93,0.0,10.0,14.047,0,10.0,5.0,20,2,300
3,100.0,6.843,20.53,6.843,99.0,6.843,0,28.93,0.0,10.0,14.047,0,10.0,5.0,20,2,500
3,100.0,6.843,20.53,6.843,99.0,6.843,0,28.93,0.0,10.0,14.047,0,10.0,5.0,20,2,1000
2,50.0,2.5,5.0,2.5,2.0,10.0,5.0,10.26,0.0,10.0,3.742,5.0,10.0,5.0,20,3,100
3,66.7,5.0,15.0,5.0,4.0,10.0,5.0,28.93,0.0,10.0,6.481,5.0,10.0,5.0,20,3,150
3,66.7,5.0,15.0,5.0,4.0,10.0,5.0,28.93,0.0,10.0,6.481,5.0,10.0,5.0,20,3,200
3,66.7,5.0,15.0,5.0,4.0,10.0,5.0,28.93,0.0,10.0,6.481,5.0,10.0,5.0,20,3,300
3,66.7,5.0,15.0,5.0,4.0,10.0,5.0,28.93,0.0,10.0,6.481,5.0,10.0,5.0,20,3,500
3,66.7,5.0,15.0,5.0,4.0,10.0,5.0,28.93,0.0,10.0,6.481,5.0,10.0,5.0,20,3,1000
2,50.0,2.5,5.0,2.5,2.0,10.0,5.0,10.26,0.0,10.0,3.742,5.0,10.0,5.0,20,4,100
3,66.7,5.0,15.0,5.0,4.0,10.0,5.0,28.93,0.0,10.0,6.481,5.0,10.0,5.0,20,4,150
3,66.7,5.0,15.0,5.0,4.0,10.0,5.0,28.93,0.0,10.0,6.481,5.0,10.0,5.0,20,4,200
3,66.7,5.0,15.0,5.0,4.0,10.0,5.0,28.93,0.0,10.0,6.481,5.0,10.0,5.0,20,4,300
3,66.7,5.0,15.0,5.0,4.0,10.0,5.0,28.93,0.0,10.0,6.481,5.0,10.0,5.0,20,4,500
3,66.7,5.0,15.0,5.0,4.0,10.0,5.0,28.93,0.0,10.0,6.481,5.0,10.0,5.0,20,4,1000
2,50.0,2.5,5.0,2.5,2.0,10.0,5.0,10.26,0.0,10.0,3.742,5.0,10.0,5.0,20,5,100
3,66.7,5.0,15.0,5.0,4.0,10.0,5.0,28.93,0.0,10.0,6.481,5.0,10.0,5.0,20,5,150
3,66.7,5.0,15.0,5.0,4.0,10.0,5.0,28.93,0.0,10.0,6.481,5.0,10.0,5.0,20,5,200
3,66.7,5.0,15.0,5.0,4.0,10.0,5.0,28.93,0.0,10.0,6.481,5.0,10.0,5.0,20,5,300
3,66.7,5.0,15.0,5.0,4.0,10.0,5.0,28.93,0.0,10.0,6.481,5.0,10.0,5.0,20,5,500
3,66.7,5.0,15.0,5.0,4.0,10.0,5.0,28.93,0.0,10.0,6.481,5.0,10.0,5.0,20,5,1000
2,50.0,2.5,5.0,2.5,2.0,10.0,5.0,10.26,0.0,10.0,3.742,5.0,10.0,5.0,20,7,100
3,66.7,5.0,15.0,5.0,4.0,10.0,5.0,28.93,0.0,10.0,6.481,5.0,10.0,5.0,20,7,150
3,66.7,5.0,15.0,5.0,4.0,10.0,5.0,28.93,0.0,10.0,6.481,5.0,10.0,5.0,20,7,200
3,66.7,5.0,15.0,5.0,4.0,10.0,5.0,28.93,0.0,10.0,6.481,5.0,10.0,5.0,20,7,300
3,66.7,5.0,15.0,5.0,4.0,10.0,5.0,28.93,0.0,10.0,6.481,5.0,10.0,5.0,20,7,500
3,66.7,5.0,15.0,5.0,4.0,10.0,5.0,28.93,0.0,10.0,6.481,5.0,10.0,5.0,20,7,1000
2,100.0,5.264,10.53,5.2645,99.0,5.264,0,10.26,0.0,10.0,12.479,0,10.0,6.0,20,1,100
3,100.0,5.093,15.28,5.0933,99.0,5.093,0,9.54,0.0,10.0,12.05,0,10.0,6.0,20,1,150
3,100.0,5.093,15.28,5.0933,99.0,5.093,0,9.54,0.0,10.0,12.05,0,10.0,6.0,20,1,200
3,100.0,5.093,15.28,5.0933,99.0,5.093,0,9.54,0.0,10.0,12.05,0,10.0,6.0,20,1,300
3,100.0,5.093,15.28,5.0933,99.0,5.093,0,9.54,0.0,10.0,12.05,0,10.0,6.0,20,1,500
3,100.0,5.093,15.28,5.0933,99.0,5.093,0,9.54,0.0,10.0,12.05,0,10.0,6.0,20,1,1000
2,100.0,5.264,10.53,5.2645,99.0,5.264,0,10.26,0.0,10.0,12.479,0,10.0,6.0,20,2,100
3,100.0,6.843,20.53,6.843,99.0,6.843,0,28.93,0.0,10.0,14.047,0,10.0,6.0,20,2,150
3,100.0,6.843,20.53,6.843,99.0,6.843,0,28.93,0.0,10.0,14.047,0,10.0,6.0,20,2,200
3,100.0,6.843,20.53,6.843,99.0,6.843,0,28.93,0.0,10.0,14.047,0,10.0,6.0,20,2,300
3,100.0,6.843,20.53,6.843,99.0,6.843,0,28.93,0.0,10.0,14.047,0,10.0,6.0,20,2,500
3,100.0,6.843,20.53,6.843,99.0,6.843,0,28.93,0.0,10.0,14.047,0,10.0,6.0,20,2,1000
2,50.0,2.0,4.0,2.0,1.667,10.0,6.0,10.26,0.0,10.0,2.806,6.0,10.0,6.0,20,3,100
3,66.7,4.667,14.0,4.6667,3.333,10.0,6.0,28.93,0.0,10.0,5.671,6.0,10.0,6.0,20,3,150
3,66.7,4.667,14.0,4.6667,3.333,10.0,6.0,28.93,0.0,10.0,5.671,6.0,10.0,6.0,20,3,200
3,66.7,4.667,14.0,4.6667,3.333,10.0,6.0,28.93,0.0,10.0,5.671,6.0,10.0,6.0,20,3,300
3,66.7,4.667,14.0,4.6667,3.333,10.0,6.0,28.93,0.0,10.0,5.671,6.0,10.0,6.0,20,3,500
3,66.7,4.667,14.0,4.6667,3.333,10.0,6.0,28.93,0.0,10.0,5.671,6.0,10.0,6.0,20,3,1000
2,50.0,2.0,4.0,2.0,1.667,10.0,6.0,10.26,0.0,10.0,2.806,6.0,10.0,6.0,20,4,100
3,66.7,4.667,14.0,4.6667,3.333,10.0,6.0,28.93,0.0,10.0,5.671,6.0,10.0,6.0,20,4,150
3,66.7,4.667,14.0,4.6667,3.333,10.0,6.0,28.93,0.0,10.0,5.671,6.0,10.0,6.0,20,4,200
3,66.7,4.667,14.0,4.6667,3.333,10.0,6.0,28.93,0.0,10.0,5.671,6.0,10.0,6.0,20,4,300
3,66.7,4.667,14.0,4.6667,3.333,10.0,6.0,28.93,0.0,10.0,5.671,6.0,10.0,6.0,20,4,500
3,66.7,4.667,14.0,4.6667,3.333,10.0,6.0,28.93,0.0,10.0,5.671,6.0,10.0,6.0,20,4,1000
2,50.0,2.0,4.0,2.0,1.667,10.0,6.0,10.26,0.0,10.0,2.806,6.0,10.0,6.0,20,5,100
3,66.7,4.667,14.0,4.6667,3.333,10.0,6.0,28.93,0.0,10.0,5.671,6.0,10.0,6.0,20,5,150
3,66.7,4.667,14.0,4.6667,3.333,10.0,6.0,28.93,0.0,10.0,5.671,6.0,10.0,6.0,20,5,200
3,66.7,4.667,14.0,4.6667,3.333,10.0,6.0,28.93,0.0,10.0,5.671,6.0,10.0,6.0,20,5,300
3,66.7,4.667,14.0,4.6667,3.333,10.0,6.0,28.93,0.0,10.0,5.671,6.0,10.0,6.0,20,5,500
3,66.7,4.667,14.0,4.6667,3.333,10.0,6.0,28.93,0.0,10.0,5.671,6.0,10.0,6.0,20,5,1000
2,50.0,2.0,4.0,2.0,1.667,10.0,6.0,10.26,0.0,10.0,2.806,6.0,10.0,6.0,20,7,100
3,66.7,4.667,14.0,4.6667,3.333,10.0,6.0,28.93,0.0,10.0,5.671,6.0,10.0,6.0,20,7,150
3,66.7,4.667,14.0,4.6667,3.333,10.0,6.0,28.93,0.0,10.0,5.671,6.0,10.0,6.0,20,7,200
3,66.7,4.667,14.0,4.6667,3.333,10.0,6.0,28.93,0.0,10.0,5.671,6.0,10.0,6.0,20,7,300
3,66.7,4.667,14.0,4.6667,3.333,10.0,6.0,28.93,0.0,10.0,5.671,6.0,10.0,6.0,20,7,500
3,66.7,4.667,14.0,4.6667,3.333,10.0,6.0,28.93,0.0,10.0,5.671,6.0,10.0,6.0,20,7,1000
2,50.0,5.0,10.0,5.0,6.0,12.0,2.0,10.26,0.0,12.0,8.018,2.0,12.0,2.0,20,1,100
3,66.7,4.917,14.75,4.917,8.376,8.376,2.0,9.54,0.0,12.0,7.883,2.0,12.0,2.0,20,1,150
3,66.7,4.917,14.75,4.917,8.376,8.376,2.0,9.54,0.0,12.0,7.883,2.0,12.0,2.0,20,1,200
3,66.7,4.917,14.75,4.917,8.376,8.376,2.0,9.54,0.0,12.0,7.883,2.0,12.0,2.0,20,1,300
3,66.7,4.917,14.75,4.917,8.376,8.376,2.0,9.54,0.0,12.0,7.883,2.0,12.0,2.0,20,1,500
3,66.7,4.917,14.75,4.917,8.376,8.376,2.0,9.54,0.0,12.0,7.883,2.0,12.0,2.0,20,1,1000
2,50.0,5.0,10.0,5.0,6.0,12.0,2.0,10.26,0.0,12.0,8.018,2.0,12.0,2.0,20,2,100
3,66.7,7.333,22.0,7.3333,12.0,12.0,2.0,28.93,0.0,12.0,10.184,2.0,12.0,2.0,20,2,150
3,66.7,7.333,22.0,7.3333,12.0,12.0,2.0,28.93,0.0,12.0,10.184,2.0,12.0,2.0,20,2,200
3,66.7,7.333,22.0,7.3333,12.0,12.0,2.0,28.93,0.0,12.0,10.184,2.0,12.0,2.0,20,2,300
3,66.7,7.333,22.0,7.3333,12.0,12.0,2.0,28.93,0.0,12.0,10.184,2.0,12.0,2.0,20,2,500
3,66.7,7.333,22.0,7.3333,12.0,12.0,2.0,28.93,0.0,12.0,10.184,2.0,12.0,2.0,20,2,1000
2,50.0,5.0,10.0,5.0,6.0,12.0,2.0,10.26,0.0,12.0,8.018,2.0,12.0,2.0,20,3,100
3,66.7,7.333,22.0,7.3333,12.0,12.0,2.0,28.93,0.0,12.0,10.184,2.0,12.0,2.0,20,3,150
3,66.7,7.333,22.0,7.3333,12.0,12.0,2.0,28.93,0.0,12.0,10.184,2.0,12.0,2.0,20,3,200
3,66.7,7.333,22.0,7.3333,12.0,12.0,2.0,28.93,0.0,12.0,10.184,2.0,12.0,2.0,20,3,300
3,66.7,7.333,22.0,7.3333,12.0,12.0,2.0,28.93,0.0,12.0,10.184,2.0,12.0,2.0,20,3,500
3,66.7,7.333,22.0,7.3333,12.0,12.0,2.0,28.93,0.0,12.0,10.184,2.0,12.0,2.0,20,3,1000
2,50.0,5.0,10.0,5.0,6.0,12.0,2.0,10.26,0.0,12.0,8.018,2.0,12.0,2.0,20,4,100
3,66.7,7.333,22.0,7.3333,12.0,12.0,2.0,28.93,0.0,12.0,10.184,2.0,12.0,2.0,20,4,150
3,66.7,7.333,22.0,7.3333,12.0,12.0,2.0,28.93,0.0,12.0,10.184,2.0,12.0,2.0,20,4,200
3,66.7,7.333,22.0,7.3333,12.0,12.0,2.0,28.93,0.0,12.0,10.184,2.0,12.0,2.0,20,4,300
3,66.7,7.333,22.0,7.3333,12.0,12.0,2.0,28.93,0.0,12.0,10.184,2.0,12.0,2.0,20,4,500
3,66.7,7.333,22.0,7.3333,12.0,12.0,2.0,28.93,0.0,12.0,10.184,2.0,12.0,2.0,20,4,1000
2,50.0,5.0,10.0,5.0,6.0,12.0,2.0,10.26,0.0,12.0,8.018,2.0,12.0,2.0,20,5,100
3,66.7,7.333,22.0,7.3333,12.0,12.0,2.0,28.93,0.0,12.0,10.184,2.0,12.0,2.0,20,5,150
3,66.7,7.333,22.0,7.3333,12.0,12.0,2.0,28.93,0.0,12.0,10.184,2.0,12.0,2.0,20,5,200
3,66.7,7.333,22.0,7.3333,12.0,12.0,2.0,28.93,0.0,12.0,10.184,2.0,12.0,2.0,20,5,300
3,66.7,7.333,22.0,7.3333,12.0,12.0,2.0,28.93,0.0,12.0,10.184,2.0,12.0,2.0,20,5,500
3,66.7,7.333,22.0,7.3333,12.0,12.0,2.0,28.93,0.0,12.0,10.184,2.0,12.0,2.0,20,5,1000
2,50.0,5.0,10.0,5.0,6.0,12.0,2.0,10.26,0.0,12.0,8.018,2.0,12.0,2.0,20,7,100
3,66.7,7.333,22.0,7.3333,12.0,12.0,2.0,28.93,0.0,12.0,10.184,2.0,12.0,2.0,20,7,150
3,66.7,7.333,22.0,7.3333,12.0,12.0,2.0,28.93,0.0,12.0,10.184,2.0,12.0,2.0,20,7,200
3,66.7,7.333,22.0,7.3333,12.0,12.0,2.0,28.93,0.0,12.0,10.184,2.0,12.0,2.0,20,7,300
3,66.7,7.333,22.0,7.3333,12.0,12.0,2.0,28.93,0.0,12.0,10.184,2.0,12.0,2.0,20,7,500
3,66.7,7.333,22.0,7.3333,12.0,12.0,2.0,28.93,0.0,12.0,10.184,2.0,12.0,2.0,20,7,1000
2,50.0,4.5,9.0,4.5,4.0,12.0,3.0,10.26,0.0,12.0,6.735,3.0,12.0,3.0,20,1,100
3,66.7,4.584,13.75,4.5837,5.584,8.376,3.0,9.54,0.0,12.0,6.859,3.0,12.0,3.0,20,1,150
3,66.7,4.584,13.75,4.5837,5.584,8.376,3.0,9.54,0.0,12.0,6.859,3.0,12.0,3.0,20,1,200
3,66.7,4.584,13.75,4.5837,5.584,8.376,3.0,9.54,0.0,12.0,6.859,3.0,12.0,3.0,20,1,300
3,66.7,4.584,13.75,4.5837,5.584,8.376,3.0,9.54,0.0,12.0,6.859,3.0,12.0,3.0,20,1,500
3,66.7,4.584,13.75,4.5837,5.584,8.376,3.0,9.54,0.0,12.0,6.859,3.0,12.0,3.0,20,1,1000
2,50.0,4.5,9.0,4.5,4.0,12.0,3.0,10.26,0.0,12.0,6.735,3.0,12.0,3.0,20,2,100
3,66.7,7.0,21.0,7.0,8.0,12.0,3.0,28.93,0.0,12.0,9.073,3.0,12.0,3.0,20,2,150
3,66.7,7.0,21.0,7.0,8.0,12.0,3.0,28.93,0.0,12.0,9.073,3.0,12.0,3.0,20,2,200
3,66.7,7.0,21.0,7.0,8.0,12.0,3.0,28.93,0.0,12.0,9.073,3.0,12.0,3.0,20,2,300
3,66.7,7.0,21.0,7.0,8.0,12.0,3.0,28.93,0.0,12.0,9.073,3.0,12.0,3.0,20,2,500
3,66.7,7.0,21.0,7.0,8.0,12.0,3.0,28.93,0.0,12.0,9.073,3.0,12.0,3.0,20,2,1000
2,50.0,4.5,9.0,4.5,4.0,12.0,3.0,10.26,0.0,12.0,6.735,3.0,12.0,3.0,20,3,100
3,66.7,7.0,21.0,7.0,8.0,12.0,3.0,28.93,0.0,12.0,9.073,3.0,12.0,3.0,20,3,150
3,66.7,7.0,21.0,7.0,8.0,12.0,3.0,28.93,0.0,12.0,9.073,3.0,12.0,3.0,20,3,200
3,66.7,7.0,21.0,7.0,8.0,12.0,3.0,28.93,0.0,12.0,9.073,3.0,12.0,3.0,20,3,300
3,66.7,7.0,21.0,7.0,8.0,12.0,3.0,28.93,0.0,12.0,9.073,3.0,12.0,3.0,20,3,500
3,66.7,7.0,21.0,7.0,8.0,12.0,3.0,28.93,0.0,12.0,9.073,3.0,12.0,3.0,20,3,1000
2,50.0,4.5,9.0,4.5,4.0,12.0,3.0,10.26,0.0,12.0,6.735,3.0,12.0,3.0,20,4,100
3,66.7,7.0,21.0,7.0,8.0,12.0,3.0,28.93,0.0,12.0,9.073,3.0,12.0,3.0,20,4,150
3,66.7,7.0,21.0,7.0,8.0,12.0,3.0,28.93,0.0,12.0,9.073,3.0,12.0,3.0,20,4,200
3,66.7,7.0,21.0,7.0,8.0,12.0,3.0,28.93,0.0,12.0,9.073,3.0,12.0,3.0,20,4,300
3,66.7,7.0,21.0,7.0,8.0,12.0,3.0,28.93,0.0,12.0,9.073,3.0,12.0,3.0,20,4,500
3,66.7,7.0,21.0,7.0,8.0,12.0,3.0,28.93,0.0,12.0,9.073,3.0,12.0,3.0,20,4,1000
2,50.0,4.5,9.0,4.5,4.0,12.0,3.0,10.26,0.0,12.0,6.735,3.0,12.0,3.0,20,5,100
3,66.7,7.0,21.0,7.0,8.0,12.0,3.0,28.93,0.0,12.0,9.073,3.0,12.0,3.0,20,5,150
3,66.7,7.0,21.0,7.0,8.0,12.0,3.0,28.93,0.0,12.0,9.073,3.0,12.0,3.0,20,5,200
3,66.7,7.0,21.0,7.0,8.0,12.0,3.0,28.93,0.0,12.0,9.073,3.0,12.0,3.0,20,5,300
3,66.7,7.0,21.0,7.0,8.0,12.0,3.0,28.93,0.0,12.0,9.073,3.0,12.0,3.0,20,5,500
3,66.7,7.0,21.0,7.0,8.0,12.0,3.0,28.93,0.0,12.0,9.073,3.0,12.0,3.0,20,5,1000
2,50.0,4.5,9.0,4.5,4.0,12.0,3.0,10.26,0.0,12.0,6.735,3.0,12.0,3.0,20,7,100
3,66.7,7.0,21.0,7.0,8.0,12.0,3.0,28.93,0.0,12.0,9.073,3.0,12.0,3.0,20,7,150
3,66.7,7.0,21.0,7.0,8.0,12.0,3.0,28.93,0.0,12.0,9.073,3.0,12.0,3.0,20,7,200
3,66.7,7.0,21.0,7.0,8.0,12.0,3.0,28.93,0.0,12.0,9.073,3.0,12.0,3.0,20,7,300
3,66.7,7.0,21.0,7.0,8.0,12.0,3.0,28.93,0.0,12.0,9.073,3.0,12.0,3.0,20,7,500
3,66.7,7.0,21.0,7.0,8.0,12.0,3.0,28.93,0.0,12.0,9.073,3.0,12.0,3.0,20,7,1000
2,100.0,6.264,12.53,6.2645,99.0,6.264,0,10.26,0.0,12.0,12.26,0,12.0,4.0,20,1,100
3,100.0,5.76,17.28,5.76,99.0,5.76,0,9.54,0.0,12.0,11.144,0,12.0,4.0,20,1,150
3,100.0,5.76,17.28,5.76,99.0,5.76,0,9.54,0.0,12.0,11.144,0,12.0,4.0,20,1,200
3,100.0,5.76,17.28,5.76,99.0,5.76,0,9.54,0.0,12.0,11.144,0,12.0,4.0,20,1,300
3,100.0,5.76,17.28,5.76,99.0,5.76,0,9.54,0.0,12.0,11.144,0,12.0,4.0,20,1,500
3,100.0,5.76,17.28,5.76,99.0,5.76,0,9.54,0.0,12.0,11.144,0,12.0,4.0,20,1,1000
2,100.0,6.264,12.53,6.2645,99.0,6.264,0,10.26,0.0,12.0,12.26,0,12.0,4.0,20,2,100
3,100.0,8.176,24.53,8.1763,99.0,8.176,0,28.93,0.0,12.0,13.858,0,12.0,4.0,20,2,150
3,100.0,8.176,24.53,8.1763,99.0,8.176,0,28.93,0.0,12.0,13.858,0,12.0,4.0,20,2,200
3,100.0,8.176,24.53,8.1763,99.0,8.176,0,28.93,0.0,12.0,13.858,0,12.0,4.0,20,2,300
3,100.0,8.176,24.53,8.1763,99.0,8.176,0,28.93,0.0,12.0,13.858,0,12.0,4.0,20,2,500
3,100.0,8.176,24.53,8.1763,99.0,8.176,0,28.93,0.0,12.0,13.858,0,12.0,4.0,20,2,1000
2,50.0,4.0,8.0,4.0,3.0,12.0,4.0,10.26,0.0,12.0,5.612,4.0,12.0,4.0,20,3,100
3,66.7,6.667,20.0,6.6667,6.0,12.0,4.0,28.93,0.0,12.0,8.101,4.0,12.0,4.0,20,3,150
3,66.7,6.667,20.0,6.6667,6.0,12.0,4.0,28.93,0.0,12.0,8.101,4.0,12.0,4.0,20,3,200
3,66.7,6.667,20.0,6.6667,6.0,12.0,4.0,28.93,0.0,12.0,8.101,4.0,12.0,4.0,20,3,300
3,66.7,6.667,20.0,6.6667,6.0,12.0,4.0,28.93,0.0,12.0,8.101,4.0,12.0,4.0,20,3,500
3,66.7,6.667,20.0,6.6667,6.0,12.0,4.0,28.93,0.0,12.0,8.101,4.0,12.0,4.0,20,3,1000
2,50.0,4.0,8.0,4.0,3.0,12.0,4.0,10.26,0.0,12.0,5.612,4.0,12.0,4.0,20,4,100
3,66.7,6.667,20.0,6.6667,6.0,12.0,4.0,28.93,0.0,12.0,8.101,4.0,12.0,4.0,20,4,150
3,66.7,6.667,20.0,6.6667,6.0,12.0,4.0,28.93,0.0,12.0,8.101,4.0,12.0,4.0,20,4,200
3,66.7,6.667,20.0,6.6667,6.0,12.0,4.0,28.93,0.0,12.0,8.101,4.0,12.0,4.0,20,4,300
3,66.7,6.667,20.0,6.6667,6.0,12.0,4.0,28.93,0.0,12.0,8.101,4.0,12.0,4.0,20,4,500
3,66.7,6.667,20.0,6.6667,6.0,12.0,4.0,28.93,0.0,12.0,8.101,4.0,12.0,4.0,20,4,1000
2,50.0,4.0,8.0,4.0,3.0,12.0,4.0,10.26,0.0,12.0,5.612,4.0,12.0,4.0,20,5,100
3,66.7,6.667,20.0,6.6667,6.0,12.0,4.0,28.93,0.0,12.0,8.101,4.0,12.0,4.0,20,5,150
3,66.7,6.667,20.0,6.6667,6.0,12.0,4.0,28.93,0.0,12.0,8.101,4.0,12.0,4.0,20,5,200
3,66.7,6.667,20.0,6.6667,6.0,12.0,4.0,28.93,0.0,12.0,8.101,4.0,12.0,4.0,20,5,300
3,66.7,6.667,20.0,6.6667,6.0,12.0,4.0,28.93,0.0,12.0,8.101,4.0,12.0,4.0,20,5,500
3,66.7,6.667,20.0,6.6667,6.0,12.0,4.0,28.93,0.0,12.0,8.101,4.0,12.0,4.0,20,5,1000
2,50.0,4.0,8.0,4.0,3.0,12.0,4.0,10.26,0.0,12.0,5.612,4.0,12.0,4.0,20,7,100
3,66.7,6.667,20.0,6.6667,6.0,12.0,4.0,28.93,0.0,12.0,8.101,4.0,12.0,4.0,20,7,150
3,66.7,6.667,20.0,6.6667,6.0,12.0,4.0,28.93,0.0,12.0,8.101,4.0,12.0,4.0,20,7,200
3,66.7,6.667,20.0,6.6667,6.0,12.0,4.0,28.93,0.0,12.0,8.101,4.0,12.0,4.0,20,7,300
3,66.7,6.667,20.0,6.6667,6.0,12.0,4.0,28.93,0.0,12.0,8.101,4.0,12.0,4.0,20,7,500
3,66.7,6.667,20.0,6.6667,6.0,12.0,4.0,28.93,0.0,12.0,8.101,4.0,12.0,4.0,20,7,1000
2,100.0,6.264,12.53,6.2645,99.0,6.264,0,10.26,0.0,12.0,12.26,0,12.0,5.0,20,1,100
3,100.0,5.76,17.28,5.76,99.0,5.76,0,9.54,0.0,12.0,11.144,0,12.0,5.0,20,1,150
3,100.0,5.76,17.28,5.76,99.0,5.76,0,9.54,0.0,12.0,11.144,0,12.0,5.0,20,1,200
3,100.0,5.76,17.28,5.76,99.0,5.76,0,9.54,0.0,12.0,11.144,0,12.0,5.0,20,1,300
3,100.0,5.76,17.28,5.76,99.0,5.76,0,9.54,0.0,12.0,11.144,0,12.0,5.0,20,1,500
3,100.0,5.76,17.28,5.76,99.0,5.76,0,9.54,0.0,12.0,11.144,0,12.0,5.0,20,1,1000
2,100.0,6.264,12.53,6.2645,99.0,6.264,0,10.26,0.0,12.0,12.26,0,12.0,5.0,20,2,100
3,100.0,8.176,24.53,8.1763,99.0,8.176,0,28.93,0.0,12.0,13.858,0,12.0,5.0,20,2,150
3,100.0,8.176,24.53,8.1763,99.0,8.176,0,28.93,0.0,12.0,13.858,0,12.0,5.0,20,2,200
3,100.0,8.176,24.53,8.1763,99.0,8.176,0,28.93,0.0,12.0,13.858,0,12.0,5.0,20,2,300
3,100.0,8.176,24.53,8.1763,99.0,8.176,0,28.93,0.0,12.0,13.858,0,12.0,5.0,20,2,500
3,100.0,8.176,24.53,8.1763,99.0,8.176,0,28.93,0.0,12.0,13.858,0,12.0,5.0,20,2,1000
2,50.0,3.5,7.0,3.5,2.4,12.0,5.0,10.26,0.0,12.0,4.622,5.0,12.0,5.0,20,3,100
3,66.7,6.333,19.0,6.3333,4.8,12.0,5.0,28.93,0.0,12.0,7.243,5.0,12.0,5.0,20,3,150
3,66.7,6.333,19.0,6.3333,4.8,12.0,5.0,28.93,0.0,12.0,7.243,5.0,12.0,5.0,20,3,200
3,66.7,6.333,19.0,6.3333,4.8,12.0,5.0,28.93,0.0,12.0,7.243,5.0,12.0,5.0,20,3,300
3,66.7,6.333,19.0,6.3333,4.8,12.0,5.0,28.93,0.0,12.0,7.243,5.0,12.0,5.0,20,3,500
3,66.7,6.333,19.0,6.3333,4.8,12.0,5.0,28.93,0.0,12.0,7.243,5.0,12.0,5.0,20,3,1000
2,50.0,3.5,7.0,3.5,2.4,12.0,5.0,10.26,0.0,12.0,4.622,5.0,12.0,5.0,20,4,100
3,66.7,6.333,19.0,6.3333,4.8,12.0,5.0,28.93,0.0,12.0,7.243,5.0,12.0,5.0,20,4,150
3,66.7,6.333,19.0,6.3333,4.8,12.0,5.0,28.93,0.0,12.0,7.243,5.0,12.0,5.0,20,4,200
3,66.7,6.333,19.0,6.3333,4.8,12.0,5.0,28.93,0.0,12.0,7.243,5.0,12.0,5.0,20,4,300
3,66.7,6.333,19.0,6.3333,4.8,12.0,5.0,28.93,0.0,12.0,7.243,5.0,12.0,5.0,20,4,500
3,66.7,6.333,19.0,6.3333,4.8,12.0,5.0,28.93,0.0,12.0,7.243,5.0,12.0,5.0,20,4,1000
2,50.0,3.5,7.0,3.5,2.4,12.0,5.0,10.26,0.0,12.0,4.622,5.0,12.0,5.0,20,5,100
3,66.7,6.333,19.0,6.3333,4.8,12.0,5.0,28.93,0.0,12.0,7.243,5.0,12.0,5.0,20,5,150
3,66.7,6.333,19.0,6.3333,4.8,12.0,5.0,28.93,0.0,12.0,7.243,5.0,12.0,5.0,20,5,200
3,66.7,6.333,19.0,6.3333,4.8,12.0,5.0,28.93,0.0,12.0,7.243,5.0,12.0,5.0,20,5,300
3,66.7,6.333,19.0,6.3333,4.8,12.0,5.0,28.93,0.0,12.0,7.243,5.0,12.0,5.0,20,5,500
3,66.7,6.333,19.0,6.3333,4.8,12.0,5.0,28.93,0.0,12.0,7.243,5.0,12.0,5.0,20,5,1000
2,50.0,3.5,7.0,3.5,2.4,12.0,5.0,10.26,0.0,12.0,4.622,5.0,12.0,5.0,20,7,100
3,66.7,6.333,19.0,6.3333,4.8,12.0,5.0,28.93,0.0,12.0,7.243,5.0,12.0,5.0,20,7,150
3,66.7,6.333,19.0,6.3333,4.8,12.0,5.0,28.93,0.0,12.0,7.243,5.0,12.0,5.0,20,7,200
3,66.7,6.333,19.0,6.3333,4.8,12.0,5.0,28.93,0.0,12.0,7.243,5.0,12.0,5.0,20,7,300
3,66.7,6.333,19.0,6.3333,4.8,12.0,5.0,28.93,0.0,12.0,7.243,5.0,12.0,5.0,20,7,500
3,66.7,6.333,19.0,6.3333,4.8,12.0,5.0,28.93,0.0,12.0,7.243,5.0,12.0,5.0,20,7,1000
2,100.0,6.264,12.53,6.2645,99.0,6.264,0,10.26,0.0,12.0,12.26,0,12.0,6.0,20,1,100
3,100.0,5.76,17.28,5.76,99.0,5.76,0,9.54,0.0,12.0,11.144,0,12.0,6.0,20,1,150
3,100.0,5.76,17.28,5.76,99.0,5.76,0,9.54,0.0,12.0,11.144,0,12.0,6.0,20,1,200
3,100.0,5.76,17.28,5.76,99.0,5.76,0,9.54,0.0,12.0,11.144,0,12.0,6.0,20,1,300
3,100.0,5.76,17.28,5.76,99.0,5.76,0,9.54,0.0,12.0,11.144,0,12.0,6.0,20,1,500
3,100.0,5.76,17.28,5.76,99.0,5.76,0,9.54,0.0,12.0,11.144,0,12.0,6.0,20,1,1000
2,100.0,6.264,12.53,6.2645,99.0,6.264,0,10.26,0.0,12.0,12.26,0,12.0,6.0,20,2,100
3,100.0,8.176,24.53,8.1763,99.0,8.176,0,28.93,0.0,12.0,13.858,0,12.0,6.0,20,2,150
3,100.0,8.176,24.53,8.1763,99.0,8.176,0,28.93,0.0,12.0,13.858,0,12.0,6.0,20,2,200
3,100.0,8.176,24.53,8.1763,99.0,8.176,0,28.93,0.0,12.0,13.858,0,12.0,6.0,20,2,300
3,100.0,8.176,24.53,8.1763,99.0,8.176,0,28.93,0.0,12.0,13.858,0,12.0,6.0,20,2,500
3,100.0,8.176,24.53,8.1763,99.0,8.176,0,28.93,0.0,12.0,13.858,0,12.0,6.0,20,2,1000
2,50.0,3.0,6.0,3.0,2.0,12.0,6.0,10.26,0.0,12.0,3.742,6.0,12.0,6.0,20,3,100
3,66.7,6.0,18.0,6.0,4.0,12.0,6.0,28.93,0.0,12.0,6.481,6.0,12.0,6.0,20,3,150
3,66.7,6.0,18.0,6.0,4.0,12.0,6.0,28.93,0.0,12.0,6.481,6.0,12.0,6.0,20,3,200
3,66.7,6.0,18.0,6.0,4.0,12.0,6.0,28.93,0.0,12.0,6.481,6.0,12.0,6.0,20,3,300
3,66.7,6.0,18.0,6.0,4.0,12.0,6.0,28.93,0.0,12.0,6.481,6.0,12.0,6.0,20,3,500
3,66.7,6.0,18.0,6.0,4.0,12.0,6.0,28.93,0.0,12.0,6.481,6.0,12.0,6.0,20,3,1000
2,50.0,3.0,6.0,3.0,2.0,12.0,6.0,10.26,0.0,12.0,3.742,6.0,12.0,6.0,20,4,100
3,66.7,6.0,18.0,6.0,4.0,12.0,6.0,28.93,0.0,12.0,6.481,6.0,12.0,6.0,20,4,150
3,66.7,6.0,18.0,6.0,4.0,12.0,6.0,28.93,0.0,12.0,6.481,6.0,12.0,6.0,20,4,200
3,66.7,6.0,18.0,6.0,4.0,12.0,6.0,28.93,0.0,12.0,6.481,6.0,12.0,6.0,20,4,300
3,66.7,6.0,18.0,6.0,4.0,12.0,6.0,28.93,0.0,12.0,6.481,6.0,12.0,6.0,20,4,500
3,66.7,6.0,18.0,6.0,4.0,12.0,6.0,28.93,0.0,12.0,6.481,6.0,12.0,6.0,20,4,1000
2,50.0,3.0,6.0,3.0,2.0,12.0,6.0,10.26,0.0,12.0,3.742,6.0,12.0,6.0,20,5,100
3,66.7,6.0,18.0,6.0,4.0,12.0,6.0,28.93,0.0,12.0,6.481,6.0,12.0,6.0,20,5,150
3,66.7,6.0,18.0,6.0,4.0,12.0,6.0,28.93,0.0,12.0,6.481,6.0,12.0,6.0,20,5,200
3,66.7,6.0,18.0,6.0,4.0,12.0,6.0,28.93,0.0,12.0,6.481,6.0,12.0,6.0,20,5,300
3,66.7,6.0,18.0,6.0,4.0,12.0,6.0,28.93,0.0,12.0,6.481,6.0,12.0,6.0,20,5,500
3,66.7,6.0,18.0,6.0,4.0,12.0,6.0,28.93,0.0,12.0,6.481,6.0,12.0,6.0,20,5,1000
2,50.0,3.0,6.0,3.0,2.0,12.0,6.0,10.26,0.0,12.0,3.742,6.0,12.0,6.0,20,7,100
3,66.7,6.0,18.0,6.0,4.0,12.0,6.0,28.93,0.0,12.0,6.481,6.0,12.0,6.0,20,7,150
3,66.7,6.0,18.0,6.0,4.0,12.0,6.0,28.93,0.0,12.0,6.481,6.0,12.0,6.0,20,7,200
3,66.7,6.0,18.0,6.0,4.0,12.0,6.0,28.93,0.0,12.0,6.481,6.0,12.0,6.0,20,7,300
3,66.7,6.0,18.0,6.0,4.0,12.0,6.0,28.93,0.0,12.0,6.481,6.0,12.0,6.0,20,7,500
3,66.7,6.0,18.0,6.0,4.0,12.0,6.0,28.93,0.0,12.0,6.481,6.0,12.0,6.0,20,7,1000
2,50.0,6.5,13.0,6.5,7.5,15.0,2.0,10.26,0.0,15.0,8.584,2.0,15.0,2.0,20,1,100
3,66.7,5.917,17.75,5.917,9.876,9.876,2.0,9.54,0.0,15.0,7.759,2.0,15.0,2.0,20,1,150
3,66.7,5.917,17.75,5.917,9.876,9.876,2.0,9.54,0.0,15.0,7.759,2.0,15.0,2.0,20,1,200
3,66.7,5.917,17.75,5.917,9.876,9.876,2.0,9.54,0.0,15.0,7.759,2.0,15.0,2.0,20,1,300
3,66.7,5.917,17.75,5.917,9.876,9.876,2.0,9.54,0.0,15.0,7.759,2.0,15.0,2.0,20,1,500
3,66.7,5.917,17.75,5.917,9.876,9.876,2.0,9.54,0.0,15.0,7.759,2.0,15.0,2.0,20,1,1000
2,50.0,6.5,13.0,6.5,7.5,15.0,2.0,10.26,0.0,15.0,8.584,2.0,15.0,2.0,20,2,100
3,66.7,9.333,28.0,9.3333,15.0,15.0,2.0,28.93,0.0,15.0,10.674,2.0,15.0,2.0,20,2,150
3,66.7,9.333,28.0,9.3333,15.0,15.0,2.0,28.93,0.0,15.0,10.674,2.0,15.0,2.0,20,2,200
3,66.7,9.333,28.0,9.3333,15.0,15.0,2.0,28.93,0.0,15.0,10.674,2.0,15.0,2.0,20,2,300
3,66.7,9.333,28.0,9.3333,15.0,15.0,2.0,28.93,0.0,15.0,10.674,2.0,15.0,2.0,20,2,500
3,66.7,9.333,28.0,9.3333,15.0,15.0,2.0,28.93,0.0,15.0,10.674,2.0,15.0,2.0,20,2,1000
2,50.0,6.5,13.0,6.5,7.5,15.0,2.0,10.26,0.0,15.0,8.584,2.0,15.0,2.0,20,3,100
3,66.7,9.333,28.0,9.3333,15.0,15.0,2.0,28.93,0.0,15.0,10.674,2.0,15.0,2.0,20,3,150
3,66.7,9.333,28.0,9.3333,15.0,15.0,2.0,28.93,0.0,15.0,10.674,2.0,15.0,2.0,20,3,200
3,66.7,9.333,28.0,9.3333,15.0,15.0,2.0,28.93,0.0,15.0,10.674,2.0,15.0,2.0,20,3,300
3,66.7,9.333,28.0,9.3333,15.0,15.0,2.0,28.93,0.0,15.0,10.674,2.0,15.0,2.0,20,3,500
3,66.7,9.333,28.0,9.3333,15.0,15.0,2.0,28.93,0.0,15.0,10.674,2.0,15.0,2.0,20,3,1000
2,50.0,6.5,13.0,6.5,7.5,15.0,2.0,10.26,0.0,15.0,8.584,2.0,15.0,2.0,20,4,100
3,66.7,9.333,28.0,9.3333,15.0,15.0,2.0,28.93,0.0,15.0,10.674,2.0,15.0,2.0,20,4,150
3,66.7,9.333,28.0,9.3333,15.0,15.0,2.0,28.93,0.0,15.0,10.674,2.0,15.0,2.0,20,4,200
3,66.7,9.333,28.0,9.3333,15.0,15.0,2.0,28.93,0.0,15.0,10.674,2.0,15.0,2.0,20,4,300
3,66.7,9.333,28.0,9.3333,15.0,15.0,2.0,28.93,0.0,15.0,10.674,2.0,15.0,2.0,20,4,500
3,66.7,9.333,28.0,9.3333,15.0,15.0,2.0,28.93,0.0,15.0,10.674,2.0,15.0,2.0,20,4,1000
2,50.0,6.5,13.0,6.5,7.5,15.0,2.0,10.26,0.0,15.0,8.584,2.0,15.0,2.0,20,5,100
3,66.7,9.333,28.0,9.3333,15.0,15.0,2.0,28.93,0.0,15.0,10.674,2.0,15.0,2.0,20,5,150
3,66.7,9.333,28.0,9.3333,15.0,15.0,2.0,28.93,0.0,15.0,10.674,2.0,15.0,2.0,20,5,200
3,66.7,9.333,28.0,9.3333,15.0,15.0,2.0,28.93,0.0,15.0,10.674,2.0,15.0,2.0,20,5,300
3,66.7,9.333,28.0,9.3333,15.0,15.0,2.0,28.93,0.0,15.0,10.674,2.0,15.0,2.0,20,5,500
3,66.7,9.333,28.0,9.3333,15.0,15.0,2.0,28.93,0.0,15.0,10.674,2.0,15.0,2.0,20,5,1000
2,50.0,6.5,13.0,6.5,7.5,15.0,2.0,10.26,0.0,15.0,8.584,2.0,15.0,2.0,20,7,100
3,66.7,9.333,28.0,9.3333,15.0,15.0,2.0,28.93,0.0,15.0,10.674,2.0,15.0,2.0,20,7,150
3,66.7,9.333,28.0,9.3333,15.0,15.0,2.0,28.93,0.0,15.0,10.674,2.0,15.0,2.0,20,7,200
3,66.7,9.333,28.0,9.3333,15.0,15.0,2.0,28.93,0.0,15.0,10.674,2.0,15.0,2.0,20,7,300
3,66.7,9.333,28.0,9.3333,15.0,15.0,2.0,28.93,0.0,15.0,10.674,2.0,15.0,2.0,20,7,500
3,66.7,9.333,28.0,9.3333,15.0,15.0,2.0,28.93,0.0,15.0,10.674,2.0,15.0,2.0,20,7,1000
2,50.0,6.0,12.0,6.0,5.0,15.0,3.0,10.26,0.0,15.0,7.483,3.0,15.0,3.0,20,1,100
3,66.7,5.584,16.75,5.5837,6.584,9.876,3.0,9.54,0.0,15.0,6.942,3.0,15.0,3.0,20,1,150
3,66.7,5.584,16.75,5.5837,6.584,9.876,3.0,9.54,0.0,15.0,6.942,3.0,15.0,3.0,20,1,200
3,66.7,5.584,16.75,5.5837,6.584,9.876,3.0,9.54,0.0,15.0,6.942,3.0,15.0,3.0,20,1,300
3,66.7,5.584,16.75,5.5837,6.584,9.876,3.0,9.54,0.0,15.0,6.942,3.0,15.0,3.0,20,1,500
3,66.7,5.584,16.75,5.5837,6.584,9.876,3.0,9.54,0.0,15.0,6.942,3.0,15.0,3.0,20,1,1000
2,50.0,6.0,12.0,6.0,5.0,15.0,3.0,10.26,0.0,15.0,7.483,3.0,15.0,3.0,20,2,100
3,66.7,9.0,27.0,9.0,10.0,15.0,3.0,28.93,0.0,15.0,9.721,3.0,15.0,3.0,20,2,150
3,66.7,9.0,27.0,9.0,10.0,15.0,3.0,28.93,0.0,15.0,9.721,3.0,15.0,3.0,20,2,200
3,66.7,9.0,27.0,9.0,10.0,15.0,3.0,28.93,0.0,15.0,9.721,3.0,15.0,3.0,20,2,300
3,66.7,9.0,27.0,9.0,10.0,15.0,3.0,28.93,0.0,15.0,9.721,3.0,15.0,3.0,20,2,500
3,66.7,9.0,27.0,9.0,10.0,15.0,3.0,28.93,0.0,15.0,9.721,3.0,15.0,3.0,20,2,1000
2,50.0,6.0,12.0,6.0,5.0,15.0,3.0,10.26,0.0,15.0,7.483,3.0,15.0,3.0,20,3,100
3,66.7,9.0,27.0,9.0,10.0,15.0,3.0,28.93,0.0,15.0,9.721,3.0,15.0,3.0,20,3,150
3,66.7,9.0,27.0,9.0,10.0,15.0,3.0,28.93,0.0,15.0,9.721,3.0,15.0,3.0,20,3,200
3,66.7,9.0,27.0,9.0,10.0,15.0,3.0,28.93,0.0,15.0,9.721,3.0,15.0,3.0,20,3,300
3,66.7,9.0,27.0,9.0,10.0,15.0,3.0,28.93,0.0,15.0,9.721,3.0,15.0,3.0,20,3,500
3,66.7,9.0,27.0,9.0,10.0,15.0,3.0,28.93,0.0,15.0,9.721,3.0,15.0,3.0,20,3,1000
2,50.0,6.0,12.0,6.0,5.0,15.0,3.0,10.26,0.0,15.0,7.483,3.0,15.0,3.0,20,4,100
3,66.7,9.0,27.0,9.0,10.0,15.0,3.0,28.93,0.0,15.0,9.721,3.0,15.0,3.0,20,4,150
3,66.7,9.0,27.0,9.0,10.0,15.0,3.0,28.93,0.0,15.0,9.721,3.0,15.0,3.0,20,4,200
3,66.7,9.0,27.0,9.0,10.0,15.0,3.0,28.93,0.0,15.0,9.721,3.0,15.0,3.0,20,4,300
3,66.7,9.0,27.0,9.0,10.0,15.0,3.0,28.93,0.0,15.0,9.721,3.0,15.0,3.0,20,4,500
3,66.7,9.0,27.0,9.0,10.0,15.0,3.0,28.93,0.0,15.0,9.721,3.0,15.0,3.0,20,4,1000
2,50.0,6.0,12.0,6.0,5.0,15.0,3.0,10.26,0.0,15.0,7.483,3.0,15.0,3.0,20,5,100
3,66.7,9.0,27.0,9.0,10.0,15.0,3.0,28.93,0.0,15.0,9.721,3.0,15.0,3.0,20,5,150
3,66.7,9.0,27.0,9.0,10.0,15.0,3.0,28.93,0.0,15.0,9.721,3.0,15.0,3.0,20,5,200
3,66.7,9.0,27.0,9.0,10.0,15.0,3.0,28.93,0.0,15.0,9.721,3.0,15.0,3.0,20,5,300
3,66.7,9.0,27.0,9.0,10.0,15.0,3.0,28.93,0.0,15.0,9.721,3.0,15.0,3.0,20,5,500
3,66.7,9.0,27.0,9.0,10.0,15.0,3.0,28.93,0.0,15.0,9.721,3.0,15.0,3.0,20,5,1000
2,50.0,6.0,12.0,6.0,5.0,15.0,3.0,10.26,0.0,15.0,7.483,3.0,15.0,3.0,20,7,100
3,66.7,9.0,27.0,9.0,10.0,15.0,3.0,28.93,0.0,15.0,9.721,3.0,15.0,3.0,20,7,150
3,66.7,9.0,27.0,9.0,10.0,15.0,3.0,28.93,0.0,15.0,9.721,3.0,15.0,3.0,20,7,200
3,66.7,9.0,27.0,9.0,10.0,15.0,3.0,28.93,0.0,15.0,9.721,3.0,15.0,3.0,20,7,300
3,66.7,9.0,27.0,9.0,10.0,15.0,3.0,28.93,0.0,15.0,9.721,3.0,15.0,3.0,20,7,500
3,66.7,9.0,27.0,9.0,10.0,15.0,3.0,28.93,0.0,15.0,9.721,3.0,15.0,3.0,20,7,1000
2,100.0,7.764,15.53,7.7645,99.0,7.764,0,10.26,0.0,15.0,12.046,0,15.0,4.0,20,1,100
3,100.0,6.76,20.28,6.76,99.0,6.76,0,9.54,0.0,15.0,10.197,0,15.0,4.0,20,1,150
3,100.0,6.76,20.28,6.76,99.0,6.76,0,9.54,0.0,15.0,10.197,0,15.0,4.0,20,1,200
3,100.0,6.76,20.28,6.76,99.0,6.76,0,9.54,0.0,15.0,10.197,0,15.0,4.0,20,1,300
3,100.0,6.76,20.28,6.76,99.0,6.76,0,9.54,0.0,15.0,10.197,0,15.0,4.0,20,1,500
3,100.0,6.76,20.28,6.76,99.0,6.76,0,9.54,0.0,15.0,10.197,0,15.0,4.0,20,1,1000
2,100.0,7.764,15.53,7.7645,99.0,7.764,0,10.26,0.0,15.0,12.046,0,15.0,4.0,20,2,100
3,100.0,10.176,30.53,10.1763,99.0,10.176,0,28.93,0.0,15.0,13.672,0,15.0,4.0,20,2,150
3,100.0,10.176,30.53,10.1763,99.0,10.176,0,28.93,0.0,15.0,13.672,0,15.0,4.0,20,2,200
3,100.0,10.176,30.53,10.1763,99.0,10.176,0,28.93,0.0,15.0,13.672,0,15.0,4.0,20,2,300
3,100.0,10.176,30.53,10.1763,99.0,10.176,0,28.93,0.0,15.0,13.672,0,15.0,4.0,20,2,500
3,100.0,10.176,30.53,10.1763,99.0,10.176,0,28.93,0.0,15.0,13.672,0,15.0,4.0,20,2,1000
2,50.0,5.5,11.0,5.5,3.75,15.0,4.0,10.26,0.0,15.0,6.499,4.0,15.0,4.0,20,3,100
3,66.7,8.667,26.0,8.6667,7.5,15.0,4.0,28.93,0.0,15.0,8.868,4.0,15.0,4.0,20,3,150
3,66.7,8.667,26.0,8.6667,7.5,15.0,4.0,28.93,0.0,15.0,8.868,4.0,15.0,4.0,20,3,200
3,66.7,8.667,26.0,8.6667,7.5,15.0,4.0,28.93,0.0,15.0,8.868,4.0,15.0,4.0,20,3,300
3,66.7,8.667,26.0,8.6667,7.5,15.0,4.0,28.93,0.0,15.0,8.868,4.0,15.0,4.0,20,3,500
3,66.7,8.667,26.0,8.6667,7.5,15.0,4.0,28.93,0.0,15.0,8.868,4.0,15.0,4.0,20,3,1000
2,50.0,5.5,11.0,5.5,3.75,15.0,4.0,10.26,0.0,15.0,6.499,4.0,15.0,4.0,20,4,100
3,66.7,8.667,26.0,8.6667,7.5,15.0,4.0,28.93,0.0,15.0,8.868,4.0,15.0,4.0,20,4,150
3,66.7,8.667,26.0,8.6667,7.5,15.0,4.0,28.93,0.0,15.0,8.868,4.0,15.0,4.0,20,4,200
3,66.7,8.667,26.0,8.6667,7.5,15.0,4.0,28.93,0.0,15.0,8.868,4.0,15.0,4.0,20,4,300
3,66.7,8.667,26.0,8.6667,7.5,15.0,4.0,28.93,0.0,15.0,8.868,4.0,15.0,4.0,20,4,500
3,66.7,8.667,26.0,8.6667,7.5,15.0,4.0,28.93,0.0,15.0,8.868,4.0,15.0,4.0,20,4,1000
2,50.0,5.5,11.0,5.5,3.75,15.0,4.0,10.26,0.0,15.0,6.499,4.0,15.0,4.0,20,5,100
3,66.7,8.667,26.0,8.6667,7.5,15.0,4.0,28.93,0.0,15.0,8.868,4.0,15.0,4.0,20,5,150
3,66.7,8.667,26.0,8.6667,7.5,15.0,4.0,28.93,0.0,15.0,8.868,4.0,15.0,4.0,20,5,200
3,66.7,8.667,26.0,8.6667,7.5,15.0,4.0,28.93,0.0,15.0,8.868,4.0,15.0,4.0,20,5,300
3,66.7,8.667,26.0,8.6667,7.5,15.0,4.0,28.93,0.0,15.0,8.868,4.0,15.0,4.0,20,5,500
3,66.7,8.667,26.0,8.6667,7.5,15.0,4.0,28.93,0.0,15.0,8.868,4.0,15.0,4.0,20,5,1000
2,50.0,5.5,11.0,5.5,3.75,15.0,4.0,10.26,0.0,15.0,6.499,4.0,15.0,4.0,20,7,100
3,66.7,8.667,26.0,8.6667,7.5,15.0,4.0,28.93,0.0,15.0,8.868,4.0,15.0,4.0,20,7,150
3,66.7,8.667,26.0,8.6667,7.5,15.0,4.0,28.93,0.0,15.0,8.868,4.0,15.0,4.0,20,7,200
3,66.7,8.667,26.0,8.6667,7.5,15.0,4.0,28.93,0.0,15.0,8.868,4.0,15.0,4.0,20,7,300
3,66.7,8.667,26.0,8.6667,7.5,15.0,4.0,28.93,0.0,15.0,8.868,4.0,15.0,4.0,20,7,500
3,66.7,8.667,26.0,8.6667,7.5,15.0,4.0,28.93,0.0,15.0,8.868,4.0,15.0,4.0,20,7,1000
2,100.0,7.764,15.53,7.7645,99.0,7.764,0,10.26,0.0,15.0,12.046,0,15.0,5.0,20,1,100
3,100.0,6.76,20.28,6.76,99.0,6.76,0,9.54,0.0,15.0,10.197,0,15.0,5.0,20,1,150
3,100.0,6.76,20.28,6.76,99.0,6.76,0,9.54,0.0,15.0,10.197,0,15.0,5.0,20,1,200
3,100.0,6.76,20.28,6.76,99.0,6.76,0,9.54,0.0,15.0,10.197,0,15.0,5.0,20,1,300
3,100.0,6.76,20.28,6.76,99.0,6.76,0,9.54,0.0,15.0,10.197,0,15.0,5.0,20,1,500
3,100.0,6.76,20.28,6.76,99.0,6.76,0,9.54,0.0,15.0,10.197,0,15.0,5.0,20,1,1000
2,100.0,7.764,15.53,7.7645,99.0,7.764,0,10.26,0.0,15.0,12.046,0,15.0,5.0,20,2,100
3,100.0,10.176,30.53,10.1763,99.0,10.176,0,28.93,0.0,15.0,13.672,0,15.0,5.0,20,2,150
3,100.0,10.176,30.53,10.1763,99.0,10.176,0,28.93,0.0,15.0,13.672,0,15.0,5.0,20,2,200
3,100.0,10.176,30.53,10.1763,99.0,10.176,0,28.93,0.0,15.0,13.672,0,15.0,5.0,20,2,300
3,100.0,10.176,30.53,10.1763,99.0,10.176,0,28.93,0.0,15.0,13.672,0,15.0,5.0,20,2,500
3,100.0,10.176,30.53,10.1763,99.0,10.176,0,28.93,0.0,15.0,13.672,0,15.0,5.0,20,2,1000
2,50.0,5.0,10.0,5.0,3.0,15.0,5.0,10.26,0.0,15.0,5.612,5.0,15.0,5.0,20,3,100
3,66.7,8.333,25.0,8.3333,6.0,15.0,5.0,28.93,0.0,15.0,8.101,5.0,15.0,5.0,20,3,150
3,66.7,8.333,25.0,8.3333,6.0,15.0,5.0,28.93,0.0,15.0,8.101,5.0,15.0,5.0,20,3,200
3,66.7,8.333,25.0,8.3333,6.0,15.0,5.0,28.93,0.0,15.0,8.101,5.0,15.0,5.0,20,3,300
3,66.7,8.333,25.0,8.3333,6.0,15.0,5.0,28.93,0.0,15.0,8.101,5.0,15.0,5.0,20,3,500
3,66.7,8.333,25.0,8.3333,6.0,15.0,5.0,28.93,0.0,15.0,8.101,5.0,15.0,5.0,20,3,1000
2,50.0,5.0,10.0,5.0,3.0,15.0,5.0,10.26,0.0,15.0,5.612,5.0,15.0,5.0,20,4,100
3,66.7,8.333,25.0,8.3333,6.0,15.0,5.0,28.93,0.0,15.0,8.101,5.0,15.0,5.0,20,4,150
3,66.7,8.333,25.0,8.3333,6.0,15.0,5.0,28.93,0.0,15.0,8.101,5.0,15.0,5.0,20,4,200
3,66.7,8.333,25.0,8.3333,6.0,15.0,5.0,28.93,0.0,15.0,8.101,5.0,15.0,5.0,20,4,300
3,66.7,8.333,25.0,8.3333,6.0,15.0,5.0,28.93,0.0,15.0,8.101,5.0,15.0,5.0,20,4,500
3,66.7,8.333,25.0,8.3333,6.0,15.0,5.0,28.93,0.0,15.0,8.101,5.0,15.0,5.0,20,4,1000
2,50.0,5.0,10.0,5.0,3.0,15.0,5.0,10.26,0.0,15.0,5.612,5.0,15.0,5.0,20,5,100
3,66.7,8.333,25.0,8.3333,6.0,15.0,5.0,28.93,0.0,15.0,8.101,5.0,15.0,5.0,20,5,150
3,66.7,8.333,25.0,8.3333,6.0,15.0,5.0,28.93,0.0,15.0,8.101,5.0,15.0,5.0,20,5,200
3,66.7,8.333,25.0,8.3333,6.0,15.0,5.0,28.93,0.0,15.0,8.101,5.0,15.0,5.0,20,5,300
3,66.7,8.333,25.0,8.3333,6.0,15.0,5.0,28.93,0.0,15.0,8.101,5.0,15.0,5.0,20,5,500
3,66.7,8.333,25.0,8.3333,6.0,15.0,5.0,28.93,0.0,15.0,8.101,5.0,15.0,5.0,20,5,1000
2,50.0,5.0,10.0,5.0,3.0,15.0,5.0,10.26,0.0,15.0,5.612,5.0,15.0,5.0,20,7,100
3,66.7,8.333,25.0,8.3333,6.0,15.0,5.0,28.93,0.0,15.0,8.101,5.0,15.0,5.0,20,7,150
3,66.7,8.333,25.0,8.3333,6.0,15.0,5.0,28.93,0.0,15.0,8.101,5.0,15.0,5.0,20,7,200
3,66.7,8.333,25.0,8.3333,6.0,15.0,5.0,28.93,0.0,15.0,8.101,5.0,15.0,5.0,20,7,300
3,66.7,8.333,25.0,8.3333,6.0,15.0,5.0,28.93,0.0,15.0,8.101,5.0,15.0,5.0,20,7,500
3,66.7,8.333,25.0,8.3333,6.0,15.0,5.0,28.93,0.0,15.0,8.101,5.0,15.0,5.0,20,7,1000
2,100.0,7.764,15.53,7.7645,99.0,7.764,0,10.26,0.0,15.0,12.046,0,15.0,6.0,20,1,100
3,100.0,6.76,20.28,6.76,99.0,6.76,0,9.54,0.0,15.0,10.197,0,15.0,6.0,20,1,150
3,100.0,6.76,20.28,6.76,99.0,6.76,0,9.54,0.0,15.0,10.197,0,15.0,6.0,20,1,200
3,100.0,6.76,20.28,6.76,99.0,6.76,0,9.54,0.0,15.0,10.197,0,15.0,6.0,20,1,300
3,100.0,6.76,20.28,6.76,99.0,6.76,0,9.54,0.0,15.0,10.197,0,15.0,6.0,20,1,500
3,100.0,6.76,20.28,6.76,99.0,6.76,0,9.54,0.0,15.0,10.197,0,15.0,6.0,20,1,1000
2,100.0,7.764,15.53,7.7645,99.0,7.764,0,10.26,0.0,15.0,12.046,0,15.0,6.0,20,2,100
3,100.0,10.176,30.53,10.1763,99.0,10.176,0,28.93,0.0,15.0,13.672,0,15.0,6.0,20,2,150
3,100.0,10.176,30.53,10.1763,99.0,10.176,0,28.93,0.0,15.0,13.672,0,15.0,6.0,20,2,200
3,100.0,10.176,30.53,10.1763,99.0,10.176,0,28.93,0.0,15.0,13.672,0,15.0,6.0,20,2,300
3,100.0,10.176,30.53,10.1763,99.0,10.176,0,28.93,0.0,15.0,13.672,0,15.0,6.0,20,2,500
3,100.0,10.176,30.53,10.1763,99.0,10.176,0,28.93,0.0,15.0,13.672,0,15.0,6.0,20,2,1000
2,50.0,4.5,9.0,4.5,2.5,15.0,6.0,10.26,0.0,15.0,4.811,6.0,15.0,6.0,20,3,100
3,66.7,8.0,24.0,8.0,5.0,15.0,6.0,28.93,0.0,15.0,7.407,6.0,15.0,6.0,20,3,150
3,66.7,8.0,24.0,8.0,5.0,15.0,6.0,28.93,0.0,15.0,7.407,6.0,15.0,6.0,20,3,200
3,66.7,8.0,24.0,8.0,5.0,15.0,6.0,28.93,0.0,15.0,7.407,6.0,15.0,6.0,20,3,300
3,66.7,8.0,24.0,8.0,5.0,15.0,6.0,28.93,0.0,15.0,7.407,6.0,15.0,6.0,20,3,500
3,66.7,8.0,24.0,8.0,5.0,15.0,6.0,28.93,0.0,15.0,7.407,6.0,15.0,6.0,20,3,1000
2,50.0,4.5,9.0,4.5,2.5,15.0,6.0,10.26,0.0,15.0,4.811,6.0,15.0,6.0,20,4,100
3,66.7,8.0,24.0,8.0,5.0,15.0,6.0,28.93,0.0,15.0,7.407,6.0,15.0,6.0,20,4,150
3,66.7,8.0,24.0,8.0,5.0,15.0,6.0,28.93,0.0,15.0,7.407,6.0,15.0,6.0,20,4,200
3,66.7,8.0,24.0,8.0,5.0,15.0,6.0,28.93,0.0,15.0,7.407,6.0,15.0,6.0,20,4,300
3,66.7,8.0,24.0,8.0,5.0,15.0,6.0,28.93,0.0,15.0,7.407,6.0,15.0,6.0,20,4,500
3,66.7,8.0,24.0,8.0,5.0,15.0,6.0,28.93,0.0,15.0,7.407,6.0,15.0,6.0,20,4,1000
2,50.0,4.5,9.0,4.5,2.5,15.0,6.0,10.26,0.0,15.0,4.811,6.0,15.0,6.0,20,5,100
3,66.7,8.0,24.0,8.0,5.0,15.0,6.0,28.93,0.0,15.0,7.407,6.0,15.0,6.0,20,5,150
3,66.7,8.0,24.0,8.0,5.0,15.0,6.0,28.93,0.0,15.0,7.407,6.0,15.0,6.0,20,5,200
3,66.7,8.0,24.0,8.0,5.0,15.0,6.0,28.93,0.0,15.0,7.407,6.0,15.0,6.0,20,5,300
3,66.7,8.0,24.0,8.0,5.0,15.0,6.0,28.93,0.0,15.0,7.407,6.0,15.0,6.0,20,5,500
3,66.7,8.0,24.0,8.0,5.0,15.0,6.0,28.93,0.0,15.0,7.407,6.0,15.0,6.0,20,5,1000
2,50.0,4.5,9.0,4.5,2.5,15.0,6.0,10.26,0.0,15.0,4.811,6.0,15.0,6.0,20,7,100
3,66.7,8.0,24.0,8.0,5.0,15.0,6.0,28.93,0.0,15.0,7.407,6.0,15.0,6.0,20,7,150
3,66.7,8.0,24.0,8.0,5.0,15.0,6.0,28.93,0.0,15.0,7.407,6.0,15.0,6.0,20,7,200
3,66.7,8.0,24.0,8.0,5.0,15.0,6.0,28.93,0.0,15.0,7.407,6.0,15.0,6.0,20,7,300
3,66.7,8.0,24.0,8.0,5.0,15.0,6.0,28.93,0.0,15.0,7.407,6.0,15.0,6.0,20,7,500
3,66.7,8.0,24.0,8.0,5.0,15.0,6.0,28.93,0.0,15.0,7.407,6.0,15.0,6.0,20,7,1000
2,50.0,9.0,18.0,9.0,10.0,20.0,2.0,10.26,0.0,20.0,9.184,2.0,20.0,2.0,20,1,100
3,66.7,7.584,22.75,7.5837,12.376,12.376,2.0,9.54,0.0,20.0,7.553,2.0,20.0,2.0,20,1,150
3,66.7,7.584,22.75,7.5837,12.376,12.376,2.0,9.54,0.0,20.0,7.553,2.0,20.0,2.0,20,1,200
3,66.7,7.584,22.75,7.5837,12.376,12.376,2.0,9.54,0.0,20.0,7.553,2.0,20.0,2.0,20,1,300
3,66.7,7.584,22.75,7.5837,12.376,12.376,2.0,9.54,0.0,20.0,7.553,2.0,20.0,2.0,20,1,500
3,66.7,7.584,22.75,7.5837,12.376,12.376,2.0,9.54,0.0,20.0,7.553,2.0,20.0,2.0,20,1,1000
2,50.0,9.0,18.0,9.0,10.0,20.0,2.0,10.26,0.0,20.0,9.184,2.0,20.0,2.0,20,2,100
3,66.7,12.667,38.0,12.6667,20.0,20.0,2.0,28.93,0.0,20.0,11.194,2.0,20.0,2.0,20,2,150
3,66.7,12.667,38.0,12.6667,20.0,20.0,2.0,28.93,0.0,20.0,11.194,2.0,20.0,2.0,20,2,200
3,66.7,12.667,38.0,12.6667,20.0,20.0,2.0,28.93,0.0,20.0,11.194,2.0,20.0,2.0,20,2,300
3,66.7,12.667,38.0,12.6667,20.0,20.0,2.0,28.93,0.0,20.0,11.194,2.0,20.0,2.0,20,2,500
3,66.7,12.667,38.0,12.6667,20.0,20.0,2.0,28.93,0.0,20.0,11.194,2.0,20.0,2.0,20,2,1000
2,50.0,9.0,18.0,9.0,10.0,20.0,2.0,10.26,0.0,20.0,9.184,2.0,20.0,2.0,20,3,100
3,66.7,12.667,38.0,12.6667,20.0,20.0,2.0,28.93,0.0,20.0,11.194,2.0,20.0,2.0,20,3,150
3,66.7,12.667,38.0,12.6667,20.0,20.0,2.0,28.93,0.0,20.0,11.194,2.0,20.0,2.0,20,3,200
3,66.7,12.667,38.0,12.6667,20.0,20.0,2.0,28.93,0.0,20.0,11.194,2.0,20.0,2.0,20,3,300
3,66.7,12.667,38.0,12.6667,20.0,20.0,2.0,28.93,0.0,20.0,11.194,2.0,20.0,2.0,20,3,500
3,66.7,12.667,38.0,12.6667,20.0,20.0,2.0,28.93,0.0,20.0,11.194,2.0,20.0,2.0,20,3,1000
2,50.0,9.0,18.0,9.0,10.0,20.0,2.0,10.26,0.0,20.0,9.184,2.0,20.0,2.0,20,4,100
3,66.7,12.667,38.0,12.6667,20.0,20.0,2.0,28.93,0.0,20.0,11.194,2.0,20.0,2.0,20,4,150
3,66.7,12.667,38.0,12.6667,20.0,20.0,2.0,28.93,0.0,20.0,11.194,2.0,20.0,2.0,20,4,200
3,66.7,12.667,38.0,12.6667,20.0,20.0,2.0,28.93,0.0,20.0,11.194,2.0,20.0,2.0,20,4,300
3,66.7,12.667,38.0,12.6667,20.0,20.0,2.0,28.93,0.0,20.0,11.194,2.0,20.0,2.0,20,4,500
3,66.7,12.667,38.0,12.6667,20.0,20.0,2.0,28.93,0.0,20.0,11.194,2.0,20.0,2.0,20,4,1000
2,50.0,9.0,18.0,9.0,10.0,20.0,2.0,10.26,0.0,20.0,9.184,2.0,20.0,2.0,20,5,100
3,66.7,12.667,38.0,12.6667,20.0,20.0,2.0,28.93,0.0,20.0,11.194,2.0,20.0,2.0,20,5,150
3,66.7,12.667,38.0,12.6667,20.0,20.0,2.0,28.93,0.0,20.0,11.194,2.0,20.0,2.0,20,5,200
3,66.7,12.667,38.0,12.6667,20.0,20.0,2.0,28.93,0.0,20.0,11.194,2.0,20.0,2.0,20,5,300
3,66.7,12.667,38.0,12.6667,20.0,20.0,2.0,28.93,0.0,20.0,11.194,2.0,20.0,2.0,20,5,500
3,66.7,12.667,38.0,12.6667,20.0,20.0,2.0,28.93,0.0,20.0,11.194,2.0,20.0,2.0,20,5,1000
2,50.0,9.0,18.0,9.0,10.0,20.0,2.0,10.26,0.0,20.0,9.184,2.0,20.0,2.0,20,7,100
3,66.7,12.667,38.0,12.6667,20.0,20.0,2.0,28.93,0.0,20.0,11.194,2.0,20.0,2.0,20,7,150
3,66.7,12.667,38.0,12.6667,20.0,20.0,2.0,28.93,0.0,20.0,11.194,2.0,20.0,2.0,20,7,200
3,66.7,12.667,38.0,12.6667,20.0,20.0,2.0,28.93,0.0,20.0,11.194,2.0,20.0,2.0,20,7,300
3,66.7,12.667,38.0,12.6667,20.0,20.0,2.0,28.93,0.0,20.0,11.194,2.0,20.0,2.0,20,7,500
3,66.7,12.667,38.0,12.6667,20.0,20.0,2.0,28.93,0.0,20.0,11.194,2.0,20.0,2.0,20,7,1000
2,50.0,8.5,17.0,8.5,6.667,20.0,3.0,10.26,0.0,20.0,8.297,3.0,20.0,3.0,20,1,100
3,66.7,7.25,21.75,7.2503,8.25,12.376,3.0,9.54,0.0,20.0,6.955,3.0,20.0,3.0,20,1,150
3,66.7,7.25,21.75,7.2503,8.25,12.376,3.0,9.54,0.0,20.0,6.955,3.0,20.0,3.0,20,1,200
3,66.7,7.25,21.75,7.2503,8.25,12.376,3.0,9.54,0.0,20.0,6.955,3.0,20.0,3.0,20,1,300
3,66.7,7.25,21.75,7.2503,8.25,12.376,3.0,9.54,0.0,20.0,6.955,3.0,20.0,3.0,20,1,500
3,66.7,7.25,21.75,7.2503,8.25,12.376,3.0,9.54,0.0,20.0,6.955,3.0,20.0,3.0,20,1,1000
2,50.0,8.5,17.0,8.5,6.667,20.0,3.0,10.26,0.0,20.0,8.297,3.0,20.0,3.0,20,2,100
3,66.7,12.333,37.0,12.3333,13.333,20.0,3.0,28.93,0.0,20.0,10.426,3.0,20.0,3.0,20,2,150
3,66.7,12.333,37.0,12.3333,13.333,20.0,3.0,28.93,0.0,20.0,10.426,3.0,20.0,3.0,20,2,200
3,66.7,12.333,37.0,12.3333,13.333,20.0,3.0,28.93,0.0,20.0,10.426,3.0,20.0,3.0,20,2,300
3,66.7,12.333,37.0,12.3333,13.333,20.0,3.0,28.93,0.0,20.0,10.426,3.0,20.0,3.0,20,2,500
3,66.7,12.333,37.0,12.3333,13.333,20.0,3.0,28.93,0.0,20.0,10.426,3.0,20.0,3.0,20,2,1000
2,50.0,8.5,17.0,8.5,6.667,20.0,3.0,10.26,0.0,20.0,8.297,3.0,20.0,3.0,20,3,100
3,66.7,12.333,37.0,12.3333,13.333,20.0,3.0,28.93,0.0,20.0,10.426,3.0,20.0,3.0,20,3,150
3,66.7,12.333,37.0,12.3333,13.333,20.0,3.0,28.93,0.0,20.0,10.426,3.0,20.0,3.0,20,3,200
3,66.7,12.333,37.0,12.3333,13.333,20.0,3.0,28.93,0.0,20.0,10.426,3.0,20.0,3.0,20,3,300
3,66.7,12.333,37.0,12.3333,13.333,20.0,3.0,28.93,0.0,20.0,10.426,3.0,20.0,3.0,20,3,500
3,66.7,12.333,37.0,12.3333,13.333,20.0,3.0,28.93,0.0,20.0,10.426,3.0,20.0,3.0,20,3,1000
2,50.0,8.5,17.0,8.5,6.667,20.0,3.0,10.26,0.0,20.0,8.297,3.0,20.0,3.0,20,4,100
3,66.7,12.333,37.0,12.3333,13.333,20.0,3.0,28.93,0.0,20.0,10.426,3.0,20.0,3.0,20,4,150
3,66.7,12.333,37.0,12.3333,13.333,20.0,3.0,28.93,0.0,20.0,10.426,3.0,20.0,3.0,20,4,200
3,66.7,12.333,37.0,12.3333,13.333,20.0,3.0,28.93,0.0,20.0,10.426,3.0,20.0,3.0,20,4,300
3,66.7,12.333,37.0,12.3333,13.333,20.0,3.0,28.93,0.0,20.0,10.426,3.0,20.0,3.0,20,4,500
3,66.7,12.333,37.0,12.3333,13.333,20.0,3.0,28.93,0.0,20.0,10.426,3.0,20.0,3.0,20,4,1000
2,50.0,8.5,17.0,8.5,6.667,20.0,3.0,10.26,0.0,20.0,8.297,3.0,20.0,3.0,20,5,100
3,66.7,12.333,37.0,12.3333,13.333,20.0,3.0,28.93,0.0,20.0,10.426,3.0,20.0,3.0,20,5,150
3,66.7,12.333,37.0,12.3333,13.333,20.0,3.0,28.93,0.0,20.0,10.426,3.0,20.0,3.0,20,5,200
3,66.7,12.333,37.0,12.3333,13.333,20.0,3.0,28.93,0.0,20.0,10.426,3.0,20.0,3.0,20,5,300
3,66.7,12.333,37.0,12.3333,13.333,20.0,3.0,28.93,0.0,20.0,10.426,3.0,20.0,3.0,20,5,500
3,66.7,12.333,37.0,12.3333,13.333,20.0,3.0,28.93,0.0,20.0,10.426,3.0,20.0,3.0,20,5,1000
2,50.0,8.5,17.0,8.5,6.667,20.0,3.0,10.26,0.0,20.0,8.297,3.0,20.0,3.0,20,7,100
3,66.7,12.333,37.0,12.3333,13.333,20.0,3.0,28.93,0.0,20.0,10.426,3.0,20.0,3.0,20,7,150
3,66.7,12.333,37.0,12.3333,13.333,20.0,3.0,28.93,0.0,20.0,10.426,3.0,20.0,3.0,20,7,200
3,66.7,12.333,37.0,12.3333,13.333,20.0,3.0,28.93,0.0,20.0,10.426,3.0,20.0,3.0,20,7,300
3,66.7,12.333,37.0,12.3333,13.333,20.0,3.0,28.93,0.0,20.0,10.426,3.0,20.0,3.0,20,7,500
3,66.7,12.333,37.0,12.3333,13.333,20.0,3.0,28.93,0.0,20.0,10.426,3.0,20.0,3.0,20,7,1000
2,100.0,10.264,20.53,10.2645,99.0,10.264,0,10.26,0.0,20.0,11.835,0,20.0,4.0,20,1,100
3,100.0,8.427,25.28,8.4267,99.0,8.427,0,9.54,0.0,20.0,9.235,0,20.0,4.0,20,1,150
3,100.0,8.427,25.28,8.4267,99.0,8.427,0,9.54,0.0,20.0,9.235,0,20.0,4.0,20,1,200
3,100.0,8.427,25.28,8.4267,99.0,8.427,0,9.54,0.0,20.0,9.235,0,20.0,4.0,20,1,300
3,100.0,8.427,25.28,8.4267,99.0,8.427,0,9.54,0.0,20.0,9.235,0,20.0,4.0,20,1,500
3,100.0,8.427,25.28,8.4267,99.0,8.427,0,9.54,0.0,20.0,9.235,0,20.0,4.0,20,1,1000
2,100.0,10.264,20.53,10.2645,99.0,10.264,0,10.26,0.0,20.0,11.835,0,20.0,4.0,20,2,100
3,100.0,13.51,40.53,13.5097,99.0,13.51,0,28.93,0.0,20.0,13.49,0,20.0,4.0,20,2,150
3,100.0,13.51,40.53,13.5097,99.0,13.51,0,28.93,0.0,20.0,13.49,0,20.0,4.0,20,2,200
3,100.0,13.51,40.53,13.5097,99.0,13.51,0,28.93,0.0,20.0,13.49,0,20.0,4.0,20,2,300
3,100.0,13.51,40.53,13.5097,99.0,13.51,0,28.93,0.0,20.0,13.49,0,20.0,4.0,20,2,500
3,100.0,13.51,40.53,13.5097,99.0,13.51,0,28.93,0.0,20.0,13.49,0,20.0,4.0,20,2,1000
2,50.0,8.0,16.0,8.0,5.0,20.0,4.0,10.26,0.0,20.0,7.483,4.0,20.0,4.0,20,3,100
3,66.7,12.0,36.0,12.0,10.0,20.0,4.0,28.93,0.0,20.0,9.721,4.0,20.0,4.0,20,3,150
3,66.7,12.0,36.0,12.0,10.0,20.0,4.0,28.93,0.0,20.0,9.721,4.0,20.0,4.0,20,3,200
3,66.7,12.0,36.0,12.0,10.0,20.0,4.0,28.93,0.0,20.0,9.721,4.0,20.0,4.0,20,3,300
3,66.7,12.0,36.0,12.0,10.0,20.0,4.0,28.93,0.0,20.0,9.721,4.0,20.0,4.0,20,3,500
3,66.7,12.0,36.0,12.0,10.0,20.0,4.0,28.93,0.0,20.0,9.721,4.0,20.0,4.0,20,3,1000
2,50.0,8.0,16.0,8.0,5.0,20.0,4.0,10.26,0.0,20.0,7.483,4.0,20.0,4.0,20,4,100
3,66.7,12.0,36.0,12.0,10.0,20.0,4.0,28.93,0.0,20.0,9.721,4.0,20.0,4.0,20,4,150
3,66.7,12.0,36.0,12.0,10.0,20.0,4.0,28.93,0.0,20.0,9.721,4.0,20.0,4.0,20,4,200
3,66.7,12.0,36.0,12.0,10.0,20.0,4.0,28.93,0.0,20.0,9.721,4.0,20.0,4.0,20,4,300
3,66.7,12.0,36.0,12.0,10.0,20.0,4.0,28.93,0.0,20.0,9.721,4.0,20.0,4.0,20,4,500
3,66.7,12.0,36.0,12.0,10.0,20.0,4.0,28.93,0.0,20.0,9.721,4.0,20.0,4.0,20,4,1000
2,50.0,8.0,16.0,8.0,5.0,20.0,4.0,10.26,0.0,20.0,7.483,4.0,20.0,4.0,20,5,100
3,66.7,12.0,36.0,12.0,10.0,20.0,4.0,28.93,0.0,20.0,9.721,4.0,20.0,4.0,20,5,150
3,66.7,12.0,36.0,12.0,10.0,20.0,4.0,28.93,0.0,20.0,9.721,4.0,20.0,4.0,20,5,200
3,66.7,12.0,36.0,12.0,10.0,20.0,4.0,28.93,0.0,20.0,9.721,4.0,20.0,4.0,20,5,300
3,66.7,12.0,36.0,12.0,10.0,20.0,4.0,28.93,0.0,20.0,9.721,4.0,20.0,4.0,20,5,500
3,66.7,12.0,36.0,12.0,10.0,20.0,4.0,28.93,0.0,20.0,9.721,4.0,20.0,4.0,20,5,1000
2,50.0,8.0,16.0,8.0,5.0,20.0,4.0,10.26,0.0,20.0,7.483,4.0,20.0,4.0,20,7,100
3,66.7,12.0,36.0,12.0,10.0,20.0,4.0,28.93,0.0,20.0,9.721,4.0,20.0,4.0,20,7,150
3,66.7,12.0,36.0,12.0,10.0,20.0,4.0,28.93,0.0,20.0,9.721,4.0,20.0,4.0,20,7,200
3,66.7,12.0,36.0,12.0,10.0,20.0,4.0,28.93,0.0,20.0,9.721,4.0,20.0,4.0,20,7,300
3,66.7,12.0,36.0,12.0,10.0,20.0,4.0,28.93,0.0,20.0,9.721,4.0,20.0,4.0,20,7,500
3,66.7,12.0,36.0,12.0,10.0,20.0,4.0,28.93,0.0,20.0,9.721,4.0,20.0,4.0,20,7,1000
2,100.0,10.264,20.53,10.2645,99.0,10.264,0,10.26,0.0,20.0,11.835,0,20.0,5.0,20,1,100
3,100.0,8.427,25.28,8.4267,99.0,8.427,0,9.54,0.0,20.0,9.235,0,20.0,5.0,20,1,150
3,100.0,8.427,25.28,8.4267,99.0,8.427,0,9.54,0.0,20.0,9.235,0,20.0,5.0,20,1,200
3,100.0,8.427,25.28,8.4267,99.0,8.427,0,9.54,0.0,20.0,9.235,0,20.0,5.0,20,1,300
3,100.0,8.427,25.28,8.4267,99.0,8.427,0,9.54,0.0,20.0,9.235,0,20.0,5.0,20,1,500
3,100.0,8.427,25.28,8.4267,99.0,8.427,0,9.54,0.0,20.0,9.235,0,20.0,5.0,20,1,1000
2,100.0,10.264,20.53,10.2645,99.0,10.264,0,10.26,0.0,20.0,11.835,0,20.0,5.0,20,2,100
3,100.0,13.51,40.53,13.5097,99.0,13.51,0,28.93,0.0,20.0,13.49,0,20.0,5.0,20,2,150
3,100.0,13.51,40.53,13.5097,99.0,13.51,0,28.93,0.0,20.0,13.49,0,20.0,5.0,20,2,200
3,100.0,13.51,40.53,13.5097,99.0,13.51,0,28.93,0.0,20.0,13.49,0,20.0,5.0,20,2,300
3,100.0,13.51,40.53,13.5097,99.0,13.51,0,28.93,0.0,20.0,13.49,0,20.0,5.0,20,2,500
3,100.0,13.51,40.53,13.5097,99.0,13.51,0,28.93,0.0,20.0,13.49,0,20.0,5.0,20,2,1000
2,50.0,7.5,15.0,7.5,4.0,20.0,5.0,10.26,0.0,20.0,6.735,5.0,20.0,5.0,20,3,100
3,66.7,11.667,35.0,11.6667,8.0,20.0,5.0,28.93,0.0,20.0,9.073,5.0,20.0,5.0,20,3,150
3,66.7,11.667,35.0,11.6667,8.0,20.0,5.0,28.93,0.0,20.0,9.073,5.0,20.0,5.0,20,3,200
3,66.7,11.667,35.0,11.6667,8.0,20.0,5.0,28.93,0.0,20.0,9.073,5.0,20.0,5.0,20,3,300
3,66.7,11.667,35.0,11.6667,8.0,20.0,5.0,28.93,0.0,20.0,9.073,5.0,20.0,5.0,20,3,500
3,66.7,11.667,35.0,11.6667,8.0,20.0,5.0,28.93,0.0,20.0,9.073,5.0,20.0,5.0,20,3,1000
2,50.0,7.5,15.0,7.5,4.0,20.0,5.0,10.26,0.0,20.0,6.735,5.0,20.0,5.0,20,4,100
3,66.7,11.667,35.0,11.6667,8.0,20.0,5.0,28.93,0.0,20.0,9.073,5.0,20.0,5.0,20,4,150
3,66.7,11.667,35.0,11.6667,8.0,20.0,5.0,28.93,0.0,20.0,9.073,5.0,20.0,5.0,20,4,200
3,66.7,11.667,35.0,11.6667,8.0,20.0,5.0,28.93,0.0,20.0,9.073,5.0,20.0,5.0,20,4,300
3,66.7,11.667,35.0,11.6667,8.0,20.0,5.0,28.93,0.0,20.0,9.073,5.0,20.0,5.0,20,4,500
3,66.7,11.667,35.0,11.6667,8.0,20.0,5.0,28.93,0.0,20.0,9.073,5.0,20.0,5.0,20,4,1000
2,50.0,7.5,15.0,7.5,4.0,20.0,5.0,10.26,0.0,20.0,6.735,5.0,20.0,5.0,20,5,100
3,66.7,11.667,35.0,11.6667,8.0,20.0,5.0,28.93,0.0,20.0,9.073,5.0,20.0,5.0,20,5,150
3,66.7,11.667,35.0,11.6667,8.0,20.0,5.0,28.93,0.0,20.0,9.073,5.0,20.0,5.0,20,5,200
3,66.7,11.667,35.0,11.6667,8.0,20.0,5.0,28.93,0.0,20.0,9.073,5.0,20.0,5.0,20,5,300
3,66.7,11.667,35.0,11.6667,8.0,20.0,5.0,28.93,0.0,20.0,9.073,5.0,20.0,5.0,20,5,500
3,66.7,11.667,35.0,11.6667,8.0,20.0,5.0,28.93,0.0,20.0,9.073,5.0,20.0,5.0,20,5,1000
2,50.0,7.5,15.0,7.5,4.0,20.0,5.0,10.26,0.0,20.0,6.735,5.0,20.0,5.0,20,7,100
3,66.7,11.667,35.0,11.6667,8.0,20.0,5.0,28.93,0.0,20.0,9.073,5.0,20.0,5.0,20,7,150
3,66.7,11.667,35.0,11.6667,8.0,20.0,5.0,28.93,0.0,20.0,9.073,5.0,20.0,5.0,20,7,200
3,66.7,11.667,35.0,11.6667,8.0,20.0,5.0,28.93,0.0,20.0,9.073,5.0,20.0,5.0,20,7,300
3,66.7,11.667,35.0,11.6667,8.0,20.0,5.0,28.93,0.0,20.0,9.073,5.0,20.0,5.0,20,7,500
3,66.7,11.667,35.0,11.6667,8.0,20.0,5.0,28.93,0.0,20.0,9.073,5.0,20.0,5.0,20,7,1000
2,100.0,10.264,20.53,10.2645,99.0,10.264,0,10.26,0.0,20.0,11.835,0,20.0,6.0,20,1,100
3,100.0,8.427,25.28,8.4267,99.0,8.427,0,9.54,0.0,20.0,9.235,0,20.0,6.0,20,1,150
3,100.0,8.427,25.28,8.4267,99.0,8.427,0,9.54,0.0,20.0,9.235,0,20.0,6.0,20,1,200
3,100.0,8.427,25.28,8.4267,99.0,8.427,0,9.54,0.0,20.0,9.235,0,20.0,6.0,20,1,300
3,100.0,8.427,25.28,8.4267,99.0,8.427,0,9.54,0.0,20.0,9.235,0,20.0,6.0,20,1,500
3,100.0,8.427,25.28,8.4267,99.0,8.427,0,9.54,0.0,20.0,9.235,0,20.0,6.0,20,1,1000
2,100.0,10.264,20.53,10.2645,99.0,10.264,0,10.26,0.0,20.0,11.835,0,20.0,6.0,20,2,100
3,100.0,13.51,40.53,13.5097,99.0,13.51,0,28.93,0.0,20.0,13.49,0,20.0,6.0,20,2,150
3,100.0,13.51,40.53,13.5097,99.0,13.51,0,28.93,0.0,20.0,13.49,0,20.0,6.0,20,2,200
3,100.0,13.51,40.53,13.5097,99.0,13.51,0,28.93,0.0,20.0,13.49,0,20.0,6.0,20,2,300
3,100.0,13.51,40.53,13.5097,99.0,13.51,0,28.93,0.0,20.0,13.49,0,20.0,6.0,20,2,500
3,100.0,13.51,40.53,13.5097,99.0,13.51,0,28.93,0.0,20.0,13.49,0,20.0,6.0,20,2,1000
2,50.0,7.0,14.0,7.0,3.333,20.0,6.0,10.26,0.0,20.0,6.044,6.0,20.0,6.0,20,3,100
3,66.7,11.333,34.0,11.3333,6.667,20.0,6.0,28.93,0.0,20.0,8.475,6.0,20.0,6.0,20,3,150
3,66.7,11.333,34.0,11.3333,6.667,20.0,6.0,28.93,0.0,20.0,8.475,6.0,20.0,6.0,20,3,200
3,66.7,11.333,34.0,11.3333,6.667,20.0,6.0,28.93,0.0,20.0,8.475,6.0,20.0,6.0,20,3,300
3,66.7,11.333,34.0,11.3333,6.667,20.0,6.0,28.93,0.0,20.0,8.475,6.0,20.0,6.0,20,3,500
3,66.7,11.333,34.0,11.3333,6.667,20.0,6.0,28.93,0.0,20.0,8.475,6.0,20.0,6.0,20,3,1000
2,50.0,7.0,14.0,7.0,3.333,20.0,6.0,10.26,0.0,20.0,6.044,6.0,20.0,6.0,20,4,100
3,66.7,11.333,34.0,11.3333,6.667,20.0,6.0,28.93,0.0,20.0,8.475,6.0,20.0,6.0,20,4,150
3,66.7,11.333,34.0,11.3333,6.667,20.0,6.0,28.93,0.0,20.0,8.475,6.0,20.0,6.0,20,4,200
3,66.7,11.333,34.0,11.3333,6.667,20.0,6.0,28.93,0.0,20.0,8.475,6.0,20.0,6.0,20,4,300
3,66.7,11.333,34.0,11.3333,6.667,20.0,6.0,28.93,0.0,20.0,8.475,6.0,20.0,6.0,20,4,500
3,66.7,11.333,34.0,11.3333,6.667,20.0,6.0,28.93,0.0,20.0,8.475,6.0,20.0,6.0,20,4,1000
2,50.0,7.0,14.0,7.0,3.333,20.0,6.0,10.26,0.0,20.0,6.044,6.0,20.0,6.0,20,5,100
3,66.7,11.333,34.0,11.3333,6.667,20.0,6.0,28.93,0.0,20.0,8.475,6.0,20.0,6.0,20,5,150
3,66.7,11.333,34.0,11.3333,6.667,20.0,6.0,28.93,0.0,20.0,8.475,6.0,20.0,6.0,20,5,200
3,66.7,11.333,34.0,11.3333,6.667,20.0,6.0,28.93,0.0,20.0,8.475,6.0,20.0,6.0,20,5,300
3,66.7,11.333,34.0,11.3333,6.667,20.0,6.0,28.93,0.0,20.0,8.475,6.0,20.0,6.0,20,5,500
3,66.7,11.333,34.0,11.3333,6.667,20.0,6.0,28.93,0.0,20.0,8.475,6.0,20.0,6.0,20,5,1000
2,50.0,7.0,14.0,7.0,3.333,20.0,6.0,10.26,0.0,20.0,6.044,6.0,20.0,6.0,20,7,100
3,66.7,11.333,34.0,11.3333,6.667,20.0,6.0,28.93,0.0,20.0,8.475,6.0,20.0,6.0,20,7,150
3,66.7,11.333,34.0,11.3333,6.667,20.0,6.0,28.93,0.0,20.0,8.475,6.0,20.0,6.0,20,7,200
3,66.7,11.333,34.0,11.3333,6.667,20.0,6.0,28.93,0.0,20.0,8.475,6.0,20.0,6.0,20,7,300
3,66.7,11.333,34.0,11.3333,6.667,20.0,6.0,28.93,0.0,20.0,8.475,6.0,20.0,6.0,20,7,500
3,66.7,11.333,34.0,11.3333,6.667,20.0,6.0,28.93,0.0,20.0,8.475,6.0,20.0,6.0,20,7,1000
2,50.0,1.5,3.0,1.5,2.5,5.0,2.0,10.26,0.0,5.0,4.811,2.0,5.0,2.0,25,1,100
3,66.7,2.667,8.0,2.6667,5.0,5.0,2.0,9.54,0.0,5.0,7.407,2.0,5.0,2.0,25,1,150
3,66.7,2.667,8.0,2.6667,5.0,5.0,2.0,9.54,0.0,5.0,7.407,2.0,5.0,2.0,25,1,200
3,66.7,2.667,8.0,2.6667,5.0,5.0,2.0,9.54,0.0,5.0,7.407,2.0,5.0,2.0,25,1,300
3,66.7,2.667,8.0,2.6667,5.0,5.0,2.0,9.54,0.0,5.0,7.407,2.0,5.0,2.0,25,1,500
3,66.7,2.667,8.0,2.6667,5.0,5.0,2.0,9.54,0.0,5.0,7.407,2.0,5.0,2.0,25,1,1000
2,50.0,1.5,3.0,1.5,2.5,5.0,2.0,10.26,0.0,5.0,4.811,2.0,5.0,2.0,25,2,100
3,66.7,2.667,8.0,2.6667,5.0,5.0,2.0,9.54,0.0,5.0,7.407,2.0,5.0,2.0,25,2,150
3,66.7,2.667,8.0,2.6667,5.0,5.0,2.0,9.54,0.0,5.0,7.407,2.0,5.0,2.0,25,2,200
3,66.7,2.667,8.0,2.6667,5.0,5.0,2.0,9.54,0.0,5.0,7.407,2.0,5.0,2.0,25,2,300
3,66.7,2.667,8.0,2.6667,5.0,5.0,2.0,9.54,0.0,5.0,7.407,2.0,5.0,2.0,25,2,500
3,66.7,2.667,8.0,2.6667,5.0,5.0,2.0,9.54,0.0,5.0,7.407,2.0,5.0,2.0,25,2,1000
2,50.0,1.5,3.0,1.5,2.5,5.0,2.0,10.26,0.0,5.0,4.811,2.0,5.0,2.0,25,3,100
3,66.7,2.667,8.0,2.6667,5.0,5.0,2.0,9.54,0.0,5.0,7.407,2.0,5.0,2.0,25,3,150
3,66.7,2.667,8.0,2.6667,5.0,5.0,2.0,9.54,0.0,5.0,7.407,2.0,5.0,2.0,25,3,200
3,66.7,2.667,8.0,2.6667,5.0,5.0,2.0,9.54,0.0,5.0,7.407,2.0,5.0,2.0,25,3,300
3,66.7,2.667,8.0,2.6667,5.0,5.0,2.0,9.54,0.0,5.0,7.407,2.0,5.0,2.0,25,3,500
3,66.7,2.667,8.0,2.6667,5.0,5.0,2.0,9.54,0.0,5.0,7.407,2.0,5.0,2.0,25,3,1000
2,50.0,1.5,3.0,1.5,2.5,5.0,2.0,10.26,0.0,5.0,4.811,2.0,5.0,2.0,25,4,100
3,66.7,2.667,8.0,2.6667,5.0,5.0,2.0,9.54,0.0,5.0,7.407,2.0,5.0,2.0,25,4,150
3,66.7,2.667,8.0,2.6667,5.0,5.0,2.0,9.54,0.0,5.0,7.407,2.0,5.0,2.0,25,4,200
3,66.7,2.667,8.0,2.6667,5.0,5.0,2.0,9.54,0.0,5.0,7.407,2.0,5.0,2.0,25,4,300
3,66.7,2.667,8.0,2.6667,5.0,5.0,2.0,9.54,0.0,5.0,7.407,2.0,5.0,2.0,25,4,500
3,66.7,2.667,8.0,2.6667,5.0,5.0,2.0,9.54,0.0,5.0,7.407,2.0,5.0,2.0,25,4,1000
2,50.0,1.5,3.0,1.5,2.5,5.0,2.0,10.26,0.0,5.0,4.811,2.0,5.0,2.0,25,5,100
3,66.7,2.667,8.0,2.6667,5.0,5.0,2.0,9.54,0.0,5.0,7.407,2.0,5.0,2.0,25,5,150
3,66.7,2.667,8.0,2.6667,5.0,5.0,2.0,9.54,0.0,5.0,7.407,2.0,5.0,2.0,25,5,200
3,66.7,2.667,8.0,2.6667,5.0,5.0,2.0,9.54,0.0,5.0,7.407,2.0,5.0,2.0,25,5,300
3,66.7,2.667,8.0,2.6667,5.0,5.0,2.0,9.54,0.0,5.0,7.407,2.0,5.0,2.0,25,5,500
3,66.7,2.667,8.0,2.6667,5.0,5.0,2.0,9.54,0.0,5.0,7.407,2.0,5.0,2.0,25,5,1000
2,50.0,1.5,3.0,1.5,2.5,5.0,2.0,10.26,0.0,5.0,4.811,2.0,5.0,2.0,25,7,100
3,66.7,2.667,8.0,2.6667,5.0,5.0,2.0,9.54,0.0,5.0,7.407,2.0,5.0,2.0,25,7,150
3,66.7,2.667,8.0,2.6667,5.0,5.0,2.0,9.54,0.0,5.0,7.407,2.0,5.0,2.0,25,7,200
3,66.7,2.667,8.0,2.6667,5.0,5.0,2.0,9.54,0.0,5.0,7.407,2.0,5.0,2.0,25,7,300
3,66.7,2.667,8.0,2.6667,5.0,5.0,2.0,9.54,0.0,5.0,7.407,2.0,5.0,2.0,25,7,500
3,66.7,2.667,8.0,2.6667,5.0,5.0,2.0,9.54,0.0,5.0,7.407,2.0,5.0,2.0,25,7,1000
2,50.0,1.0,2.0,1.0,1.667,5.0,3.0,10.26,0.0,5.0,2.806,3.0,5.0,3.0,25,1,100
3,66.7,2.333,7.0,2.3333,3.333,5.0,3.0,9.54,0.0,5.0,5.671,3.0,5.0,3.0,25,1,150
3,66.7,2.333,7.0,2.3333,3.333,5.0,3.0,9.54,0.0,5.0,5.671,3.0,5.0,3.0,25,1,200
3,66.7,2.333,7.0,2.3333,3.333,5.0,3.0,9.54,0.0,5.0,5.671,3.0,5.0,3.0,25,1,300
3,66.7,2.333,7.0,2.3333,3.333,5.0,3.0,9.54,0.0,5.0,5.671,3.0,5.0,3.0,25,1,500
3,66.7,2.333,7.0,2.3333,3.333,5.0,3.0,9.54,0.0,5.0,5.671,3.0,5.0,3.0,25,1,1000
2,50.0,1.0,2.0,1.0,1.667,5.0,3.0,10.26,0.0,5.0,2.806,3.0,5.0,3.0,25,2,100
3,66.7,2.333,7.0,2.3333,3.333,5.0,3.0,9.54,0.0,5.0,5.671,3.0,5.0,3.0,25,2,150
3,66.7,2.333,7.0,2.3333,3.333,5.0,3.0,9.54,0.0,5.0,5.671,3.0,5.0,3.0,25,2,200
3,66.7,2.333,7.0,2.3333,3.333,5.0,3.0,9.54,0.0,5.0,5.671,3.0,5.0,3.0,25,2,300
3,66.7,2.333,7.0,2.3333,3.333,5.0,3.0,9.54,0.0,5.0,5.671,3.0,5.0,3.0,25,2,500
3,66.7,2.333,7.0,2.3333,3.333,5.0,3.0,9.54,0.0,5.0,5.671,3.0,5.0,3.0,25,2,1000
2,50.0,1.0,2.0,1.0,1.667,5.0,3.0,10.26,0.0,5.0,2.806,3.0,5.0,3.0,25,3,100
3,66.7,2.333,7.0,2.3333,3.333,5.0,3.0,9.54,0.0,5.0,5.671,3.0,5.0,3.0,25,3,150
3,66.7,2.333,7.0,2.3333,3.333,5.0,3.0,9.54,0.0,5.0,5.671,3.0,5.0,3.0,25,3,200
3,66.7,2.333,7.0,2.3333,3.333,5.0,3.0,9.54,0.0,5.0,5.671,3.0,5.0,3.0,25,3,300
3,66.7,2.333,7.0,2.3333,3.333,5.0,3.0,9.54,0.0,5.0,5.671,3.0,5.0,3.0,25,3,500
3,66.7,2.333,7.0,2.3333,3.333,5.0,3.0,9.54,0.0,5.0,5.671,3.0,5.0,3.0,25,3,1000
2,50.0,1.0,2.0,1.0,1.667,5.0,3.0,10.26,0.0,5.0,2.806,3.0,5.0,3.0,25,4,100
3,66.7,2.333,7.0,2.3333,3.333,5.0,3.0,9.54,0.0,5.0,5.671,3.0,5.0,3.0,25,4,150
3,66.7,2.333,7.0,2.3333,3.333,5.0,3.0,9.54,0.0,5.0,5.671,3.0,5.0,3.0,25,4,200
3,66.7,2.333,7.0,2.3333,3.333,5.0,3.0,9.54,0.0,5.0,5.671,3.0,5.0,3.0,25,4,300
3,66.7,2.333,7.0,2.3333,3.333,5.0,3.0,9.54,0.0,5.0,5.671,3.0,5.0,3.0,25,4,500
3,66.7,2.333,7.0,2.3333,3.333,5.0,3.0,9.54,0.0,5.0,5.671,3.0,5.0,3.0,25,4,1000
2,50.0,1.0,2.0,1.0,1.667,5.0,3.0,10.26,0.0,5.0,2.806,3.0,5.0,3.0,25,5,100
3,66.7,2.333,7.0,2.3333,3.333,5.0,3.0,9.54,0.0,5.0,5.671,3.0,5.0,3.0,25,5,150
3,66.7,2.333,7.0,2.3333,3.333,5.0,3.0,9.54,0.0,5.0,5.671,3.0,5.0,3.0,25,5,200
3,66.7,2.333,7.0,2.3333,3.333,5.0,3.0,9.54,0.0,5.0,5.671,3.0,5.0,3.0,25,5,300
3,66.7,2.333,7.0,2.3333,3.333,5.0,3.0,9.54,0.0,5.0,5.671,3.0,5.0,3.0,25,5,500
3,66.7,2.333,7.0,2.3333,3.333,5.0,3.0,9.54,0.0,5.0,5.671,3.0,5.0,3.0,25,5,1000
2,50.0,1.0,2.0,1.0,1.667,5.0,3.0,10.26,0.0,5.0,2.806,3.0,5.0,3.0,25,7,100
3,66.7,2.333,7.0,2.3333,3.333,5.0,3.0,9.54,0.0,5.0,5.671,3.0,5.0,3.0,25,7,150
3,66.7,2.333,7.0,2.3333,3.333,5.0,3.0,9.54,0.0,5.0,5.671,3.0,5.0,3.0,25,7,200
3,66.7,2.333,7.0,2.3333,3.333,5.0,3.0,9.54,0.0,5.0,5.671,3.0,5.0,3.0,25,7,300
3,66.7,2.333,7.0,2.3333,3.333,5.0,3.0,9.54,0.0,5.0,5.671,3.0,5.0,3.0,25,7,500
3,66.7,2.333,7.0,2.3333,3.333,5.0,3.0,9.54,0.0,5.0,5.671,3.0,5.0,3.0,25,7,1000
2,100.0,2.764,5.53,2.7645,99.0,2.764,0,10.26,0.0,5.0,13.881,0,5.0,4.0,25,1,100
3,100.0,3.51,10.53,3.5097,99.0,3.51,0,9.54,0.0,5.0,15.262,0,5.0,4.0,25,1,150
3,100.0,3.51,10.53,3.5097,99.0,3.51,0,9.54,0.0,5.0,15.262,0,5.0,4.0,25,1,200
3,100.0,3.51,10.53,3.5097,99.0,3.51,0,9.54,0.0,5.0,15.262,0,5.0,4.0,25,1,300
3,100.0,3.51,10.53,3.5097,99.0,3.51,0,9.54,0.0,5.0,15.262,0,5.0,4.0,25,1,500
3,100.0,3.51,10.53,3.5097,99.0,3.51,0,9.54,0.0,5.0,15.262,0,5.0,4.0,25,1,1000
2,100.0,2.764,5.53,2.7645,99.0,2.764,0,10.26,0.0,5.0,13.881,0,5.0,4.0,25,2,100
3,100.0,3.51,10.53,3.5097,99.0,3.51,0,9.54,0.0,5.0,15.262,0,5.0,4.0,25,2,150
3,100.0,3.51,10.53,3.5097,99.0,3.51,0,9.54,0.0,5.0,15.262,0,5.0,4.0,25,2,200
3,100.0,3.51,10.53,3.5097,99.0,3.51,0,9.54,0.0,5.0,15.262,0,5.0,4.0,25,2,300
3,100.0,3.51,10.53,3.5097,99.0,3.51,0,9.54,0.0,5.0,15.262,0,5.0,4.0,25,2,500
3,100.0,3.51,10.53,3.5097,99.0,3.51,0,9.54,0.0,5.0,15.262,0,5.0,4.0,25,2,1000
2,50.0,0.5,1.0,0.5,1.25,5.0,4.0,10.26,0.0,5.0,1.247,4.0,5.0,4.0,25,3,100
3,66.7,2.0,6.0,2.0,2.5,5.0,4.0,9.54,0.0,5.0,4.32,4.0,5.0,4.0,25,3,150
3,66.7,2.0,6.0,2.0,2.5,5.0,4.0,9.54,0.0,5.0,4.32,4.0,5.0,4.0,25,3,200
3,66.7,2.0,6.0,2.0,2.5,5.0,4.0,9.54,0.0,5.0,4.32,4.0,5.0,4.0,25,3,300
3,66.7,2.0,6.0,2.0,2.5,5.0,4.0,9.54,0.0,5.0,4.32,4.0,5.0,4.0,25,3,500
3,66.7,2.0,6.0,2.0,2.5,5.0,4.0,9.54,0.0,5.0,4.32,4.0,5.0,4.0,25,3,1000
2,50.0,0.5,1.0,0.5,1.25,5.0,4.0,10.26,0.0,5.0,1.247,4.0,5.0,4.0,25,4,100
3,66.7,2.0,6.0,2.0,2.5,5.0,4.0,9.54,0.0,5.0,4.32,4.0,5.0,4.0,25,4,150
3,66.7,2.0,6.0,2.0,2.5,5.0,4.0,9.54,0.0,5.0,4.32,4.0,5.0,4.0,25,4,200
3,66.7,2.0,6.0,2.0,2.5,5.0,4.0,9.54,0.0,5.0,4.32,4.0,5.0,4.0,25,4,300
3,66.7,2.0,6.0,2.0,2.5,5.0,4.0,9.54,0.0,5.0,4.32,4.0,5.0,4.0,25,4,500
3,66.7,2.0,6.0,2.0,2.5,5.0,4.0,9.54,0.0,5.0,4.32,4.0,5.0,4.0,25,4,1000
2,50.0,0.5,1.0,0.5,1.25,5.0,4.0,10.26,0.0,5.0,1.247,4.0,5.0,4.0,25,5,100
3,66.7,2.0,6.0,2.0,2.5,5.0,4.0,9.54,0.0,5.0,4.32,4.0,5.0,4.0,25,5,150
3,66.7,2.0,6.0,2.0,2.5,5.0,4.0,9.54,0.0,5.0,4.32,4.0,5.0,4.0,25,5,200
3,66.7,2.0,6.0,2.0,2.5,5.0,4.0,9.54,0.0,5.0,4.32,4.0,5.0,4.0,25,5,300
3,66.7,2.0,6.0,2.0,2.5,5.0,4.0,9.54,0.0,5.0,4.32,4.0,5.0,4.0,25,5,500
3,66.7,2.0,6.0,2.0,2.5,5.0,4.0,9.54,0.0,5.0,4.32,4.0,5.0,4.0,25,5,1000
2,50.0,0.5,1.0,0.5,1.25,5.0,4.0,10.26,0.0,5.0,1.247,4.0,5.0,4.0,25,7,100
3,66.7,2.0,6.0,2.0,2.5,5.0,4.0,9.54,0.0,5.0,4.32,4.0,5.0,4.0,25,7,150
3,66.7,2.0,6.0,2.0,2.5,5.0,4.0,9.54,0.0,5.0,4.32,4.0,5.0,4.0,25,7,200
3,66.7,2.0,6.0,2.0,2.5,5.0,4.0,9.54,0.0,5.0,4.32,4.0,5.0,4.0,25,7,300
3,66.7,2.0,6.0,2.0,2.5,5.0,4.0,9.54,0.0,5.0,4.32,4.0,5.0,4.0,25,7,500
3,66.7,2.0,6.0,2.0,2.5,5.0,4.0,9.54,0.0,5.0,4.32,4.0,5.0,4.0,25,7,1000
2,50.0,3.0,6.0,3.0,4.0,8.0,2.0,10.26,0.0,8.0,6.735,2.0,8.0,2.0,25,1,100
3,66.7,4.667,14.0,4.6667,8.0,8.0,2.0,9.54,0.0,8.0,9.073,2.0,8.0,2.0,25,1,150
3,66.7,4.667,14.0,4.6667,8.0,8.0,2.0,9.54,0.0,8.0,9.073,2.0,8.0,2.0,25,1,200
3,66.7,4.667,14.0,4.6667,8.0,8.0,2.0,9.54,0.0,8.0,9.073,2.0,8.0,2.0,25,1,300
3,66.7,4.667,14.0,4.6667,8.0,8.0,2.0,9.54,0.0,8.0,9.073,2.0,8.0,2.0,25,1,500
3,66.7,4.667,14.0,4.6667,8.0,8.0,2.0,9.54,0.0,8.0,9.073,2.0,8.0,2.0,25,1,1000
2,50.0,3.0,6.0,3.0,4.0,8.0,2.0,10.26,0.0,8.0,6.735,2.0,8.0,2.0,25,2,100
3,66.7,4.667,14.0,4.6667,8.0,8.0,2.0,9.54,0.0,8.0,9.073,2.0,8.0,2.0,25,2,150
3,66.7,4.667,14.0,4.6667,8.0,8.0,2.0,9.54,0.0,8.0,9.073,2.0,8.0,2.0,25,2,200
3,66.7,4.667,14.0,4.6667,8.0,8.0,2.0,9.54,0.0,8.0,9.073,2.0,8.0,2.0,25,2,300
3,66.7,4.667,14.0,4.6667,8.0,8.0,2.0,9.54,0.0,8.0,9.073,2.0,8.0,2.0,25,2,500
3,66.7,4.667,14.0,4.6667,8.0,8.0,2.0,9.54,0.0,8.0,9.073,2.0,8.0,2.0,25,2,1000
2,50.0,3.0,6.0,3.0,4.0,8.0,2.0,10.26,0.0,8.0,6.735,2.0,8.0,2.0,25,3,100
3,66.7,4.667,14.0,4.6667,8.0,8.0,2.0,9.54,0.0,8.0,9.073,2.0,8.0,2.0,25,3,150
3,66.7,4.667,14.0,4.6667,8.0,8.0,2.0,9.54,0.0,8.0,9.073,2.0,8.0,2.0,25,3,200
3,66.7,4.667,14.0,4.6667,8.0,8.0,2.0,9.54,0.0,8.0,9.073,2.0,8.0,2.0,25,3,300
3,66.7,4.667,14.0,4.6667,8.0,8.0,2.0,9.54,0.0,8.0,9.073,2.0,8.0,2.0,25,3,500
3,66.7,4.667,14.0,4.6667,8.0,8.0,2.0,9.54,0.0,8.0,9.073,2.0,8.0,2.0,25,3,1000
2,50.0,3.0,6.0,3.0,4.0,8.0,2.0,10.26,0.0,8.0,6.735,2.0,8.0,2.0,25,4,100
3,66.7,4.667,14.0,4.6667,8.0,8.0,2.0,9.54,0.0,8.0,9.073,2.0,8.0,2.0,25,4,150
3,66.7,4.667,14.0,4.6667,8.0,8.0,2.0,9.54,0.0,8.0,9.073,2.0,8.0,2.0,25,4,200
3,66.7,4.667,14.0,4.6667,8.0,8.0,2.0,9.54,0.0,8.0,9.073,2.0,8.0,2.0,25,4,300
3,66.7,4.667,14.0,4.6667,8.0,8.0,2.0,9.54,0.0,8.0,9.073,2.0,8.0,2.0,25,4,500
3,66.7,4.667,14.0,4.6667,8.0,8.0,2.0,9.54,0.0,8.0,9.073,2.0,8.0,2.0,25,4,1000
2,50.0,3.0,6.0,3.0,4.0,8.0,2.0,10.26,0.0,8.0,6.735,2.0,8.0,2.0,25,5,100
3,66.7,4.667,14.0,4.6667,8.0,8.0,2.0,9.54,0.0,8.0,9.073,2.0,8.0,2.0,25,5,150
3,66.7,4.667,14.0,4.6667,8.0,8.0,2.0,9.54,0.0,8.0,9.073,2.0,8.0,2.0,25,5,200
3,66.7,4.667,14.0,4.6667,8.0,8.0,2.0,9.54,0.0,8.0,9.073,2.0,8.0,2.0,25,5,300
3,66.7,4.667,14.0,4.6667,8.0,8.0,2.0,9.54,0.0,8.0,9.073,2.0,8.0,2.0,25,5,500
3,66.7,4.667,14.0,4.6667,8.0,8.0,2.0,9.54,0.0,8.0,9.073,2.0,8.0,2.0,25,5,1000
2,50.0,3.0,6.0,3.0,4.0,8.0,2.0,10.26,0.0,8.0,6.735,2.0,8.0,2.0,25,7,100
3,66.7,4.667,14.0,4.6667,8.0,8.0,2.0,9.54,0.0,8.0,9.073,2.0,8.0,2.0,25,7,150
3,66.7,4.667,14.0,4.6667,8.0,8.0,2.0,9.54,0.0,8.0,9.073,2.0,8.0,2.0,25,7,200
3,66.7,4.667,14.0,4.6667,8.0,8.0,2.0,9.54,0.0,8.0,9.073,2.0,8.0,2.0,25,7,300
3,66.7,4.667,14.0,4.6667,8.0,8.0,2.0,9.54,0.0,8.0,9.073,2.0,8.0,2.0,25,7,500
3,66.7,4.667,14.0,4.6667,8.0,8.0,2.0,9.54,0.0,8.0,9.073,2.0,8.0,2.0,25,7,1000
2,50.0,2.5,5.0,2.5,2.667,8.0,3.0,10.26,0.0,8.0,5.102,3.0,8.0,3.0,25,1,100
3,66.7,4.333,13.0,4.3333,5.333,8.0,3.0,9.54,0.0,8.0,7.659,3.0,8.0,3.0,25,1,150
3,66.7,4.333,13.0,4.3333,5.333,8.0,3.0,9.54,0.0,8.0,7.659,3.0,8.0,3.0,25,1,200
3,66.7,4.333,13.0,4.3333,5.333,8.0,3.0,9.54,0.0,8.0,7.659,3.0,8.0,3.0,25,1,300
3,66.7,4.333,13.0,4.3333,5.333,8.0,3.0,9.54,0.0,8.0,7.659,3.0,8.0,3.0,25,1,500
3,66.7,4.333,13.0,4.3333,5.333,8.0,3.0,9.54,0.0,8.0,7.659,3.0,8.0,3.0,25,1,1000
2,50.0,2.5,5.0,2.5,2.667,8.0,3.0,10.26,0.0,8.0,5.102,3.0,8.0,3.0,25,2,100
3,66.7,4.333,13.0,4.3333,5.333,8.0,3.0,9.54,0.0,8.0,7.659,3.0,8.0,3.0,25,2,150
3,66.7,4.333,13.0,4.3333,5.333,8.0,3.0,9.54,0.0,8.0,7.659,3.0,8.0,3.0,25,2,200
3,66.7,4.333,13.0,4.3333,5.333,8.0,3.0,9.54,0.0,8.0,7.659,3.0,8.0,3.0,25,2,300
3,66.7,4.333,13.0,4.3333,5.333,8.0,3.0,9.54,0.0,8.0,7.659,3.0,8.0,3.0,25,2,500
3,66.7,4.333,13.0,4.3333,5.333,8.0,3.0,9.54,0.0,8.0,7.659,3.0,8.0,3.0,25,2,1000
2,50.0,2.5,5.0,2.5,2.667,8.0,3.0,10.26,0.0,8.0,5.102,3.0,8.0,3.0,25,3,100
3,66.7,4.333,13.0,4.3333,5.333,8.0,3.0,9.54,0.0,8.0,7.659,3.0,8.0,3.0,25,3,150
3,66.7,4.333,13.0,4.3333,5.333,8.0,3.0,9.54,0.0,8.0,7.659,3.0,8.0,3.0,25,3,200
3,66.7,4.333,13.0,4.3333,5.333,8.0,3.0,9.54,0.0,8.0,7.659,3.0,8.0,3.0,25,3,300
3,66.7,4.333,13.0,4.3333,5.333,8.0,3.0,9.54,0.0,8.0,7.659,3.0,8.0,3.0,25,3,500
3,66.7,4.333,13.0,4.3333,5.333,8.0,3.0,9.54,0.0,8.0,7.659,3.0,8.0,3.0,25,3,1000
2,50.0,2.5,5.0,2.5,2.667,8.0,3.0,10.26,0.0,8.0,5.102,3.0,8.0,3.0,25,4,100
3,66.7,4.333,13.0,4.3333,5.333,8.0,3.0,9.54,0.0,8.0,7.659,3.0,8.0,3.0,25,4,150
3,66.7,4.333,13.0,4.3333,5.333,8.0,3.0,9.54,0.0,8.0,7.659,3.0,8.0,3.0,25,4,200
3,66.7,4.333,13.0,4.3333,5.333,8.0,3.0,9.54,0.0,8.0,7.659,3.0,8.0,3.0,25,4,300
3,66.7,4.333,13.0,4.3333,5.333,8.0,3.0,9.54,0.0,8.0,7.659,3.0,8.0,3.0,25,4,500
3,66.7,4.333,13.0,4.3333,5.333,8.0,3.0,9.54,0.0,8.0,7.659,3.0,8.0,3.0,25,4,1000
2,50.0,2.5,5.0,2.5,2.667,8.0,3.0,10.26,0.0,8.0,5.102,3.0,8.0,3.0,25,5,100
3,66.7,4.333,13.0,4.3333,5.333,8.0,3.0,9.54,0.0,8.0,7.659,3.0,8.0,3.0,25,5,150
3,66.7,4.333,13.0,4.3333,5.333,8.0,3.0,9.54,0.0,8.0,7.659,3.0,8.0,3.0,25,5,200
3,66.7,4.333,13.0,4.3333,5.333,8.0,3.0,9.54,0.0,8.0,7.659,3.0,8.0,3.0,25,5,300
3,66.7,4.333,13.0,4.3333,5.333,8.0,3.0,9.54,0.0,8.0,7.659,3.0,8.0,3.0,25,5,500
3,66.7,4.333,13.0,4.3333,5.333,8.0,3.0,9.54,0.0,8.0,7.659,3.0,8.0,3.0,25,5,1000
2,50.0,2.5,5.0,2.5,2.667,8.0,3.0,10.26,0.0,8.0,5.102,3.0,8.0,3.0,25,7,100
3,66.7,4.333,13.0,4.3333,5.333,8.0,3.0,9.54,0.0,8.0,7.659,3.0,8.0,3.0,25,7,150
3,66.7,4.333,13.0,4.3333,5.333,8.0,3.0,9.54,0.0,8.0,7.659,3.0,8.0,3.0,25,7,200
3,66.7,4.333,13.0,4.3333,5.333,8.0,3.0,9.54,0.0,8.0,7.659,3.0,8.0,3.0,25,7,300
3,66.7,4.333,13.0,4.3333,5.333,8.0,3.0,9.54,0.0,8.0,7.659,3.0,8.0,3.0,25,7,500
3,66.7,4.333,13.0,4.3333,5.333,8.0,3.0,9.54,0.0,8.0,7.659,3.0,8.0,3.0,25,7,1000
2,100.0,4.264,8.53,4.2645,99.0,4.264,0,10.26,0.0,8.0,12.815,0,8.0,4.0,25,1,100
3,100.0,5.51,16.53,5.5097,99.0,5.51,0,9.54,0.0,8.0,14.338,0,8.0,4.0,25,1,150
3,100.0,5.51,16.53,5.5097,99.0,5.51,0,9.54,0.0,8.0,14.338,0,8.0,4.0,25,1,200
3,100.0,5.51,16.53,5.5097,99.0,5.51,0,9.54,0.0,8.0,14.338,0,8.0,4.0,25,1,300
3,100.0,5.51,16.53,5.5097,99.0,5.51,0,9.54,0.0,8.0,14.338,0,8.0,4.0,25,1,500
3,100.0,5.51,16.53,5.5097,99.0,5.51,0,9.54,0.0,8.0,14.338,0,8.0,4.0,25,1,1000
2,100.0,4.264,8.53,4.2645,99.0,4.264,0,10.26,0.0,8.0,12.815,0,8.0,4.0,25,2,100
3,100.0,5.51,16.53,5.5097,99.0,5.51,0,9.54,0.0,8.0,14.338,0,8.0,4.0,25,2,150
3,100.0,5.51,16.53,5.5097,99.0,5.51,0,9.54,0.0,8.0,14.338,0,8.0,4.0,25,2,200
3,100.0,5.51,16.53,5.5097,99.0,5.51,0,9.54,0.0,8.0,14.338,0,8.0,4.0,25,2,300
3,100.0,5.51,16.53,5.5097,99.0,5.51,0,9.54,0.0,8.0,14.338,0,8.0,4.0,25,2,500
3,100.0,5.51,16.53,5.5097,99.0,5.51,0,9.54,0.0,8.0,14.338,0,8.0,4.0,25,2,1000
2,50.0,2.0,4.0,2.0,2.0,8.0,4.0,10.26,0.0,8.0,3.742,4.0,8.0,4.0,25,3,100
3,66.7,4.0,12.0,4.0,4.0,8.0,4.0,9.54,0.0,8.0,6.481,4.0,8.0,4.0,25,3,150
3,66.7,4.0,12.0,4.0,4.0,8.0,4.0,9.54,0.0,8.0,6.481,4.0,8.0,4.0,25,3,200
3,66.7,4.0,12.0,4.0,4.0,8.0,4.0,9.54,0.0,8.0,6.481,4.0,8.0,4.0,25,3,300
3,66.7,4.0,12.0,4.0,4.0,8.0,4.0,9.54,0.0,8.0,6.481,4.0,8.0,4.0,25,3,500
3,66.7,4.0,12.0,4.0,4.0,8.0,4.0,9.54,0.0,8.0,6.481,4.0,8.0,4.0,25,3,1000
2,50.0,2.0,4.0,2.0,2.0,8.0,4.0,10.26,0.0,8.0,3.742,4.0,8.0,4.0,25,4,100
3,66.7,4.0,12.0,4.0,4.0,8.0,4.0,9.54,0.0,8.0,6.481,4.0,8.0,4.0,25,4,150
3,66.7,4.0,12.0,4.0,4.0,8.0,4.0,9.54,0.0,8.0,6.481,4.0,8.0,4.0,25,4,200
3,66.7,4.0,12.0,4.0,4.0,8.0,4.0,9.54,0.0,8.0,6.481,4.0,8.0,4.0,25,4,300
3,66.7,4.0,12.0,4.0,4.0,8.0,4.0,9.54,0.0,8.0,6.481,4.0,8.0,4.0,25,4,500
3,66.7,4.0,12.0,4.0,4.0,8.0,4.0,9.54,0.0,8.0,6.481,4.0,8.0,4.0,25,4,1000
2,50.0,2.0,4.0,2.0,2.0,8.0,4.0,10.26,0.0,8.0,3.742,4.0,8.0,4.0,25,5,100
3,66.7,4.0,12.0,4.0,4.0,8.0,4.0,9.54,0.0,8.0,6.481,4.0,8.0,4.0,25,5,150
3,66.7,4.0,12.0,4.0,4.0,8.0,4.0,9.54,0.0,8.0,6.481,4.0,8.0,4.0,25,5,200
3,66.7,4.0,12.0,4.0,4.0,8.0,4.0,9.54,0.0,8.0,6.481,4.0,8.0,4.0,25,5,300
3,66.7,4.0,12.0,4.0,4.0,8.0,4.0,9.54,0.0,8.0,6.481,4.0,8.0,4.0,25,5,500
3,66.7,4.0,12.0,4.0,4.0,8.0,4.0,9.54,0.0,8.0,6.481,4.0,8.0,4.0,25,5,1000
2,50.0,2.0,4.0,2.0,2.0,8.0,4.0,10.26,0.0,8.0,3.742,4.0,8.0,4.0,25,7,100
3,66.7,4.0,12.0,4.0,4.0,8.0,4.0,9.54,0.0,8.0,6.481,4.0,8.0,4.0,25,7,150
3,66.7,4.0,12.0,4.0,4.0,8.0,4.0,9.54,0.0,8.0,6.481,4.0,8.0,4.0,25,7,200
3,66.7,4.0,12.0,4.0,4.0,8.0,4.0,9.54,0.0,8.0,6.481,4.0,8.0,4.0,25,7,300
3,66.7,4.0,12.0,4.0,4.0,8.0,4.0,9.54,0.0,8.0,6.481,4.0,8.0,4.0,25,7,500
3,66.7,4.0,12.0,4.0,4.0,8.0,4.0,9.54,0.0,8.0,6.481,4.0,8.0,4.0,25,7,1000
2,100.0,4.264,8.53,4.2645,99.0,4.264,0,10.26,0.0,8.0,12.815,0,8.0,5.0,25,1,100
3,100.0,5.51,16.53,5.5097,99.0,5.51,0,9.54,0.0,8.0,14.338,0,8.0,5.0,25,1,150
3,100.0,5.51,16.53,5.5097,99.0,5.51,0,9.54,0.0,8.0,14.338,0,8.0,5.0,25,1,200
3,100.0,5.51,16.53,5.5097,99.0,5.51,0,9.54,0.0,8.0,14.338,0,8.0,5.0,25,1,300
3,100.0,5.51,16.53,5.5097,99.0,5.51,0,9.54,0.0,8.0,14.338,0,8.0,5.0,25,1,500
3,100.0,5.51,16.53,5.5097,99.0,5.51,0,9.54,0.0,8.0,14.338,0,8.0,5.0,25,1,1000
2,100.0,4.264,8.53,4.2645,99.0,4.264,0,10.26,0.0,8.0,12.815,0,8.0,5.0,25,2,100
3,100.0,5.51,16.53,5.5097,99.0,5.51,0,9.54,0.0,8.0,14.338,0,8.0,5.0,25,2,150
3,100.0,5.51,16.53,5.5097,99.0,5.51,0,9.54,0.0,8.0,14.338,0,8.0,5.0,25,2,200
3,100.0,5.51,16.53,5.5097,99.0,5.51,0,9.54,0.0,8.0,14.338,0,8.0,5.0,25,2,300
3,100.0,5.51,16.53,5.5097,99.0,5.51,0,9.54,0.0,8.0,14.338,0,8.0,5.0,25,2,500
3,100.0,5.51,16.53,5.5097,99.0,5.51,0,9.54,0.0,8.0,14.338,0,8.0,5.0,25,2,1000
2,50.0,1.5,3.0,1.5,1.6,8.0,5.0,10.26,0.0,8.0,2.59,5.0,8.0,5.0,25,3,100
3,66.7,3.667,11.0,3.6667,3.2,8.0,5.0,9.54,0.0,8.0,5.484,5.0,8.0,5.0,25,3,150
3,66.7,3.667,11.0,3.6667,3.2,8.0,5.0,9.54,0.0,8.0,5.484,5.0,8.0,5.0,25,3,200
3,66.7,3.667,11.0,3.6667,3.2,8.0,5.0,9.54,0.0,8.0,5.484,5.0,8.0,5.0,25,3,300
3,66.7,3.667,11.0,3.6667,3.2,8.0,5.0,9.54,0.0,8.0,5.484,5.0,8.0,5.0,25,3,500
3,66.7,3.667,11.0,3.6667,3.2,8.0,5.0,9.54,0.0,8.0,5.484,5.0,8.0,5.0,25,3,1000
2,50.0,1.5,3.0,1.5,1.6,8.0,5.0,10.26,0.0,8.0,2.59,5.0,8.0,5.0,25,4,100
3,66.7,3.667,11.0,3.6667,3.2,8.0,5.0,9.54,0.0,8.0,5.484,5.0,8.0,5.0,25,4,150
3,66.7,3.667,11.0,3.6667,3.2,8.0,5.0,9.54,0.0,8.0,5.484,5.0,8.0,5.0,25,4,200
3,66.7,3.667,11.0,3.6667,3.2,8.0,5.0,9.54,0.0,8.0,5.484,5.0,8.0,5.0,25,4,300
3,66.7,3.667,11.0,3.6667,3.2,8.0,5.0,9.54,0.0,8.0,5.484,5.0,8.0,5.0,25,4,500
3,66.7,3.667,11.0,3.6667,3.2,8.0,5.0,9.54,0.0,8.0,5.484,5.0,8.0,5.0,25,4,1000
2,50.0,1.5,3.0,1.5,1.6,8.0,5.0,10.26,0.0,8.0,2.59,5.0,8.0,5.0,25,5,100
3,66.7,3.667,11.0,3.6667,3.2,8.0,5.0,9.54,0.0,8.0,5.484,5.0,8.0,5.0,25,5,150
3,66.7,3.667,11.0,3.6667,3.2,8.0,5.0,9.54,0.0,8.0,5.484,5.0,8.0,5.0,25,5,200
3,66.7,3.667,11.0,3.6667,3.2,8.0,5.0,9.54,0.0,8.0,5.484,5.0,8.0,5.0,25,5,300
3,66.7,3.667,11.0,3.6667,3.2,8.0,5.0,9.54,0.0,8.0,5.484,5.0,8.0,5.0,25,5,500
3,66.7,3.667,11.0,3.6667,3.2,8.0,5.0,9.54,0.0,8.0,5.484,5.0,8.0,5.0,25,5,1000
2,50.0,1.5,3.0,1.5,1.6,8.0,5.0,10.26,0.0,8.0,2.59,5.0,8.0,5.0,25,7,100
3,66.7,3.667,11.0,3.6667,3.2,8.0,5.0,9.54,0.0,8.0,5.484,5.0,8.0,5.0,25,7,150
3,66.7,3.667,11.0,3.6667,3.2,8.0,5.0,9.54,0.0,8.0,5.484,5.0,8.0,5.0,25,7,200
3,66.7,3.667,11.0,3.6667,3.2,8.0,5.0,9.54,0.0,8.0,5.484,5.0,8.0,5.0,25,7,300
3,66.7,3.667,11.0,3.6667,3.2,8.0,5.0,9.54,0.0,8.0,5.484,5.0,8.0,5.0,25,7,500
3,66.7,3.667,11.0,3.6667,3.2,8.0,5.0,9.54,0.0,8.0,5.484,5.0,8.0,5.0,25,7,1000
2,100.0,4.264,8.53,4.2645,99.0,4.264,0,10.26,0.0,8.0,12.815,0,8.0,6.0,25,1,100
3,100.0,5.51,16.53,5.5097,99.0,5.51,0,9.54,0.0,8.0,14.338,0,8.0,6.0,25,1,150
3,100.0,5.51,16.53,5.5097,99.0,5.51,0,9.54,0.0,8.0,14.338,0,8.0,6.0,25,1,200
3,100.0,5.51,16.53,5.5097,99.0,5.51,0,9.54,0.0,8.0,14.338,0,8.0,6.0,25,1,300
3,100.0,5.51,16.53,5.5097,99.0,5.51,0,9.54,0.0,8.0,14.338,0,8.0,6.0,25,1,500
3,100.0,5.51,16.53,5.5097,99.0,5.51,0,9.54,0.0,8.0,14.338,0,8.0,6.0,25,1,1000
2,100.0,4.264,8.53,4.2645,99.0,4.264,0,10.26,0.0,8.0,12.815,0,8.0,6.0,25,2,100
3,100.0,5.51,16.53,5.5097,99.0,5.51,0,9.54,0.0,8.0,14.338,0,8.0,6.0,25,2,150
3,100.0,5.51,16.53,5.5097,99.0,5.51,0,9.54,0.0,8.0,14.338,0,8.0,6.0,25,2,200
3,100.0,5.51,16.53,5.5097,99.0,5.51,0,9.54,0.0,8.0,14.338,0,8.0,6.0,25,2,300
3,100.0,5.51,16.53,5.5097,99.0,5.51,0,9.54,0.0,8.0,14.338,0,8.0,6.0,25,2,500
3,100.0,5.51,16.53,5.5097,99.0,5.51,0,9.54,0.0,8.0,14.338,0,8.0,6.0,25,2,1000
2,50.0,1.0,2.0,1.0,1.333,8.0,6.0,10.26,0.0,8.0,1.604,6.0,8.0,6.0,25,3,100
3,66.7,3.333,10.0,3.3333,2.667,8.0,6.0,9.54,0.0,8.0,4.629,6.0,8.0,6.0,25,3,150
3,66.7,3.333,10.0,3.3333,2.667,8.0,6.0,9.54,0.0,8.0,4.629,6.0,8.0,6.0,25,3,200
3,66.7,3.333,10.0,3.3333,2.667,8.0,6.0,9.54,0.0,8.0,4.629,6.0,8.0,6.0,25,3,300
3,66.7,3.333,10.0,3.3333,2.667,8.0,6.0,9.54,0.0,8.0,4.629,6.0,8.0,6.0,25,3,500
3,66.7,3.333,10.0,3.3333,2.667,8.0,6.0,9.54,0.0,8.0,4.629,6.0,8.0,6.0,25,3,1000
2,50.0,1.0,2.0,1.0,1.333,8.0,6.0,10.26,0.0,8.0,1.604,6.0,8.0,6.0,25,4,100
3,66.7,3.333,10.0,3.3333,2.667,8.0,6.0,9.54,0.0,8.0,4.629,6.0,8.0,6.0,25,4,150
3,66.7,3.333,10.0,3.3333,2.667,8.0,6.0,9.54,0.0,8.0,4.629,6.0,8.0,6.0,25,4,200
3,66.7,3.333,10.0,3.3333,2.667,8.0,6.0,9.54,0.0,8.0,4.629,6.0,8.0,6.0,25,4,300
3,66.7,3.333,10.0,3.3333,2.667,8.0,6.0,9.54,0.0,8.0,4.629,6.0,8.0,6.0,25,4,500
3,66.7,3.333,10.0,3.3333,2.667,8.0,6.0,9.54,0.0,8.0,4.629,6.0,8.0,6.0,25,4,1000
2,50.0,1.0,2.0,1.0,1.333,8.0,6.0,10.26,0.0,8.0,1.604,6.0,8.0,6.0,25,5,100
3,66.7,3.333,10.0,3.3333,2.667,8.0,6.0,9.54,0.0,8.0,4.629,6.0,8.0,6.0,25,5,150
3,66.7,3.333,10.0,3.3333,2.667,8.0,6.0,9.54,0.0,8.0,4.629,6.0,8.0,6.0,25,5,200
3,66.7,3.333,10.0,3.3333,2.667,8.0,6.0,9.54,0.0,8.0,4.629,6.0,8.0,6.0,25,5,300
3,66.7,3.333,10.0,3.3333,2.667,8.0,6.0,9.54,0.0,8.0,4.629,6.0,8.0,6.0,25,5,500
3,66.7,3.333,10.0,3.3333,2.667,8.0,6.0,9.54,0.0,8.0,4.629,6.0,8.0,6.0,25,5,1000
2,50.0,1.0,2.0,1.0,1.333,8.0,6.0,10.26,0.0,8.0,1.604,6.0,8.0,6.0,25,7,100
3,66.7,3.333,10.0,3.3333,2.667,8.0,6.0,9.54,0.0,8.0,4.629,6.0,8.0,6.0,25,7,150
3,66.7,3.333,10.0,3.3333,2.667,8.0,6.0,9.54,0.0,8.0,4.629,6.0,8.0,6.0,25,7,200
3,66.7,3.333,10.0,3.3333,2.667,8.0,6.0,9.54,0.0,8.0,4.629,6.0,8.0,6.0,25,7,300
3,66.7,3.333,10.0,3.3333,2.667,8.0,6.0,9.54,0.0,8.0,4.629,6.0,8.0,6.0,25,7,500
3,66.7,3.333,10.0,3.3333,2.667,8.0,6.0,9.54,0.0,8.0,4.629,6.0,8.0,6.0,25,7,1000
2,50.0,4.0,8.0,4.0,5.0,10.0,2.0,10.26,0.0,10.0,7.483,2.0,10.0,2.0,25,1,100
3,66.7,4.25,12.75,4.2503,7.376,7.376,2.0,9.54,0.0,10.0,7.931,2.0,10.0,2.0,25,1,150
3,66.7,4.25,12.75,4.2503,7.376,7.376,2.0,9.54,0.0,10.0,7.931,2.0,10.0,2.0,25,1,200
3,66.7,4.25,12.75,4.2503,7.376,7.376,2.0,9.54,0.0,10.0,7.931,2.0,10.0,2.0,25,1,300
3,66.7,4.25,12.75,4.2503,7.376,7.376,2.0,9.54,0.0,10.0,7.931,2.0,10.0,2.0,25,1,500
3,66.7,4.25,12.75,4.2503,7.376,7.376,2.0,9.54,0.0,10.0,7.931,2.0,10.0,2.0,25,1,1000
2,50.0,4.0,8.0,4.0,5.0,10.0,2.0,10.26,0.0,10.0,7.483,2.0,10.0,2.0,25,2,100
3,66.7,6.0,18.0,6.0,10.0,10.0,2.0,28.93,0.0,10.0,9.721,2.0,10.0,2.0,25,2,150
3,66.7,6.0,18.0,6.0,10.0,10.0,2.0,28.93,0.0,10.0,9.721,2.0,10.0,2.0,25,2,200
3,66.7,6.0,18.0,6.0,10.0,10.0,2.0,28.93,0.0,10.0,9.721,2.0,10.0,2.0,25,2,300
3,66.7,6.0,18.0,6.0,10.0,10.0,2.0,28.93,0.0,10.0,9.721,2.0,10.0,2.0,25,2,500
3,66.7,6.0,18.0,6.0,10.0,10.0,2.0,28.93,0.0,10.0,9.721,2.0,10.0,2.0,25,2,1000
2,50.0,4.0,8.0,4.0,5.0,10.0,2.0,10.26,0.0,10.0,7.483,2.0,10.0,2.0,25,3,100
3,66.7,6.0,18.0,6.0,10.0,10.0,2.0,28.93,0.0,10.0,9.721,2.0,10.0,2.0,25,3,150
3,66.7,6.0,18.0,6.0,10.0,10.0,2.0,28.93,0.0,10.0,9.721,2.0,10.0,2.0,25,3,200
3,66.7,6.0,18.0,6.0,10.0,10.0,2.0,28.93,0.0,10.0,9.721,2.0,10.0,2.0,25,3,300
3,66.7,6.0,18.0,6.0,10.0,10.0,2.0,28.93,0.0,10.0,9.721,2.0,10.0,2.0,25,3,500
3,66.7,6.0,18.0,6.0,10.0,10.0,2.0,28.93,0.0,10.0,9.721,2.0,10.0,2.0,25,3,1000
2,50.0,4.0,8.0,4.0,5.0,10.0,2.0,10.26,0.0,10.0,7.483,2.0,10.0,2.0,25,4,100
3,66.7,6.0,18.0,6.0,10.0,10.0,2.0,28.93,0.0,10.0,9.721,2.0,10.0,2.0,25,4,150
3,66.7,6.0,18.0,6.0,10.0,10.0,2.0,28.93,0.0,10.0,9.721,2.0,10.0,2.0,25,4,200
3,66.7,6.0,18.0,6.0,10.0,10.0,2.0,28.93,0.0,10.0,9.721,2.0,10.0,2.0,25,4,300
3,66.7,6.0,18.0,6.0,10.0,10.0,2.0,28.93,0.0,10.0,9.721,2.0,10.0,2.0,25,4,500
3,66.7,6.0,18.0,6.0,10.0,10.0,2.0,28.93,0.0,10.0,9.721,2.0,10.0,2.0,25,4,1000
2,50.0,4.0,8.0,4.0,5.0,10.0,2.0,10.26,0.0,10.0,7.483,2.0,10.0,2.0,25,5,100
3,66.7,6.0,18.0,6.0,10.0,10.0,2.0,28.93,0.0,10.0,9.721,2.0,10.0,2.0,25,5,150
3,66.7,6.0,18.0,6.0,10.0,10.0,2.0,28.93,0.0,10.0,9.721,2.0,10.0,2.0,25,5,200
3,66.7,6.0,18.0,6.0,10.0,10.0,2.0,28.93,0.0,10.0,9.721,2.0,10.0,2.0,25,5,300
3,66.7,6.0,18.0,6.0,10.0,10.0,2.0,28.93,0.0,10.0,9.721,2.0,10.0,2.0,25,5,500
3,66.7,6.0,18.0,6.0,10.0,10.0,2.0,28.93,0.0,10.0,9.721,2.0,10.0,2.0,25,5,1000
2,50.0,4.0,8.0,4.0,5.0,10.0,2.0,10.26,0.0,10.0,7.483,2.0,10.0,2.0,25,7,100
3,66.7,6.0,18.0,6.0,10.0,10.0,2.0,28.93,0.0,10.0,9.721,2.0,10.0,2.0,25,7,150
3,66.7,6.0,18.0,6.0,10.0,10.0,2.0,28.93,0.0,10.0,9.721,2.0,10.0,2.0,25,7,200
3,66.7,6.0,18.0,6.0,10.0,10.0,2.0,28.93,0.0,10.0,9.721,2.0,10.0,2.0,25,7,300
3,66.7,6.0,18.0,6.0,10.0,10.0,2.0,28.93,0.0,10.0,9.721,2.0,10.0,2.0,25,7,500
3,66.7,6.0,18.0,6.0,10.0,10.0,2.0,28.93,0.0,10.0,9.721,2.0,10.0,2.0,25,7,1000
2,50.0,3.5,7.0,3.5,3.333,10.0,3.0,10.26,0.0,10.0,6.044,3.0,10.0,3.0,25,1,100
3,66.7,3.917,11.75,3.917,4.917,7.376,3.0,9.54,0.0,10.0,6.723,3.0,10.0,3.0,25,1,150
3,66.7,3.917,11.75,3.917,4.917,7.376,3.0,9.54,0.0,10.0,6.723,3.0,10.0,3.0,25,1,200
3,66.7,3.917,11.75,3.917,4.917,7.376,3.0,9.54,0.0,10.0,6.723,3.0,10.0,3.0,25,1,300
3,66.7,3.917,11.75,3.917,4.917,7.376,3.0,9.54,0.0,10.0,6.723,3.0,10.0,3.0,25,1,500
3,66.7,3.917,11.75,3.917,4.917,7.376,3.0,9.54,0.0,10.0,6.723,3.0,10.0,3.0,25,1,1000
2,50.0,3.5,7.0,3.5,3.333,10.0,3.0,10.26,0.0,10.0,6.044,3.0,10.0,3.0,25,2,100
3,66.7,5.667,17.0,5.6667,6.667,10.0,3.0,28.93,0.0,10.0,8.475,3.0,10.0,3.0,25,2,150
3,66.7,5.667,17.0,5.6667,6.667,10.0,3.0,28.93,0.0,10.0,8.475,3.0,10.0,3.0,25,2,200
3,66.7,5.667,17.0,5.6667,6.667,10.0,3.0,28.93,0.0,10.0,8.475,3.0,10.0,3.0,25,2,300
3,66.7,5.667,17.0,5.6667,6.667,10.0,3.0,28.93,0.0,10.0,8.475,3.0,10.0,3.0,25,2,500
3,66.7,5.667,17.0,5.6667,6.667,10.0,3.0,28.93,0.0,10.0,8.475,3.0,10.0,3.0,25,2,1000
2,50.0,3.5,7.0,3.5,3.333,10.0,3.0,10.26,0.0,10.0,6.044,3.0,10.0,3.0,25,3,100
3,66.7,5.667,17.0,5.6667,6.667,10.0,3.0,28.93,0.0,10.0,8.475,3.0,10.0,3.0,25,3,150
3,66.7,5.667,17.0,5.6667,6.667,10.0,3.0,28.93,0.0,10.0,8.475,3.0,10.0,3.0,25,3,200
3,66.7,5.667,17.0,5.6667,6.667,10.0,3.0,28.93,0.0,10.0,8.475,3.0,10.0,3.0,25,3,300
3,66.7,5.667,17.0,5.6667,6.667,10.0,3.0,28.93,0.0,10.0,8.475,3.0,10.0,3.0,25,3,500
3,66.7,5.667,17.0,5.6667,6.667,10.0,3.0,28.93,0.0,10.0,8.475,3.0,10.0,3.0,25,3,1000
2,50.0,3.5,7.0,3.5,3.333,10.0,3.0,10.26,0.0,10.0,6.044,3.0,10.0,3.0,25,4,100
3,66.7,5.667,17.0,5.6667,6.667,10.0,3.0,28.93,0.0,10.0,8.475,3.0,10.0,3.0,25,4,150
3,66.7,5.667,17.0,5.6667,6.667,10.0,3.0,28.93,0.0,10.0,8.475,3.0,10.0,3.0,25,4,200
3,66.7,5.667,17.0,5.6667,6.667,10.0,3.0,28.93,0.0,10.0,8.475,3.0,10.0,3.0,25,4,300
3,66.7,5.667,17.0,5.6667,6.667,10.0,3.0,28.93,0.0,10.0,8.475,3.0,10.0,3.0,25,4,500
3,66.7,5.667,17.0,5.6667,6.667,10.0,3.0,28.93,0.0,10.0,8.475,3.0,10.0,3.0,25,4,1000
2,50.0,3.5,7.0,3.5,3.333,10.0,3.0,10.26,0.0,10.0,6.044,3.0,10.0,3.0,25,5,100
3,66.7,5.667,17.0,5.6667,6.667,10.0,3.0,28.93,0.0,10.0,8.475,3.0,10.0,3.0,25,5,150
3,66.7,5.667,17.0,5.6667,6.667,10.0,3.0,28.93,0.0,10.0,8.475,3.0,10.0,3.0,25,5,200
3,66.7,5.667,17.0,5.6667,6.667,10.0,3.0,28.93,0.0,10.0,8.475,3.0,10.0,3.0,25,5,300
3,66.7,5.667,17.0,5.6667,6.667,10.0,3.0,28.93,0.0,10.0,8.475,3.0,10.0,3.0,25,5,500
3,66.7,5.667,17.0,5.6667,6.667,10.0,3.0,28.93,0.0,10.0,8.475,3.0,10.0,3.0,25,5,1000
2,50.0,3.5,7.0,3.5,3.333,10.0,3.0,10.26,0.0,10.0,6.044,3.0,10.0,3.0,25,7,100
3,66.7,5.667,17.0,5.6667,6.667,10.0,3.0,28.93,0.0,10.0,8.475,3.0,10.0,3.0,25,7,150
3,66.7,5.667,17.0,5.6667,6.667,10.0,3.0,28.93,0.0,10.0,8.475,3.0,10.0,3.0,25,7,200
3,66.7,5.667,17.0,5.6667,6.667,10.0,3.0,28.93,0.0,10.0,8.475,3.0,10.0,3.0,25,7,300
3,66.7,5.667,17.0,5.6667,6.667,10.0,3.0,28.93,0.0,10.0,8.475,3.0,10.0,3.0,25,7,500
3,66.7,5.667,17.0,5.6667,6.667,10.0,3.0,28.93,0.0,10.0,8.475,3.0,10.0,3.0,25,7,1000
2,100.0,5.264,10.53,5.2645,99.0,5.264,0,10.26,0.0,10.0,12.479,0,10.0,4.0,25,1,100
3,100.0,5.093,15.28,5.0933,99.0,5.093,0,9.54,0.0,10.0,12.05,0,10.0,4.0,25,1,150
3,100.0,5.093,15.28,5.0933,99.0,5.093,0,9.54,0.0,10.0,12.05,0,10.0,4.0,25,1,200
3,100.0,5.093,15.28,5.0933,99.0,5.093,0,9.54,0.0,10.0,12.05,0,10.0,4.0,25,1,300
3,100.0,5.093,15.28,5.0933,99.0,5.093,0,9.54,0.0,10.0,12.05,0,10.0,4.0,25,1,500
3,100.0,5.093,15.28,5.0933,99.0,5.093,0,9.54,0.0,10.0,12.05,0,10.0,4.0,25,1,1000
2,100.0,5.264,10.53,5.2645,99.0,5.264,0,10.26,0.0,10.0,12.479,0,10.0,4.0,25,2,100
3,100.0,6.843,20.53,6.843,99.0,6.843,0,28.93,0.0,10.0,14.047,0,10.0,4.0,25,2,150
3,100.0,6.843,20.53,6.843,99.0,6.843,0,28.93,0.0,10.0,14.047,0,10.0,4.0,25,2,200
3,100.0,6.843,20.53,6.843,99.0,6.843,0,28.93,0.0,10.0,14.047,0,10.0,4.0,25,2,300
3,100.0,6.843,20.53,6.843,99.0,6.843,0,28.93,0.0,10.0,14.047,0,10.0,4.0,25,2,500
3,100.0,6.843,20.53,6.843,99.0,6.843,0,28.93,0.0,10.0,14.047,0,10.0,4.0,25,2,1000
2,50.0,3.0,6.0,3.0,2.5,10.0,4.0,10.26,0.0,10.0,4.811,4.0,10.0,4.0,25,3,100
3,66.7,5.333,16.0,5.3333,5.0,10.0,4.0,28.93,0.0,10.0,7.407,4.0,10.0,4.0,25,3,150
3,66.7,5.333,16.0,5.3333,5.0,10.0,4.0,28.93,0.0,10.0,7.407,4.0,10.0,4.0,25,3,200
3,66.7,5.333,16.0,5.3333,5.0,10.0,4.0,28.93,0.0,10.0,7.407,4.0,10.0,4.0,25,3,300
3,66.7,5.333,16.0,5.3333,5.0,10.0,4.0,28.93,0.0,10.0,7.407,4.0,10.0,4.0,25,3,500
3,66.7,5.333,16.0,5.3333,5.0,10.0,4.0,28.93,0.0,10.0,7.407,4.0,10.0,4.0,25,3,1000
2,50.0,3.0,6.0,3.0,2.5,10.0,4.0,10.26,0.0,10.0,4.811,4.0,10.0,4.0,25,4,100
3,66.7,5.333,16.0,5.3333,5.0,10.0,4.0,28.93,0.0,10.0,7.407,4.0,10.0,4.0,25,4,150
3,66.7,5.333,16.0,5.3333,5.0,10.0,4.0,28.93,0.0,10.0,7.407,4.0,10.0,4.0,25,4,200
3,66.7,5.333,16.0,5.3333,5.0,10.0,4.0,28.93,0.0,10.0,7.407,4.0,10.0,4.0,25,4,300
3,66.7,5.333,16.0,5.3333,5.0,10.0,4.0,28.93,0.0,10.0,7.407,4.0,10.0,4.0,25,4,500
3,66.7,5.333,16.0,5.3333,5.0,10.0,4.0,28.93,0.0,10.0,7.407,4.0,10.0,4.0,25,4,1000
2,50.0,3.0,6.0,3.0,2.5,10.0,4.0,10.26,0.0,10.0,4.811,4.0,10.0,4.0,25,5,100
3,66.7,5.333,16.0,5.3333,5.0,10.0,4.0,28.93,0.0,10.0,7.407,4.0,10.0,4.0,25,5,150
3,66.7,5.333,16.0,5.3333,5.0,10.0,4.0,28.93,0.0,10.0,7.407,4.0,10.0,4.0,25,5,200
3,66.7,5.333,16.0,5.3333,5.0,10.0,4.0,28.93,0.0,10.0,7.407,4.0,10.0,4.0,25,5,300
3,66.7,5.333,16.0,5.3333,5.0,10.0,4.0,28.93,0.0,10.0,7.407,4.0,10.0,4.0,25,5,500
3,66.7,5.333,16.0,5.3333,5.0,10.0,4.0,28.93,0.0,10.0,7.407,4.0,10.0,4.0,25,5,1000
2,50.0,3.0,6.0,3.0,2.5,10.0,4.0,10.26,0.0,10.0,4.811,4.0,10.0,4.0,25,7,100
3,66.7,5.333,16.0,5.3333,5.0,10.0,4.0,28.93,0.0,10.0,7.407,4.0,10.0,4.0,25,7,150
3,66.7,5.333,16.0,5.3333,5.0,10.0,4.0,28.93,0.0,10.0,7.407,4.0,10.0,4.0,25,7,200
3,66.7,5.333,16.0,5.3333,5.0,10.0,4.0,28.93,0.0,10.0,7.407,4.0,10.0,4.0,25,7,300
3,66.7,5.333,16.0,5.3333,5.0,10.0,4.0,28.93,0.0,10.0,7.407,4.0,10.0,4.0,25,7,500
3,66.7,5.333,16.0,5.3333,5.0,10.0,4.0,28.93,0.0,10.0,7.407,4.0,10.0,4.0,25,7,1000
2,100.0,5.264,10.53,5.2645,99.0,5.264,0,10.26,0.0,10.0,12.479,0,10.0,5.0,25,1,100
3,100.0,5.093,15.28,5.0933,99.0,5.093,0,9.54,0.0,10.0,12.05,0,10.0,5.0,25,1,150
3,100.0,5.093,15.28,5.0933,99.0,5.093,0,9.54,0.0,10.0,12.05,0,10.0,5.0,25,1,200
3,100.0,5.093,15.28,5.0933,99.0,5.093,0,9.54,0.0,10.0,12.05,0,10.0,5.0,25,1,300
3,100.0,5.093,15.28,5.0933,99.0,5.093,0,9.54,0.0,10.0,12.05,0,10.0,5.0,25,1,500
3,100.0,5.093,15.28,5.0933,99.0,5.093,0,9.54,0.0,10.0,12.05,0,10.0,5.0,25,1,1000
2,100.0,5.264,10.53,5.2645,99.0,5.264,0,10.26,0.0,10.0,12.479,0,10.0,5.0,25,2,100
3,100.0,6.843,20.53,6.843,99.0,6.843,0,28.93,0.0,10.0,14.047,0,10.0,5.0,25,2,150
3,100.0,6.843,20.53,6.843,99.0,6.843,0,28.93,0.0,10.0,14.047,0,10.0,5.0,25,2,200
3,100.0,6.843,20.53,6.843,99.0,6.843,0,28.93,0.0,10.0,14.047,0,10.0,5.0,25,2,300
3,100.0,6.843,20.53,6.843,99.0,6.843,0,28.93,0.0,10.0,14.047,0,10.0,5.0,25,2,500
3,100.0,6.843,20.53,6.843,99.0,6.843,0,28.93,0.0,10.0,14.047,0,10.0,5.0,25,2,1000
2,50.0,2.5,5.0,2.5,2.0,10.0,5.0,10.26,0.0,10.0,3.742,5.0,10.0,5.0,25,3,100
3,66.7,5.0,15.0,5.0,4.0,10.0,5.0,28.93,0.0,10.0,6.481,5.0,10.0,5.0,25,3,150
3,66.7,5.0,15.0,5.0,4.0,10.0,5.0,28.93,0.0,10.0,6.481,5.0,10.0,5.0,25,3,200
3,66.7,5.0,15.0,5.0,4.0,10.0,5.0,28.93,0.0,10.0,6.481,5.0,10.0,5.0,25,3,300
3,66.7,5.0,15.0,5.0,4.0,10.0,5.0,28.93,0.0,10.0,6.481,5.0,10.0,5.0,25,3,500
3,66.7,5.0,15.0,5.0,4.0,10.0,5.0,28.93,0.0,10.0,6.481,5.0,10.0,5.0,25,3,1000
2,50.0,2.5,5.0,2.5,2.0,10.0,5.0,10.26,0.0,10.0,3.742,5.0,10.0,5.0,25,4,100
3,66.7,5.0,15.0,5.0,4.0,10.0,5.0,28.93,0.0,10.0,6.481,5.0,10.0,5.0,25,4,150
3,66.7,5.0,15.0,5.0,4.0,10.0,5.0,28.93,0.0,10.0,6.481,5.0,10.0,5.0,25,4,200
3,66.7,5.0,15.0,5.0,4.0,10.0,5.0,28.93,0.0,10.0,6.481,5.0,10.0,5.0,25,4,300
3,66.7,5.0,15.0,5.0,4.0,10.0,5.0,28.93,0.0,10.0,6.481,5.0,10.0,5.0,25,4,500
3,66.7,5.0,15.0,5.0,4.0,10.0,5.0,28.93,0.0,10.0,6.481,5.0,10.0,5.0,25,4,1000
2,50.0,2.5,5.0,2.5,2.0,10.0,5.0,10.26,0.0,10.0,3.742,5.0,10.0,5.0,25,5,100
3,66.7,5.0,15.0,5.0,4.0,10.0,5.0,28.93,0.0,10.0,6.481,5.0,10.0,5.0,25,5,150
3,66.7,5.0,15.0,5.0,4.0,10.0,5.0,28.93,0.0,10.0,6.481,5.0,10.0,5.0,25,5,200
3,66.7,5.0,15.0,5.0,4.0,10.0,5.0,28.93,0.0,10.0,6.481,5.0,10.0,5.0,25,5,300
3,66.7,5.0,15.0,5.0,4.0,10.0,5.0,28.93,0.0,10.0,6.481,5.0,10.0,5.0,25,5,500
3,66.7,5.0,15.0,5.0,4.0,10.0,5.0,28.93,0.0,10.0,6.481,5.0,10.0,5.0,25,5,1000
2,50.0,2.5,5.0,2.5,2.0,10.0,5.0,10.26,0.0,10.0,3.742,5.0,10.0,5.0,25,7,100
3,66.7,5.0,15.0,5.0,4.0,10.0,5.0,28.93,0.0,10.0,6.481,5.0,10.0,5.0,25,7,150
3,66.7,5.0,15.0,5.0,4.0,10.0,5.0,28.93,0.0,10.0,6.481,5.0,10.0,5.0,25,7,200
3,66.7,5.0,15.0,5.0,4.0,10.0,5.0,28.93,0.0,10.0,6.481,5.0,10.0,5.0,25,7,300
3,66.7,5.0,15.0,5.0,4.0,10.0,5.0,28.93,0.0,10.0,6.481,5.0,10.0,5.0,25,7,500
3,66.7,5.0,15.0,5.0,4.0,10.0,5.0,28.93,0.0,10.0,6.481,5.0,10.0,5.0,25,7,1000
2,100.0,5.264,10.53,5.2645,99.0,5.264,0,10.26,0.0,10.0,12.479,0,10.0,6.0,25,1,100
3,100.0,5.093,15.28,5.0933,99.0,5.093,0,9.54,0.0,10.0,12.05,0,10.0,6.0,25,1,150
3,100.0,5.093,15.28,5.0933,99.0,5.093,0,9.54,0.0,10.0,12.05,0,10.0,6.0,25,1,200
3,100.0,5.093,15.28,5.0933,99.0,5.093,0,9.54,0.0,10.0,12.05,0,10.0,6.0,25,1,300
3,100.0,5.093,15.28,5.0933,99.0,5.093,0,9.54,0.0,10.0,12.05,0,10.0,6.0,25,1,500
3,100.0,5.093,15.28,5.0933,99.0,5.093,0,9.54,0.0,10.0,12.05,0,10.0,6.0,25,1,1000
2,100.0,5.264,10.53,5.2645,99.0,5.264,0,10.26,0.0,10.0,12.479,0,10.0,6.0,25,2,100
3,100.0,6.843,20.53,6.843,99.0,6.843,0,28.93,0.0,10.0,14.047,0,10.0,6.0,25,2,150
3,100.0,6.843,20.53,6.843,99.0,6.843,0,28.93,0.0,10.0,14.047,0,10.0,6.0,25,2,200
3,100.0,6.843,20.53,6.843,99.0,6.843,0,28.93,0.0,10.0,14.047,0,10.0,6.0,25,2,300
3,100.0,6.843,20.53,6.843,99.0,6.843,0,28.93,0.0,10.0,14.047,0,10.0,6.0,25,2,500
3,100.0,6.843,20.53,6.843,99.0,6.843,0,28.93,0.0,10.0,14.047,0,10.0,6.0,25,2,1000
2,50.0,2.0,4.0,2.0,1.667,10.0,6.0,10.26,0.0,10.0,2.806,6.0,10.0,6.0,25,3,100
3,66.7,4.667,14.0,4.6667,3.333,10.0,6.0,28.93,0.0,10.0,5.671,6.0,10.0,6.0,25,3,150
3,66.7,4.667,14.0,4.6667,3.333,10.0,6.0,28.93,0.0,10.0,5.671,6.0,10.0,6.0,25,3,200
3,66.7,4.667,14.0,4.6667,3.333,10.0,6.0,28.93,0.0,10.0,5.671,6.0,10.0,6.0,25,3,300
3,66.7,4.667,14.0,4.6667,3.333,10.0,6.0,28.93,0.0,10.0,5.671,6.0,10.0,6.0,25,3,500
3,66.7,4.667,14.0,4.6667,3.333,10.0,6.0,28.93,0.0,10.0,5.671,6.0,10.0,6.0,25,3,1000
2,50.0,2.0,4.0,2.0,1.667,10.0,6.0,10.26,0.0,10.0,2.806,6.0,10.0,6.0,25,4,100
3,66.7,4.667,14.0,4.6667,3.333,10.0,6.0,28.93,0.0,10.0,5.671,6.0,10.0,6.0,25,4,150
3,66.7,4.667,14.0,4.6667,3.333,10.0,6.0,28.93,0.0,10.0,5.671,6.0,10.0,6.0,25,4,200
3,66.7,4.667,14.0,4.6667,3.333,10.0,6.0,28.93,0.0,10.0,5.671,6.0,10.0,6.0,25,4,300
3,66.7,4.667,14.0,4.6667,3.333,10.0,6.0,28.93,0.0,10.0,5.671,6.0,10.0,6.0,25,4,500
3,66.7,4.667,14.0,4.6667,3.333,10.0,6.0,28.93,0.0,10.0,5.671,6.0,10.0,6.0,25,4,1000
2,50.0,2.0,4.0,2.0,1.667,10.0,6.0,10.26,0.0,10.0,2.806,6.0,10.0,6.0,25,5,100
3,66.7,4.667,14.0,4.6667,3.333,10.0,6.0,28.93,0.0,10.0,5.671,6.0,10.0,6.0,25,5,150
3,66.7,4.667,14.0,4.6667,3.333,10.0,6.0,28.93,0.0,10.0,5.671,6.0,10.0,6.0,25,5,200
3,66.7,4.667,14.0,4.6667,3.333,10.0,6.0,28.93,0.0,10.0,5.671,6.0,10.0,6.0,25,5,300
3,66.7,4.667,14.0,4.6667,3.333,10.0,6.0,28.93,0.0,10.0,5.671,6.0,10.0,6.0,25,5,500
3,66.7,4.667,14.0,4.6667,3.333,10.0,6.0,28.93,0.0,10.0,5.671,6.0,10.0,6.0,25,5,1000
2,50.0,2.0,4.0,2.0,1.667,10.0,6.0,10.26,0.0,10.0,2.806,6.0,10.0,6.0,25,7,100
3,66.7,4.667,14.0,4.6667,3.333,10.0,6.0,28.93,0.0,10.0,5.671,6.0,10.0,6.0,25,7,150
3,66.7,4.667,14.0,4.6667,3.333,10.0,6.0,28.93,0.0,10.0,5.671,6.0,10.0,6.0,25,7,200
3,66.7,4.667,14.0,4.6667,3.333,10.0,6.0,28.93,0.0,10.0,5.671,6.0,10.0,6.0,25,7,300
3,66.7,4.667,14.0,4.6667,3.333,10.0,6.0,28.93,0.0,10.0,5.671,6.0,10.0,6.0,25,7,500
3,66.7,4.667,14.0,4.6667,3.333,10.0,6.0,28.93,0.0,10.0,5.671,6.0,10.0,6.0,25,7,1000
2,50.0,5.0,10.0,5.0,6.0,12.0,2.0,10.26,0.0,12.0,8.018,2.0,12.0,2.0,25,1,100
3,66.7,4.917,14.75,4.917,8.376,8.376,2.0,9.54,0.0,12.0,7.883,2.0,12.0,2.0,25,1,150
3,66.7,4.917,14.75,4.917,8.376,8.376,2.0,9.54,0.0,12.0,7.883,2.0,12.0,2.0,25,1,200
3,66.7,4.917,14.75,4.917,8.376,8.376,2.0,9.54,0.0,12.0,7.883,2.0,12.0,2.0,25,1,300
3,66.7,4.917,14.75,4.917,8.376,8.376,2.0,9.54,0.0,12.0,7.883,2.0,12.0,2.0,25,1,500
3,66.7,4.917,14.75,4.917,8.376,8.376,2.0,9.54,0.0,12.0,7.883,2.0,12.0,2.0,25,1,1000
2,50.0,5.0,10.0,5.0,6.0,12.0,2.0,10.26,0.0,12.0,8.018,2.0,12.0,2.0,25,2,100
3,66.7,7.333,22.0,7.3333,12.0,12.0,2.0,28.93,0.0,12.0,10.184,2.0,12.0,2.0,25,2,150
3,66.7,7.333,22.0,7.3333,12.0,12.0,2.0,28.93,0.0,12.0,10.184,2.0,12.0,2.0,25,2,200
3,66.7,7.333,22.0,7.3333,12.0,12.0,2.0,28.93,0.0,12.0,10.184,2.0,12.0,2.0,25,2,300
3,66.7,7.333,22.0,7.3333,12.0,12.0,2.0,28.93,0.0,12.0,10.184,2.0,12.0,2.0,25,2,500
3,66.7,7.333,22.0,7.3333,12.0,12.0,2.0,28.93,0.0,12.0,10.184,2.0,12.0,2.0,25,2,1000
2,50.0,5.0,10.0,5.0,6.0,12.0,2.0,10.26,0.0,12.0,8.018,2.0,12.0,2.0,25,3,100
3,66.7,7.333,22.0,7.3333,12.0,12.0,2.0,28.93,0.0,12.0,10.184,2.0,12.0,2.0,25,3,150
3,66.7,7.333,22.0,7.3333,12.0,12.0,2.0,28.93,0.0,12.0,10.184,2.0,12.0,2.0,25,3,200
3,66.7,7.333,22.0,7.3333,12.0,12.0,2.0,28.93,0.0,12.0,10.184,2.0,12.0,2.0,25,3,300
3,66.7,7.333,22.0,7.3333,12.0,12.0,2.0,28.93,0.0,12.0,10.184,2.0,12.0,2.0,25,3,500
3,66.7,7.333,22.0,7.3333,12.0,12.0,2.0,28.93,0.0,12.0,10.184,2.0,12.0,2.0,25,3,1000
2,50.0,5.0,10.0,5.0,6.0,12.0,2.0,10.26,0.0,12.0,8.018,2.0,12.0,2.0,25,4,100
3,66.7,7.333,22.0,7.3333,12.0,12.0,2.0,28.93,0.0,12.0,10.184,2.0,12.0,2.0,25,4,150
3,66.7,7.333,22.0,7.3333,12.0,12.0,2.0,28.93,0.0,12.0,10.184,2.0,12.0,2.0,25,4,200
3,66.7,7.333,22.0,7.3333,12.0,12.0,2.0,28.93,0.0,12.0,10.184,2.0,12.0,2.0,25,4,300
3,66.7,7.333,22.0,7.3333,12.0,12.0,2.0,28.93,0.0,12.0,10.184,2.0,12.0,2.0,25,4,500
3,66.7,7.333,22.0,7.3333,12.0,12.0,2.0,28.93,0.0,12.0,10.184,2.0,12.0,2.0,25,4,1000
2,50.0,5.0,10.0,5.0,6.0,12.0,2.0,10.26,0.0,12.0,8.018,2.0,12.0,2.0,25,5,100
3,66.7,7.333,22.0,7.3333,12.0,12.0,2.0,28.93,0.0,12.0,10.184,2.0,12.0,2.0,25,5,150
3,66.7,7.333,22.0,7.3333,12.0,12.0,2.0,28.93,0.0,12.0,10.184,2.0,12.0,2.0,25,5,200
3,66.7,7.333,22.0,7.3333,12.0,12.0,2.0,28.93,0.0,12.0,10.184,2.0,12.0,2.0,25,5,300
3,66.7,7.333,22.0,7.3333,12.0,12.0,2.0,28.93,0.0,12.0,10.184,2.0,12.0,2.0,25,5,500
3,66.7,7.333,22.0,7.3333,12.0,12.0,2.0,28.93,0.0,12.0,10.184,2.0,12.0,2.0,25,5,1000
2,50.0,5.0,10.0,5.0,6.0,12.0,2.0,10.26,0.0,12.0,8.018,2.0,12.0,2.0,25,7,100
3,66.7,7.333,22.0,7.3333,12.0,12.0,2.0,28.93,0.0,12.0,10.184,2.0,12.0,2.0,25,7,150
3,66.7,7.333,22.0,7.3333,12.0,12.0,2.0,28.93,0.0,12.0,10.184,2.0,12.0,2.0,25,7,200
3,66.7,7.333,22.0,7.3333,12.0,12.0,2.0,28.93,0.0,12.0,10.184,2.0,12.0,2.0,25,7,300
3,66.7,7.333,22.0,7.3333,12.0,12.0,2.0,28.93,0.0,12.0,10.184,2.0,12.0,2.0,25,7,500
3,66.7,7.333,22.0,7.3333,12.0,12.0,2.0,28.93,0.0,12.0,10.184,2.0,12.0,2.0,25,7,1000
2,50.0,4.5,9.0,4.5,4.0,12.0,3.0,10.26,0.0,12.0,6.735,3.0,12.0,3.0,25,1,100
3,66.7,4.584,13.75,4.5837,5.584,8.376,3.0,9.54,0.0,12.0,6.859,3.0,12.0,3.0,25,1,150
3,66.7,4.584,13.75,4.5837,5.584,8.376,3.0,9.54,0.0,12.0,6.859,3.0,12.0,3.0,25,1,200
3,66.7,4.584,13.75,4.5837,5.584,8.376,3.0,9.54,0.0,12.0,6.859,3.0,12.0,3.0,25,1,300
3,66.7,4.584,13.75,4.5837,5.584,8.376,3.0,9.54,0.0,12.0,6.859,3.0,12.0,3.0,25,1,500
3,66.7,4.584,13.75,4.5837,5.584,8.376,3.0,9.54,0.0,12.0,6.859,3.0,12.0,3.0,25,1,1000
2,50.0,4.5,9.0,4.5,4.0,12.0,3.0,10.26,0.0,12.0,6.735,3.0,12.0,3.0,25,2,100
3,66.7,7.0,21.0,7.0,8.0,12.0,3.0,28.93,0.0,12.0,9.073,3.0,12.0,3.0,25,2,150
3,66.7,7.0,21.0,7.0,8.0,12.0,3.0,28.93,0.0,12.0,9.073,3.0,12.0,3.0,25,2,200
3,66.7,7.0,21.0,7.0,8.0,12.0,3.0,28.93,0.0,12.0,9.073,3.0,12.0,3.0,25,2,300
3,66.7,7.0,21.0,7.0,8.0,12.0,3.0,28.93,0.0,12.0,9.073,3.0,12.0,3.0,25,2,500
3,66.7,7.0,21.0,7.0,8.0,12.0,3.0,28.93,0.0,12.0,9.073,3.0,12.0,3.0,25,2,1000
2,50.0,4.5,9.0,4.5,4.0,12.0,3.0,10.26,0.0,12.0,6.735,3.0,12.0,3.0,25,3,100
3,66.7,7.0,21.0,7.0,8.0,12.0,3.0,28.93,0.0,12.0,9.073,3.0,12.0,3.0,25,3,150
3,66.7,7.0,21.0,7.0,8.0,12.0,3.0,28.93,0.0,12.0,9.073,3.0,12.0,3.0,25,3,200
3,66.7,7.0,21.0,7.0,8.0,12.0,3.0,28.93,0.0,12.0,9.073,3.0,12.0,3.0,25,3,300
3,66.7,7.0,21.0,7.0,8.0,12.0,3.0,28.93,0.0,12.0,9.073,3.0,12.0,3.0,25,3,500
3,66.7,7.0,21.0,7.0,8.0,12.0,3.0,28.93,0.0,12.0,9.073,3.0,12.0,3.0,25,3,1000
2,50.0,4.5,9.0,4.5,4.0,12.0,3.0,10.26,0.0,12.0,6.735,3.0,12.0,3.0,25,4,100
3,66.7,7.0,21.0,7.0,8.0,12.0,3.0,28.93,0.0,12.0,9.073,3.0,12.0,3.0,25,4,150
3,66.7,7.0,21.0,7.0,8.0,12.0,3.0,28.93,0.0,12.0,9.073,3.0,12.0,3.0,25,4,200
3,66.7,7.0,21.0,7.0,8.0,12.0,3.0,28.93,0.0,12.0,9.073,3.0,12.0,3.0,25,4,300
3,66.7,7.0,21.0,7.0,8.0,12.0,3.0,28.93,0.0,12.0,9.073,3.0,12.0,3.0,25,4,500
3,66.7,7.0,21.0,7.0,8.0,12.0,3.0,28.93,0.0,12.0,9.073,3.0,12.0,3.0,25,4,1000
2,50.0,4.5,9.0,4.5,4.0,12.0,3.0,10.26,0.0,12.0,6.735,3.0,12.0,3.0,25,5,100
3,66.7,7.0,21.0,7.0,8.0,12.0,3.0,28.93,0.0,12.0,9.073,3.0,12.0,3.0,25,5,150
3,66.7,7.0,21.0,7.0,8.0,12.0,3.0,28.93,0.0,12.0,9.073,3.0,12.0,3.0,25,5,200
3,66.7,7.0,21.0,7.0,8.0,12.0,3.0,28.93,0.0,12.0,9.073,3.0,12.0,3.0,25,5,300
3,66.7,7.0,21.0,7.0,8.0,12.0,3.0,28.93,0.0,12.0,9.073,3.0,12.0,3.0,25,5,500
3,66.7,7.0,21.0,7.0,8.0,12.0,3.0,28.93,0.0,12.0,9.073,3.0,12.0,3.0,25,5,1000
2,50.0,4.5,9.0,4.5,4.0,12.0,3.0,10.26,0.0,12.0,6.735,3.0,12.0,3.0,25,7,100
3,66.7,7.0,21.0,7.0,8.0,12.0,3.0,28.93,0.0,12.0,9.073,3.0,12.0,3.0,25,7,150
3,66.7,7.0,21.0,7.0,8.0,12.0,3.0,28.93,0.0,12.0,9.073,3.0,12.0,3.0,25,7,200
3,66.7,7.0,21.0,7.0,8.0,12.0,3.0,28.93,0.0,12.0,9.073,3.0,12.0,3.0,25,7,300
3,66.7,7.0,21.0,7.0,8.0,12.0,3.0,28.93,0.0,12.0,9.073,3.0,12.0,3.0,25,7,500
3,66.7,7.0,21.0,7.0,8.0,12.0,3.0,28.93,0.0,12.0,9.073,3.0,12.0,3.0,25,7,1000
2,100.0,6.264,12.53,6.2645,99.0,6.264,0,10.26,0.0,12.0,12.26,0,12.0,4.0,25,1,100
3,100.0,5.76,17.28,5.76,99.0,5.76,0,9.54,0.0,12.0,11.144,0,12.0,4.0,25,1,150
3,100.0,5.76,17.28,5.76,99.0,5.76,0,9.54,0.0,12.0,11.144,0,12.0,4.0,25,1,200
3,100.0,5.76,17.28,5.76,99.0,5.76,0,9.54,0.0,12.0,11.144,0,12.0,4.0,25,1,300
3,100.0,5.76,17.28,5.76,99.0,5.76,0,9.54,0.0,12.0,11.144,0,12.0,4.0,25,1,500
3,100.0,5.76,17.28,5.76,99.0,5.76,0,9.54,0.0,12.0,11.144,0,12.0,4.0,25,1,1000
2,100.0,6.264,12.53,6.2645,99.0,6.264,0,10.26,0.0,12.0,12.26,0,12.0,4.0,25,2,100
3,100.0,8.176,24.53,8.1763,99.0,8.176,0,28.93,0.0,12.0,13.858,0,12.0,4.0,25,2,150
3,100.0,8.176,24.53,8.1763,99.0,8.176,0,28.93,0.0,12.0,13.858,0,12.0,4.0,25,2,200
3,100.0,8.176,24.53,8.1763,99.0,8.176,0,28.93,0.0,12.0,13.858,0,12.0,4.0,25,2,300
3,100.0,8.176,24.53,8.1763,99.0,8.176,0,28.93,0.0,12.0,13.858,0,12.0,4.0,25,2,500
3,100.0,8.176,24.53,8.1763,99.0,8.176,0,28.93,0.0,12.0,13.858,0,12.0,4.0,25,2,1000
2,50.0,4.0,8.0,4.0,3.0,12.0,4.0,10.26,0.0,12.0,5.612,4.0,12.0,4.0,25,3,100
3,66.7,6.667,20.0,6.6667,6.0,12.0,4.0,28.93,0.0,12.0,8.101,4.0,12.0,4.0,25,3,150
3,66.7,6.667,20.0,6.6667,6.0,12.0,4.0,28.93,0.0,12.0,8.101,4.0,12.0,4.0,25,3,200
3,66.7,6.667,20.0,6.6667,6.0,12.0,4.0,28.93,0.0,12.0,8.101,4.0,12.0,4.0,25,3,300
3,66.7,6.667,20.0,6.6667,6.0,12.0,4.0,28.93,0.0,12.0,8.101,4.0,12.0,4.0,25,3,500
3,66.7,6.667,20.0,6.6667,6.0,12.0,4.0,28.93,0.0,12.0,8.101,4.0,12.0,4.0,25,3,1000
2,50.0,4.0,8.0,4.0,3.0,12.0,4.0,10.26,0.0,12.0,5.612,4.0,12.0,4.0,25,4,100
3,66.7,6.667,20.0,6.6667,6.0,12.0,4.0,28.93,0.0,12.0,8.101,4.0,12.0,4.0,25,4,150
3,66.7,6.667,20.0,6.6667,6.0,12.0,4.0,28.93,0.0,12.0,8.101,4.0,12.0,4.0,25,4,200
3,66.7,6.667,20.0,6.6667,6.0,12.0,4.0,28.93,0.0,12.0,8.101,4.0,12.0,4.0,25,4,300
3,66.7,6.667,20.0,6.6667,6.0,12.0,4.0,28.93,0.0,12.0,8.101,4.0,12.0,4.0,25,4,500
3,66.7,6.667,20.0,6.6667,6.0,12.0,4.0,28.93,0.0,12.0,8.101,4.0,12.0,4.0,25,4,1000
2,50.0,4.0,8.0,4.0,3.0,12.0,4.0,10.26,0.0,12.0,5.612,4.0,12.0,4.0,25,5,100
3,66.7,6.667,20.0,6.6667,6.0,12.0,4.0,28.93,0.0,12.0,8.101,4.0,12.0,4.0,25,5,150
3,66.7,6.667,20.0,6.6667,6.0,12.0,4.0,28.93,0.0,12.0,8.101,4.0,12.0,4.0,25,5,200
3,66.7,6.667,20.0,6.6667,6.0,12.0,4.0,28.93,0.0,12.0,8.101,4.0,12.0,4.0,25,5,300
3,66.7,6.667,20.0,6.6667,6.0,12.0,4.0,28.93,0.0,12.0,8.101,4.0,12.0,4.0,25,5,500
3,66.7,6.667,20.0,6.6667,6.0,12.0,4.0,28.93,0.0,12.0,8.101,4.0,12.0,4.0,25,5,1000
2,50.0,4.0,8.0,4.0,3.0,12.0,4.0,10.26,0.0,12.0,5.612,4.0,12.0,4.0,25,7,100
3,66.7,6.667,20.0,6.6667,6.0,12.0,4.0,28.93,0.0,12.0,8.101,4.0,12.0,4.0,25,7,150
3,66.7,6.667,20.0,6.6667,6.0,12.0,4.0,28.93,0.0,12.0,8.101,4.0,12.0,4.0,25,7,200
3,66.7,6.667,20.0,6.6667,6.0,12.0,4.0,28.93,0.0,12.0,8.101,4.0,12.0,4.0,25,7,300
3,66.7,6.667,20.0,6.6667,6.0,12.0,4.0,28.93,0.0,12.0,8.101,4.0,12.0,4.0,25,7,500
3,66.7,6.667,20.0,6.6667,6.0,12.0,4.0,28.93,0.0,12.0,8.101,4.0,12.0,4.0,25,7,1000
2,100.0,6.264,12.53,6.2645,99.0,6.264,0,10.26,0.0,12.0,12.26,0,12.0,5.0,25,1,100
3,100.0,5.76,17.28,5.76,99.0,5.76,0,9.54,0.0,12.0,11.144,0,12.0,5.0,25,1,150
3,100.0,5.76,17.28,5.76,99.0,5.76,0,9.54,0.0,12.0,11.144,0,12.0,5.0,25,1,200
3,100.0,5.76,17.28,5.76,99.0,5.76,0,9.54,0.0,12.0,11.144,0,12.0,5.0,25,1,300
3,100.0,5.76,17.28,5.76,99.0,5.76,0,9.54,0.0,12.0,11.144,0,12.0,5.0,25,1,500
3,100.0,5.76,17.28,5.76,99.0,5.76,0,9.54,0.0,12.0,11.144,0,12.0,5.0,25,1,1000
2,100.0,6.264,12.53,6.2645,99.0,6.264,0,10.26,0.0,12.0,12.26,0,12.0,5.0,25,2,100
3,100.0,8.176,24.53,8.1763,99.0,8.176,0,28.93,0.0,12.0,13.858,0,12.0,5.0,25,2,150
3,100.0,8.176,24.53,8.1763,99.0,8.176,0,28.93,0.0,12.0,13.858,0,12.0,5.0,25,2,200
3,100.0,8.176,24.53,8.1763,99.0,8.176,0,28.93,0.0,12.0,13.858,0,12.0,5.0,25,2,300
3,100.0,8.176,24.53,8.1763,99.0,8.176,0,28.93,0.0,12.0,13.858,0,12.0,5.0,25,2,500
3,100.0,8.176,24.53,8.1763,99.0,8.176,0,28.93,0.0,12.0,13.858,0,12.0,5.0,25,2,1000
2,50.0,3.5,7.0,3.5,2.4,12.0,5.0,10.26,0.0,12.0,4.622,5.0,12.0,5.0,25,3,100
3,66.7,6.333,19.0,6.3333,4.8,12.0,5.0,28.93,0.0,12.0,7.243,5.0,12.0,5.0,25,3,150
3,66.7,6.333,19.0,6.3333,4.8,12.0,5.0,28.93,0.0,12.0,7.243,5.0,12.0,5.0,25,3,200
3,66.7,6.333,19.0,6.3333,4.8,12.0,5.0,28.93,0.0,12.0,7.243,5.0,12.0,5.0,25,3,300
3,66.7,6.333,19.0,6.3333,4.8,12.0,5.0,28.93,0.0,12.0,7.243,5.0,12.0,5.0,25,3,500
3,66.7,6.333,19.0,6.3333,4.8,12.0,5.0,28.93,0.0,12.0,7.243,5.0,12.0,5.0,25,3,1000
2,50.0,3.5,7.0,3.5,2.4,12.0,5.0,10.26,0.0,12.0,4.622,5.0,12.0,5.0,25,4,100
3,66.7,6.333,19.0,6.3333,4.8,12.0,5.0,28.93,0.0,12.0,7.243,5.0,12.0,5.0,25,4,150
3,66.7,6.333,19.0,6.3333,4.8,12.0,5.0,28.93,0.0,12.0,7.243,5.0,12.0,5.0,25,4,200
3,66.7,6.333,19.0,6.3333,4.8,12.0,5.0,28.93,0.0,12.0,7.243,5.0,12.0,5.0,25,4,300
3,66.7,6.333,19.0,6.3333,4.8,12.0,5.0,28.93,0.0,12.0,7.243,5.0,12.0,5.0,25,4,500
3,66.7,6.333,19.0,6.3333,4.8,12.0,5.0,28.93,0.0,12.0,7.243,5.0,12.0,5.0,25,4,1000
2,50.0,3.5,7.0,3.5,2.4,12.0,5.0,10.26,0.0,12.0,4.622,5.0,12.0,5.0,25,5,100
3,66.7,6.333,19.0,6.3333,4.8,12.0,5.0,28.93,0.0,12.0,7.243,5.0,12.0,5.0,25,5,150
3,66.7,6.333,19.0,6.3333,4.8,12.0,5.0,28.93,0.0,12.0,7.243,5.0,12.0,5.0,25,5,200
3,66.7,6.333,19.0,6.3333,4.8,12.0,5.0,28.93,0.0,12.0,7.243,5.0,12.0,5.0,25,5,300
3,66.7,6.333,19.0,6.3333,4.8,12.0,5.0,28.93,0.0,12.0,7.243,5.0,12.0,5.0,25,5,500
3,66.7,6.333,19.0,6.3333,4.8,12.0,5.0,28.93,0.0,12.0,7.243,5.0,12.0,5.0,25,5,1000
2,50.0,3.5,7.0,3.5,2.4,12.0,5.0,10.26,0.0,12.0,4.622,5.0,12.0,5.0,25,7,100
3,66.7,6.333,19.0,6.3333,4.8,12.0,5.0,28.93,0.0,12.0,7.243,5.0,12.0,5.0,25,7,150
3,66.7,6.333,19.0,6.3333,4.8,12.0,5.0,28.93,0.0,12.0,7.243,5.0,12.0,5.0,25,7,200
3,66.7,6.333,19.0,6.3333,4.8,12.0,5.0,28.93,0.0,12.0,7.243,5.0,12.0,5.0,25,7,300
3,66.7,6.333,19.0,6.3333,4.8,12.0,5.0,28.93,0.0,12.0,7.243,5.0,12.0,5.0,25,7,500
3,66.7,6.333,19.0,6.3333,4.8,12.0,5.0,28.93,0.0,12.0,7.243,5.0,12.0,5.0,25,7,1000
2,100.0,6.264,12.53,6.2645,99.0,6.264,0,10.26,0.0,12.0,12.26,0,12.0,6.0,25,1,100
3,100.0,5.76,17.28,5.76,99.0,5.76,0,9.54,0.0,12.0,11.144,0,12.0,6.0,25,1,150
3,100.0,5.76,17.28,5.76,99.0,5.76,0,9.54,0.0,12.0,11.144,0,12.0,6.0,25,1,200
3,100.0,5.76,17.28,5.76,99.0,5.76,0,9.54,0.0,12.0,11.144,0,12.0,6.0,25,1,300
3,100.0,5.76,17.28,5.76,99.0,5.76,0,9.54,0.0,12.0,11.144,0,12.0,6.0,25,1,500
3,100.0,5.76,17.28,5.76,99.0,5.76,0,9.54,0.0,12.0,11.144,0,12.0,6.0,25,1,1000
2,100.0,6.264,12.53,6.2645,99.0,6.264,0,10.26,0.0,12.0,12.26,0,12.0,6.0,25,2,100
3,100.0,8.176,24.53,8.1763,99.0,8.176,0,28.93,0.0,12.0,13.858,0,12.0,6.0,25,2,150
3,100.0,8.176,24.53,8.1763,99.0,8.176,0,28.93,0.0,12.0,13.858,0,12.0,6.0,25,2,200
3,100.0,8.176,24.53,8.1763,99.0,8.176,0,28.93,0.0,12.0,13.858,0,12.0,6.0,25,2,300
3,100.0,8.176,24.53,8.1763,99.0,8.176,0,28.93,0.0,12.0,13.858,0,12.0,6.0,25,2,500
3,100.0,8.176,24.53,8.1763,99.0,8.176,0,28.93,0.0,12.0,13.858,0,12.0,6.0,25,2,1000
2,50.0,3.0,6.0,3.0,2.0,12.0,6.0,10.26,0.0,12.0,3.742,6.0,12.0,6.0,25,3,100
3,66.7,6.0,18.0,6.0,4.0,12.0,6.0,28.93,0.0,12.0,6.481,6.0,12.0,6.0,25,3,150
3,66.7,6.0,18.0,6.0,4.0,12.0,6.0,28.93,0.0,12.0,6.481,6.0,12.0,6.0,25,3,200
3,66.7,6.0,18.0,6.0,4.0,12.0,6.0,28.93,0.0,12.0,6.481,6.0,12.0,6.0,25,3,300
3,66.7,6.0,18.0,6.0,4.0,12.0,6.0,28.93,0.0,12.0,6.481,6.0,12.0,6.0,25,3,500
3,66.7,6.0,18.0,6.0,4.0,12.0,6.0,28.93,0.0,12.0,6.481,6.0,12.0,6.0,25,3,1000
2,50.0,3.0,6.0,3.0,2.0,12.0,6.0,10.26,0.0,12.0,3.742,6.0,12.0,6.0,25,4,100
3,66.7,6.0,18.0,6.0,4.0,12.0,6.0,28.93,0.0,12.0,6.481,6.0,12.0,6.0,25,4,150
3,66.7,6.0,18.0,6.0,4.0,12.0,6.0,28.93,0.0,12.0,6.481,6.0,12.0,6.0,25,4,200
3,66.7,6.0,18.0,6.0,4.0,12.0,6.0,28.93,0.0,12.0,6.481,6.0,12.0,6.0,25,4,300
3,66.7,6.0,18.0,6.0,4.0,12.0,6.0,28.93,0.0,12.0,6.481,6.0,12.0,6.0,25,4,500
3,66.7,6.0,18.0,6.0,4.0,12.0,6.0,28.93,0.0,12.0,6.481,6.0,12.0,6.0,25,4,1000
2,50.0,3.0,6.0,3.0,2.0,12.0,6.0,10.26,0.0,12.0,3.742,6.0,12.0,6.0,25,5,100
3,66.7,6.0,18.0,6.0,4.0,12.0,6.0,28.93,0.0,12.0,6.481,6.0,12.0,6.0,25,5,150
3,66.7,6.0,18.0,6.0,4.0,12.0,6.0,28.93,0.0,12.0,6.481,6.0,12.0,6.0,25,5,200
3,66.7,6.0,18.0,6.0,4.0,12.0,6.0,28.93,0.0,12.0,6.481,6.0,12.0,6.0,25,5,300
3,66.7,6.0,18.0,6.0,4.0,12.0,6.0,28.93,0.0,12.0,6.481,6.0,12.0,6.0,25,5,500
3,66.7,6.0,18.0,6.0,4.0,12.0,6.0,28.93,0.0,12.0,6.481,6.0,12.0,6.0,25,5,1000
2,50.0,3.0,6.0,3.0,2.0,12.0,6.0,10.26,0.0,12.0,3.742,6.0,12.0,6.0,25,7,100
3,66.7,6.0,18.0,6.0,4.0,12.0,6.0,28.93,0.0,12.0,6.481,6.0,12.0,6.0,25,7,150
3,66.7,6.0,18.0,6.0,4.0,12.0,6.0,28.93,0.0,12.0,6.481,6.0,12.0,6.0,25,7,200
3,66.7,6.0,18.0,6.0,4.0,12.0,6.0,28.93,0.0,12.0,6.481,6.0,12.0,6.0,25,7,300
3,66.7,6.0,18.0,6.0,4.0,12.0,6.0,28.93,0.0,12.0,6.481,6.0,12.0,6.0,25,7,500
3,66.7,6.0,18.0,6.0,4.0,12.0,6.0,28.93,0.0,12.0,6.481,6.0,12.0,6.0,25,7,1000
2,50.0,6.5,13.0,6.5,7.5,15.0,2.0,10.26,0.0,15.0,8.584,2.0,15.0,2.0,25,1,100
3,66.7,5.917,17.75,5.917,9.876,9.876,2.0,9.54,0.0,15.0,7.759,2.0,15.0,2.0,25,1,150
3,66.7,5.917,17.75,5.917,9.876,9.876,2.0,9.54,0.0,15.0,7.759,2.0,15.0,2.0,25,1,200
3,66.7,5.917,17.75,5.917,9.876,9.876,2.0,9.54,0.0,15.0,7.759,2.0,15.0,2.0,25,1,300
3,66.7,5.917,17.75,5.917,9.876,9.876,2.0,9.54,0.0,15.0,7.759,2.0,15.0,2.0,25,1,500
3,66.7,5.917,17.75,5.917,9.876,9.876,2.0,9.54,0.0,15.0,7.759,2.0,15.0,2.0,25,1,1000
2,50.0,6.5,13.0,6.5,7.5,15.0,2.0,10.26,0.0,15.0,8.584,2.0,15.0,2.0,25,2,100
3,66.7,9.333,28.0,9.3333,15.0,15.0,2.0,28.93,0.0,15.0,10.674,2.0,15.0,2.0,25,2,150
3,66.7,9.333,28.0,9.3333,15.0,15.0,2.0,28.93,0.0,15.0,10.674,2.0,15.0,2.0,25,2,200
3,66.7,9.333,28.0,9.3333,15.0,15.0,2.0,28.93,0.0,15.0,10.674,2.0,15.0,2.0,25,2,300
3,66.7,9.333,28.0,9.3333,15.0,15.0,2.0,28.93,0.0,15.0,10.674,2.0,15.0,2.0,25,2,500
3,66.7,9.333,28.0,9.3333,15.0,15.0,2.0,28.93,0.0,15.0,10.674,2.0,15.0,2.0,25,2,1000
2,50.0,6.5,13.0,6.5,7.5,15.0,2.0,10.26,0.0,15.0,8.584,2.0,15.0,2.0,25,3,100
3,66.7,9.333,28.0,9.3333,15.0,15.0,2.0,28.93,0.0,15.0,10.674,2.0,15.0,2.0,25,3,150
3,66.7,9.333,28.0,9.3333,15.0,15.0,2.0,28.93,0.0,15.0,10.674,2.0,15.0,2.0,25,3,200
3,66.7,9.333,28.0,9.3333,15.0,15.0,2.0,28.93,0.0,15.0,10.674,2.0,15.0,2.0,25,3,300
3,66.7,9.333,28.0,9.3333,15.0,15.0,2.0,28.93,0.0,15.0,10.674,2.0,15.0,2.0,25,3,500
3,66.7,9.333,28.0,9.3333,15.0,15.0,2.0,28.93,0.0,15.0,10.674,2.0,15.0,2.0,25,3,1000
2,50.0,6.5,13.0,6.5,7.5,15.0,2.0,10.26,0.0,15.0,8.584,2.0,15.0,2.0,25,4,100
3,66.7,9.333,28.0,9.3333,15.0,15.0,2.0,28.93,0.0,15.0,10.674,2.0,15.0,2.0,25,4,150
3,66.7,9.333,28.0,9.3333,15.0,15.0,2.0,28.93,0.0,15.0,10.674,2.0,15.0,2.0,25,4,200
3,66.7,9.333,28.0,9.3333,15.0,15.0,2.0,28.93,0.0,15.0,10.674,2.0,15.0,2.0,25,4,300
3,66.7,9.333,28.0,9.3333,15.0,15.0,2.0,28.93,0.0,15.0,10.674,2.0,15.0,2.0,25,4,500
3,66.7,9.333,28.0,9.3333,15.0,15.0,2.0,28.93,0.0,15.0,10.674,2.0,15.0,2.0,25,4,1000
2,50.0,6.5,13.0,6.5,7.5,15.0,2.0,10.26,0.0,15.0,8.584,2.0,15.0,2.0,25,5,100
3,66.7,9.333,28.0,9.3333,15.0,15.0,2.0,28.93,0.0,15.0,10.674,2.0,15.0,2.0,25,5,150
3,66.7,9.333,28.0,9.3333,15.0,15.0,2.0,28.93,0.0,15.0,10.674,2.0,15.0,2.0,25,5,200
3,66.7,9.333,28.0,9.3333,15.0,15.0,2.0,28.93,0.0,15.0,10.674,2.0,15.0,2.0,25,5,300
3,66.7,9.333,28.0,9.3333,15.0,15.0,2.0,28.93,0.0,15.0,10.674,2.0,15.0,2.0,25,5,500
3,66.7,9.333,28.0,9.3333,15.0,15.0,2.0,28.93,0.0,15.0,10.674,2.0,15.0,2.0,25,5,1000
2,50.0,6.5,13.0,6.5,7.5,15.0,2.0,10.26,0.0,15.0,8.584,2.0,15.0,2.0,25,7,100
3,66.7,9.333,28.0,9.3333,15.0,15.0,2.0,28.93,0.0,15.0,10.674,2.0,15.0,2.0,25,7,150
3,66.7,9.333,28.0,9.3333,15.0,15.0,2.0,28.93,0.0,15.0,10.674,2.0,15.0,2.0,25,7,200
3,66.7,9.333,28.0,9.3333,15.0,15.0,2.0,28.93,0.0,15.0,10.674,2.0,15.0,2.0,25,7,300
3,66.7,9.333,28.0,9.3333,15.0,15.0,2.0,28.93,0.0,15.0,10.674,2.0,15.0,2.0,25,7,500
3,66.7,9.333,28.0,9.3333,15.0,15.0,2.0,28.93,0.0,15.0,10.674,2.0,15.0,2.0,25,7,1000
2,50.0,6.0,12.0,6.0,5.0,15.0,3.0,10.26,0.0,15.0,7.483,3.0,15.0,3.0,25,1,100
3,66.7,5.584,16.75,5.5837,6.584,9.876,3.0,9.54,0.0,15.0,6.942,3.0,15.0,3.0,25,1,150
3,66.7,5.584,16.75,5.5837,6.584,9.876,3.0,9.54,0.0,15.0,6.942,3.0,15.0,3.0,25,1,200
3,66.7,5.584,16.75,5.5837,6.584,9.876,3.0,9.54,0.0,15.0,6.942,3.0,15.0,3.0,25,1,300
3,66.7,5.584,16.75,5.5837,6.584,9.876,3.0,9.54,0.0,15.0,6.942,3.0,15.0,3.0,25,1,500
3,66.7,5.584,16.75,5.5837,6.584,9.876,3.0,9.54,0.0,15.0,6.942,3.0,15.0,3.0,25,1,1000
2,50.0,6.0,12.0,6.0,5.0,15.0,3.0,10.26,0.0,15.0,7.483,3.0,15.0,3.0,25,2,100
3,66.7,9.0,27.0,9.0,10.0,15.0,3.0,28.93,0.0,15.0,9.721,3.0,15.0,3.0,25,2,150
3,66.7,9.0,27.0,9.0,10.0,15.0,3.0,28.93,0.0,15.0,9.721,3.0,15.0,3.0,25,2,200
3,66.7,9.0,27.0,9.0,10.0,15.0,3.0,28.93,0.0,15.0,9.721,3.0,15.0,3.0,25,2,300
3,66.7,9.0,27.0,9.0,10.0,15.0,3.0,28.93,0.0,15.0,9.721,3.0,15.0,3.0,25,2,500
3,66.7,9.0,27.0,9.0,10.0,15.0,3.0,28.93,0.0,15.0,9.721,3.0,15.0,3.0,25,2,1000
2,50.0,6.0,12.0,6.0,5.0,15.0,3.0,10.26,0.0,15.0,7.483,3.0,15.0,3.0,25,3,100
3,66.7,9.0,27.0,9.0,10.0,15.0,3.0,28.93,0.0,15.0,9.721,3.0,15.0,3.0,25,3,150
3,66.7,9.0,27.0,9.0,10.0,15.0,3.0,28.93,0.0,15.0,9.721,3.0,15.0,3.0,25,3,200
3,66.7,9.0,27.0,9.0,10.0,15.0,3.0,28.93,0.0,15.0,9.721,3.0,15.0,3.0,25,3,300
3,66.7,9.0,27.0,9.0,10.0,15.0,3.0,28.93,0.0,15.0,9.721,3.0,15.0,3.0,25,3,500
3,66.7,9.0,27.0,9.0,10.0,15.0,3.0,28.93,0.0,15.0,9.721,3.0,15.0,3.0,25,3,1000
2,50.0,6.0,12.0,6.0,5.0,15.0,3.0,10.26,0.0,15.0,7.483,3.0,15.0,3.0,25,4,100
3,66.7,9.0,27.0,9.0,10.0,15.0,3.0,28.93,0.0,15.0,9.721,3.0,15.0,3.0,25,4,150
3,66.7,9.0,27.0,9.0,10.0,15.0,3.0,28.93,0.0,15.0,9.721,3.0,15.0,3.0,25,4,200
3,66.7,9.0,27.0,9.0,10.0,15.0,3.0,28.93,0.0,15.0,9.721,3.0,15.0,3.0,25,4,300
3,66.7,9.0,27.0,9.0,10.0,15.0,3.0,28.93,0.0,15.0,9.721,3.0,15.0,3.0,25,4,500
3,66.7,9.0,27.0,9.0,10.0,15.0,3.0,28.93,0.0,15.0,9.721,3.0,15.0,3.0,25,4,1000
2,50.0,6.0,12.0,6.0,5.0,15.0,3.0,10.26,0.0,15.0,7.483,3.0,15.0,3.0,25,5,100
3,66.7,9.0,27.0,9.0,10.0,15.0,3.0,28.93,0.0,15.0,9.721,3.0,15.0,3.0,25,5,150
3,66.7,9.0,27.0,9.0,10.0,15.0,3.0,28.93,0.0,15.0,9.721,3.0,15.0,3.0,25,5,200
3,66.7,9.0,27.0,9.0,10.0,15.0,3.0,28.93,0.0,15.0,9.721,3.0,15.0,3.0,25,5,300
3,66.7,9.0,27.0,9.0,10.0,15.0,3.0,28.93,0.0,15.0,9.721,3.0,15.0,3.0,25,5,500
3,66.7,9.0,27.0,9.0,10.0,15.0,3.0,28.93,0.0,15.0,9.721,3.0,15.0,3.0,25,5,1000
2,50.0,6.0,12.0,6.0,5.0,15.0,3.0,10.26,0.0,15.0,7.483,3.0,15.0,3.0,25,7,100
3,66.7,9.0,27.0,9.0,10.0,15.0,3.0,28.93,0.0,15.0,9.721,3.0,15.0,3.0,25,7,150
3,66.7,9.0,27.0,9.0,10.0,15.0,3.0,28.93,0.0,15.0,9.721,3.0,15.0,3.0,25,7,200
3,66.7,9.0,27.0,9.0,10.0,15.0,3.0,28.93,0.0,15.0,9.721,3.0,15.0,3.0,25,7,300
3,66.7,9.0,27.0,9.0,10.0,15.0,3.0,28.93,0.0,15.0,9.721,3.0,15.0,3.0,25,7,500
3,66.7,9.0,27.0,9.0,10.0,15.0,3.0,28.93,0.0,15.0,9.721,3.0,15.0,3.0,25,7,1000
2,100.0,7.764,15.53,7.7645,99.0,7.764,0,10.26,0.0,15.0,12.046,0,15.0,4.0,25,1,100
3,100.0,6.76,20.28,6.76,99.0,6.76,0,9.54,0.0,15.0,10.197,0,15.0,4.0,25,1,150
3,100.0,6.76,20.28,6.76,99.0,6.76,0,9.54,0.0,15.0,10.197,0,15.0,4.0,25,1,200
3,100.0,6.76,20.28,6.76,99.0,6.76,0,9.54,0.0,15.0,10.197,0,15.0,4.0,25,1,300
3,100.0,6.76,20.28,6.76,99.0,6.76,0,9.54,0.0,15.0,10.197,0,15.0,4.0,25,1,500
3,100.0,6.76,20.28,6.76,99.0,6.76,0,9.54,0.0,15.0,10.197,0,15.0,4.0,25,1,1000
2,100.0,7.764,15.53,7.7645,99.0,7.764,0,10.26,0.0,15.0,12.046,0,15.0,4.0,25,2,100
3,100.0,10.176,30.53,10.1763,99.0,10.176,0,28.93,0.0,15.0,13.672,0,15.0,4.0,25,2,150
3,100.0,10.176,30.53,10.1763,99.0,10.176,0,28.93,0.0,15.0,13.672,0,15.0,4.0,25,2,200
3,100.0,10.176,30.53,10.1763,99.0,10.176,0,28.93,0.0,15.0,13.672,0,15.0,4.0,25,2,300
3,100.0,10.176,30.53,10.1763,99.0,10.176,0,28.93,0.0,15.0,13.672,0,15.0,4.0,25,2,500
3,100.0,10.176,30.53,10.1763,99.0,10.176,0,28.93,0.0,15.0,13.672,0,15.0,4.0,25,2,1000
2,50.0,5.5,11.0,5.5,3.75,15.0,4.0,10.26,0.0,15.0,6.499,4.0,15.0,4.0,25,3,100
3,66.7,8.667,26.0,8.6667,7.5,15.0,4.0,28.93,0.0,15.0,8.868,4.0,15.0,4.0,25,3,150
3,66.7,8.667,26.0,8.6667,7.5,15.0,4.0,28.93,0.0,15.0,8.868,4.0,15.0,4.0,25,3,200
3,66.7,8.667,26.0,8.6667,7.5,15.0,4.0,28.93,0.0,15.0,8.868,4.0,15.0,4.0,25,3,300
3,66.7,8.667,26.0,8.6667,7.5,15.0,4.0,28.93,0.0,15.0,8.868,4.0,15.0,4.0,25,3,500
3,66.7,8.667,26.0,8.6667,7.5,15.0,4.0,28.93,0.0,15.0,8.868,4.0,15.0,4.0,25,3,1000
2,50.0,5.5,11.0,5.5,3.75,15.0,4.0,10.26,0.0,15.0,6.499,4.0,15.0,4.0,25,4,100
3,66.7,8.667,26.0,8.6667,7.5,15.0,4.0,28.93,0.0,15.0,8.868,4.0,15.0,4.0,25,4,150
3,66.7,8.667,26.0,8.6667,7.5,15.0,4.0,28.93,0.0,15.0,8.868,4.0,15.0,4.0,25,4,200
3,66.7,8.667,26.0,8.6667,7.5,15.0,4.0,28.93,0.0,15.0,8.868,4.0,15.0,4.0,25,4,300
3,66.7,8.667,26.0,8.6667,7.5,15.0,4.0,28.93,0.0,15.0,8.868,4.0,15.0,4.0,25,4,500
3,66.7,8.667,26.0,8.6667,7.5,15.0,4.0,28.93,0.0,15.0,8.868,4.0,15.0,4.0,25,4,1000
2,50.0,5.5,11.0,5.5,3.75,15.0,4.0,10.26,0.0,15.0,6.499,4.0,15.0,4.0,25,5,100
3,66.7,8.667,26.0,8.6667,7.5,15.0,4.0,28.93,0.0,15.0,8.868,4.0,15.0,4.0,25,5,150
3,66.7,8.667,26.0,8.6667,7.5,15.0,4.0,28.93,0.0,15.0,8.868,4.0,15.0,4.0,25,5,200
3,66.7,8.667,26.0,8.6667,7.5,15.0,4.0,28.93,0.0,15.0,8.868,4.0,15.0,4.0,25,5,300
3,66.7,8.667,26.0,8.6667,7.5,15.0,4.0,28.93,0.0,15.0,8.868,4.0,15.0,4.0,25,5,500
3,66.7,8.667,26.0,8.6667,7.5,15.0,4.0,28.93,0.0,15.0,8.868,4.0,15.0,4.0,25,5,1000
2,50.0,5.5,11.0,5.5,3.75,15.0,4.0,10.26,0.0,15.0,6.499,4.0,15.0,4.0,25,7,100
3,66.7,8.667,26.0,8.6667,7.5,15.0,4.0,28.93,0.0,15.0,8.868,4.0,15.0,4.0,25,7,150
3,66.7,8.667,26.0,8.6667,7.5,15.0,4.0,28.93,0.0,15.0,8.868,4.0,15.0,4.0,25,7,200
3,66.7,8.667,26.0,8.6667,7.5,15.0,4.0,28.93,0.0,15.0,8.868,4.0,15.0,4.0,25,7,300
3,66.7,8.667,26.0,8.6667,7.5,15.0,4.0,28.93,0.0,15.0,8.868,4.0,15.0,4.0,25,7,500
3,66.7,8.667,26.0,8.6667,7.5,15.0,4.0,28.93,0.0,15.0,8.868,4.0,15.0,4.0,25,7,1000
2,100.0,7.764,15.53,7.7645,99.0,7.764,0,10.26,0.0,15.0,12.046,0,15.0,5.0,25,1,100
3,100.0,6.76,20.28,6.76,99.0,6.76,0,9.54,0.0,15.0,10.197,0,15.0,5.0,25,1,150
3,100.0,6.76,20.28,6.76,99.0,6.76,0,9.54,0.0,15.0,10.197,0,15.0,5.0,25,1,200
3,100.0,6.76,20.28,6.76,99.0,6.76,0,9.54,0.0,15.0,10.197,0,15.0,5.0,25,1,300
3,100.0,6.76,20.28,6.76,99.0,6.76,0,9.54,0.0,15.0,10.197,0,15.0,5.0,25,1,500
3,100.0,6.76,20.28,6.76,99.0,6.76,0,9.54,0.0,15.0,10.197,0,15.0,5.0,25,1,1000
2,100.0,7.764,15.53,7.7645,99.0,7.764,0,10.26,0.0,15.0,12.046,0,15.0,5.0,25,2,100
3,100.0,10.176,30.53,10.1763,99.0,10.176,0,28.93,0.0,15.0,13.672,0,15.0,5.0,25,2,150
3,100.0,10.176,30.53,10.1763,99.0,10.176,0,28.93,0.0,15.0,13.672,0,15.0,5.0,25,2,200
3,100.0,10.176,30.53,10.1763,99.0,10.176,0,28.93,0.0,15.0,13.672,0,15.0,5.0,25,2,300
3,100.0,10.176,30.53,10.1763,99.0,10.176,0,28.93,0.0,15.0,13.672,0,15.0,5.0,25,2,500
3,100.0,10.176,30.53,10.1763,99.0,10.176,0,28.93,0.0,15.0,13.672,0,15.0,5.0,25,2,1000
2,50.0,5.0,10.0,5.0,3.0,15.0,5.0,10.26,0.0,15.0,5.612,5.0,15.0,5.0,25,3,100
3,66.7,8.333,25.0,8.3333,6.0,15.0,5.0,28.93,0.0,15.0,8.101,5.0,15.0,5.0,25,3,150
3,66.7,8.333,25.0,8.3333,6.0,15.0,5.0,28.93,0.0,15.0,8.101,5.0,15.0,5.0,25,3,200
3,66.7,8.333,25.0,8.3333,6.0,15.0,5.0,28.93,0.0,15.0,8.101,5.0,15.0,5.0,25,3,300
3,66.7,8.333,25.0,8.3333,6.0,15.0,5.0,28.93,0.0,15.0,8.101,5.0,15.0,5.0,25,3,500
3,66.7,8.333,25.0,8.3333,6.0,15.0,5.0,28.93,0.0,15.0,8.101,5.0,15.0,5.0,25,3,1000
2,50.0,5.0,10.0,5.0,3.0,15.0,5.0,10.26,0.0,15.0,5.612,5.0,15.0,5.0,25,4,100
3,66.7,8.333,25.0,8.3333,6.0,15.0,5.0,28.93,0.0,15.0,8.101,5.0,15.0,5.0,25,4,150
3,66.7,8.333,25.0,8.3333,6.0,15.0,5.0,28.93,0.0,15.0,8.101,5.0,15.0,5.0,25,4,200
3,66.7,8.333,25.0,8.3333,6.0,15.0,5.0,28.93,0.0,15.0,8.101,5.0,15.0,5.0,25,4,300
3,66.7,8.333,25.0,8.3333,6.0,15.0,5.0,28.93,0.0,15.0,8.101,5.0,15.0,5.0,25,4,500
3,66.7,8.333,25.0,8.3333,6.0,15.0,5.0,28.93,0.0,15.0,8.101,5.0,15.0,5.0,25,4,1000
2,50.0,5.0,10.0,5.0,3.0,15.0,5.0,10.26,0.0,15.0,5.612,5.0,15.0,5.0,25,5,100
3,66.7,8.333,25.0,8.3333,6.0,15.0,5.0,28.93,0.0,15.0,8.101,5.0,15.0,5.0,25,5,150
3,66.7,8.333,25.0,8.3333,6.0,15.0,5.0,28.93,0.0,15.0,8.101,5.0,15.0,5.0,25,5,200
3,66.7,8.333,25.0,8.3333,6.0,15.0,5.0,28.93,0.0,15.0,8.101,5.0,15.0,5.0,25,5,300
3,66.7,8.333,25.0,8.3333,6.0,15.0,5.0,28.93,0.0,15.0,8.101,5.0,15.0,5.0,25,5,500
3,66.7,8.333,25.0,8.3333,6.0,15.0,5.0,28.93,0.0,15.0,8.101,5.0,15.0,5.0,25,5,1000
2,50.0,5.0,10.0,5.0,3.0,15.0,5.0,10.26,0.0,15.0,5.612,5.0,15.0,5.0,25,7,100
3,66.7,8.333,25.0,8.3333,6.0,15.0,5.0,28.93,0.0,15.0,8.101,5.0,15.0,5.0,25,7,150
3,66.7,8.333,25.0,8.3333,6.0,15.0,5.0,28.93,0.0,15.0,8.101,5.0,15.0,5.0,25,7,200
3,66.7,8.333,25.0,8.3333,6.0,15.0,5.0,28.93,0.0,15.0,8.101,5.0,15.0,5.0,25,7,300
3,66.7,8.333,25.0,8.3333,6.0,15.0,5.0,28.93,0.0,15.0,8.101,5.0,15.0,5.0,25,7,500
3,66.7,8.333,25.0,8.3333,6.0,15.0,5.0,28.93,0.0,15.0,8.101,5.0,15.0,5.0,25,7,1000
2,100.0,7.764,15.53,7.7645,99.0,7.764,0,10.26,0.0,15.0,12.046,0,15.0,6.0,25,1,100
3,100.0,6.76,20.28,6.76,99.0,6.76,0,9.54,0.0,15.0,10.197,0,15.0,6.0,25,1,150
3,100.0,6.76,20.28,6.76,99.0,6.76,0,9.54,0.0,15.0,10.197,0,15.0,6.0,25,1,200
3,100.0,6.76,20.28,6.76,99.0,6.76,0,9.54,0.0,15.0,10.197,0,15.0,6.0,25,1,300
3,100.0,6.76,20.28,6.76,99.0,6.76,0,9.54,0.0,15.0,10.197,0,15.0,6.0,25,1,500
3,100.0,6.76,20.28,6.76,99.0,6.76,0,9.54,0.0,15.0,10.197,0,15.0,6.0,25,1,1000
2,100.0,7.764,15.53,7.7645,99.0,7.764,0,10.26,0.0,15.0,12.046,0,15.0,6.0,25,2,100
3,100.0,10.176,30.53,10.1763,99.0,10.176,0,28.93,0.0,15.0,13.672,0,15.0,6.0,25,2,150
3,100.0,10.176,30.53,10.1763,99.0,10.176,0,28.93,0.0,15.0,13.672,0,15.0,6.0,25,2,200
3,100.0,10.176,30.53,10.1763,99.0,10.176,0,28.93,0.0,15.0,13.672,0,15.0,6.0,25,2,300
3,100.0,10.176,30.53,10.1763,99.0,10.176,0,28.93,0.0,15.0,13.672,0,15.0,6.0,25,2,500
3,100.0,10.176,30.53,10.1763,99.0,10.176,0,28.93,0.0,15.0,13.672,0,15.0,6.0,25,2,1000
2,50.0,4.5,9.0,4.5,2.5,15.0,6.0,10.26,0.0,15.0,4.811,6.0,15.0,6.0,25,3,100
3,66.7,8.0,24.0,8.0,5.0,15.0,6.0,28.93,0.0,15.0,7.407,6.0,15.0,6.0,25,3,150
3,66.7,8.0,24.0,8.0,5.0,15.0,6.0,28.93,0.0,15.0,7.407,6.0,15.0,6.0,25,3,200
3,66.7,8.0,24.0,8.0,5.0,15.0,6.0,28.93,0.0,15.0,7.407,6.0,15.0,6.0,25,3,300
3,66.7,8.0,24.0,8.0,5.0,15.0,6.0,28.93,0.0,15.0,7.407,6.0,15.0,6.0,25,3,500
3,66.7,8.0,24.0,8.0,5.0,15.0,6.0,28.93,0.0,15.0,7.407,6.0,15.0,6.0,25,3,1000
2,50.0,4.5,9.0,4.5,2.5,15.0,6.0,10.26,0.0,15.0,4.811,6.0,15.0,6.0,25,4,100
3,66.7,8.0,24.0,8.0,5.0,15.0,6.0,28.93,0.0,15.0,7.407,6.0,15.0,6.0,25,4,150
3,66.7,8.0,24.0,8.0,5.0,15.0,6.0,28.93,0.0,15.0,7.407,6.0,15.0,6.0,25,4,200
3,66.7,8.0,24.0,8.0,5.0,15.0,6.0,28.93,0.0,15.0,7.407,6.0,15.0,6.0,25,4,300
3,66.7,8.0,24.0,8.0,5.0,15.0,6.0,28.93,0.0,15.0,7.407,6.0,15.0,6.0,25,4,500
3,66.7,8.0,24.0,8.0,5.0,15.0,6.0,28.93,0.0,15.0,7.407,6.0,15.0,6.0,25,4,1000
2,50.0,4.5,9.0,4.5,2.5,15.0,6.0,10.26,0.0,15.0,4.811,6.0,15.0,6.0,25,5,100
3,66.7,8.0,24.0,8.0,5.0,15.0,6.0,28.93,0.0,15.0,7.407,6.0,15.0,6.0,25,5,150
3,66.7,8.0,24.0,8.0,5.0,15.0,6.0,28.93,0.0,15.0,7.407,6.0,15.0,6.0,25,5,200
3,66.7,8.0,24.0,8.0,5.0,15.0,6.0,28.93,0.0,15.0,7.407,6.0,15.0,6.0,25,5,300
3,66.7,8.0,24.0,8.0,5.0,15.0,6.0,28.93,0.0,15.0,7.407,6.0,15.0,6.0,25,5,500
3,66.7,8.0,24.0,8.0,5.0,15.0,6.0,28.93,0.0,15.0,7.407,6.0,15.0,6.0,25,5,1000
2,50.0,4.5,9.0,4.5,2.5,15.0,6.0,10.26,0.0,15.0,4.811,6.0,15.0,6.0,25,7,100
3,66.7,8.0,24.0,8.0,5.0,15.0,6.0,28.93,0.0,15.0,7.407,6.0,15.0,6.0,25,7,150
3,66.7,8.0,24.0,8.0,5.0,15.0,6.0,28.93,0.0,15.0,7.407,6.0,15.0,6.0,25,7,200
3,66.7,8.0,24.0,8.0,5.0,15.0,6.0,28.93,0.0,15.0,7.407,6.0,15.0,6.0,25,7,300
3,66.7,8.0,24.0,8.0,5.0,15.0,6.0,28.93,0.0,15.0,7.407,6.0,15.0,6.0,25,7,500
3,66.7,8.0,24.0,8.0,5.0,15.0,6.0,28.93,0.0,15.0,7.407,6.0,15.0,6.0,25,7,1000
2,50.0,9.0,18.0,9.0,10.0,20.0,2.0,10.26,0.0,20.0,9.184,2.0,20.0,2.0,25,1,100
3,66.7,7.584,22.75,7.5837,12.376,12.376,2.0,9.54,0.0,20.0,7.553,2.0,20.0,2.0,25,1,150
3,66.7,7.584,22.75,7.5837,12.376,12.376,2.0,9.54,0.0,20.0,7.553,2.0,20.0,2.0,25,1,200
3,66.7,7.584,22.75,7.5837,12.376,12.376,2.0,9.54,0.0,20.0,7.553,2.0,20.0,2.0,25,1,300
3,66.7,7.584,22.75,7.5837,12.376,12.376,2.0,9.54,0.0,20.0,7.553,2.0,20.0,2.0,25,1,500
3,66.7,7.584,22.75,7.5837,12.376,12.376,2.0,9.54,0.0,20.0,7.553,2.0,20.0,2.0,25,1,1000
2,50.0,9.0,18.0,9.0,10.0,20.0,2.0,10.26,0.0,20.0,9.184,2.0,20.0,2.0,25,2,100
3,66.7,12.667,38.0,12.6667,20.0,20.0,2.0,28.93,0.0,20.0,11.194,2.0,20.0,2.0,25,2,150
3,66.7,12.667,38.0,12.6667,20.0,20.0,2.0,28.93,0.0,20.0,11.194,2.0,20.0,2.0,25,2,200
3,66.7,12.667,38.0,12.6667,20.0,20.0,2.0,28.93,0.0,20.0,11.194,2.0,20.0,2.0,25,2,300
3,66.7,12.667,38.0,12.6667,20.0,20.0,2.0,28.93,0.0,20.0,11.194,2.0,20.0,2.0,25,2,500
3,66.7,12.667,38.0,12.6667,20.0,20.0,2.0,28.93,0.0,20.0,11.194,2.0,20.0,2.0,25,2,1000
2,50.0,9.0,18.0,9.0,10.0,20.0,2.0,10.26,0.0,20.0,9.184,2.0,20.0,2.0,25,3,100
3,66.7,12.667,38.0,12.6667,20.0,20.0,2.0,28.93,0.0,20.0,11.194,2.0,20.0,2.0,25,3,150
3,66.7,12.667,38.0,12.6667,20.0,20.0,2.0,28.93,0.0,20.0,11.194,2.0,20.0,2.0,25,3,200
3,66.7,12.667,38.0,12.6667,20.0,20.0,2.0,28.93,0.0,20.0,11.194,2.0,20.0,2.0,25,3,300
3,66.7,12.667,38.0,12.6667,20.0,20.0,2.0,28.93,0.0,20.0,11.194,2.0,20.0,2.0,25,3,500
3,66.7,12.667,38.0,12.6667,20.0,20.0,2.0,28.93,0.0,20.0,11.194,2.0,20.0,2.0,25,3,1000
2,50.0,9.0,18.0,9.0,10.0,20.0,2.0,10.26,0.0,20.0,9.184,2.0,20.0,2.0,25,4,100
3,66.7,12.667,38.0,12.6667,20.0,20.0,2.0,28.93,0.0,20.0,11.194,2.0,20.0,2.0,25,4,150
3,66.7,12.667,38.0,12.6667,20.0,20.0,2.0,28.93,0.0,20.0,11.194,2.0,20.0,2.0,25,4,200
3,66.7,12.667,38.0,12.6667,20.0,20.0,2.0,28.93,0.0,20.0,11.194,2.0,20.0,2.0,25,4,300
3,66.7,12.667,38.0,12.6667,20.0,20.0,2.0,28.93,0.0,20.0,11.194,2.0,20.0,2.0,25,4,500
3,66.7,12.667,38.0,12.6667,20.0,20.0,2.0,28.93,0.0,20.0,11.194,2.0,20.0,2.0,25,4,1000
2,50.0,9.0,18.0,9.0,10.0,20.0,2.0,10.26,0.0,20.0,9.184,2.0,20.0,2.0,25,5,100
3,66.7,12.667,38.0,12.6667,20.0,20.0,2.0,28.93,0.0,20.0,11.194,2.0,20.0,2.0,25,5,150
3,66.7,12.667,38.0,12.6667,20.0,20.0,2.0,28.93,0.0,20.0,11.194,2.0,20.0,2.0,25,5,200
3,66.7,12.667,38.0,12.6667,20.0,20.0,2.0,28.93,0.0,20.0,11.194,2.0,20.0,2.0,25,5,300
3,66.7,12.667,38.0,12.6667,20.0,20.0,2.0,28.93,0.0,20.0,11.194,2.0,20.0,2.0,25,5,500
3,66.7,12.667,38.0,12.6667,20.0,20.0,2.0,28.93,0.0,20.0,11.194,2.0,20.0,2.0,25,5,1000
2,50.0,9.0,18.0,9.0,10.0,20.0,2.0,10.26,0.0,20.0,9.184,2.0,20.0,2.0,25,7,100
3,66.7,12.667,38.0,12.6667,20.0,20.0,2.0,28.93,0.0,20.0,11.194,2.0,20.0,2.0,25,7,150
3,66.7,12.667,38.0,12.6667,20.0,20.0,2.0,28.93,0.0,20.0,11.194,2.0,20.0,2.0,25,7,200
3,66.7,12.667,38.0,12.6667,20.0,20.0,2.0,28.93,0.0,20.0,11.194,2.0,20.0,2.0,25,7,300
3,66.7,12.667,38.0,12.6667,20.0,20.0,2.0,28.93,0.0,20.0,11.194,2.0,20.0,2.0,25,7,500
3,66.7,12.667,38.0,12.6667,20.0,20.0,2.0,28.93,0.0,20.0,11.194,2.0,20.0,2.0,25,7,1000
2,50.0,8.5,17.0,8.5,6.667,20.0,3.0,10.26,0.0,20.0,8.297,3.0,20.0,3.0,25,1,100
3,66.7,7.25,21.75,7.2503,8.25,12.376,3.0,9.54,0.0,20.0,6.955,3.0,20.0,3.0,25,1,150
3,66.7,7.25,21.75,7.2503,8.25,12.376,3.0,9.54,0.0,20.0,6.955,3.0,20.0,3.0,25,1,200
3,66.7,7.25,21.75,7.2503,8.25,12.376,3.0,9.54,0.0,20.0,6.955,3.0,20.0,3.0,25,1,300
3,66.7,7.25,21.75,7.2503,8.25,12.376,3.0,9.54,0.0,20.0,6.955,3.0,20.0,3.0,25,1,500
3,66.7,7.25,21.75,7.2503,8.25,12.376,3.0,9.54,0.0,20.0,6.955,3.0,20.0,3.0,25,1,1000
2,50.0,8.5,17.0,8.5,6.667,20.0,3.0,10.26,0.0,20.0,8.297,3.0,20.0,3.0,25,2,100
3,66.7,12.333,37.0,12.3333,13.333,20.0,3.0,28.93,0.0,20.0,10.426,3.0,20.0,3.0,25,2,150
3,66.7,12.333,37.0,12.3333,13.333,20.0,3.0,28.93,0.0,20.0,10.426,3.0,20.0,3.0,25,2,200
3,66.7,12.333,37.0,12.3333,13.333,20.0,3.0,28.93,0.0,20.0,10.426,3.0,20.0,3.0,25,2,300
3,66.7,12.333,37.0,12.3333,13.333,20.0,3.0,28.93,0.0,20.0,10.426,3.0,20.0,3.0,25,2,500
3,66.7,12.333,37.0,12.3333,13.333,20.0,3.0,28.93,0.0,20.0,10.426,3.0,20.0,3.0,25,2,1000
2,50.0,8.5,17.0,8.5,6.667,20.0,3.0,10.26,0.0,20.0,8.297,3.0,20.0,3.0,25,3,100
3,66.7,12.333,37.0,12.3333,13.333,20.0,3.0,28.93,0.0,20.0,10.426,3.0,20.0,3.0,25,3,150
3,66.7,12.333,37.0,12.3333,13.333,20.0,3.0,28.93,0.0,20.0,10.426,3.0,20.0,3.0,25,3,200
3,66.7,12.333,37.0,12.3333,13.333,20.0,3.0,28.93,0.0,20.0,10.426,3.0,20.0,3.0,25,3,300
3,66.7,12.333,37.0,12.3333,13.333,20.0,3.0,28.93,0.0,20.0,10.426,3.0,20.0,3.0,25,3,500
3,66.7,12.333,37.0,12.3333,13.333,20.0,3.0,28.93,0.0,20.0,10.426,3.0,20.0,3.0,25,3,1000
2,50.0,8.5,17.0,8.5,6.667,20.0,3.0,10.26,0.0,20.0,8.297,3.0,20.0,3.0,25,4,100
3,66.7,12.333,37.0,12.3333,13.333,20.0,3.0,28.93,0.0,20.0,10.426,3.0,20.0,3.0,25,4,150
3,66.7,12.333,37.0,12.3333,13.333,20.0,3.0,28.93,0.0,20.0,10.426,3.0,20.0,3.0,25,4,200
3,66.7,12.333,37.0,12.3333,13.333,20.0,3.0,28.93,0.0,20.0,10.426,3.0,20.0,3.0,25,4,300
3,66.7,12.333,37.0,12.3333,13.333,20.0,3.0,28.93,0.0,20.0,10.426,3.0,20.0,3.0,25,4,500
3,66.7,12.333,37.0,12.3333,13.333,20.0,3.0,28.93,0.0,20.0,10.426,3.0,20.0,3.0,25,4,1000
2,50.0,8.5,17.0,8.5,6.667,20.0,3.0,10.26,0.0,20.0,8.297,3.0,20.0,3.0,25,5,100
3,66.7,12.333,37.0,12.3333,13.333,20.0,3.0,28.93,0.0,20.0,10.426,3.0,20.0,3.0,25,5,150
3,66.7,12.333,37.0,12.3333,13.333,20.0,3.0,28.93,0.0,20.0,10.426,3.0,20.0,3.0,25,5,200
3,66.7,12.333,37.0,12.3333,13.333,20.0,3.0,28.93,0.0,20.0,10.426,3.0,20.0,3.0,25,5,300
3,66.7,12.333,37.0,12.3333,13.333,20.0,3.0,28.93,0.0,20.0,10.426,3.0,20.0,3.0,25,5,500
3,66.7,12.333,37.0,12.3333,13.333,20.0,3.0,28.93,0.0,20.0,10.426,3.0,20.0,3.0,25,5,1000
2,50.0,8.5,17.0,8.5,6.667,20.0,3.0,10.26,0.0,20.0,8.297,3.0,20.0,3.0,25,7,100
3,66.7,12.333,37.0,12.3333,13.333,20.0,3.0,28.93,0.0,20.0,10.426,3.0,20.0,3.0,25,7,150
3,66.7,12.333,37.0,12.3333,13.333,20.0,3.0,28.93,0.0,20.0,10.426,3.0,20.0,3.0,25,7,200
3,66.7,12.333,37.0,12.3333,13.333,20.0,3.0,28.93,0.0,20.0,10.426,3.0,20.0,3.0,25,7,300
3,66.7,12.333,37.0,12.3333,13.333,20.0,3.0,28.93,0.0,20.0,10.426,3.0,20.0,3.0,25,7,500
3,66.7,12.333,37.0,12.3333,13.333,20.0,3.0,28.93,0.0,20.0,10.426,3.0,20.0,3.0,25,7,1000
2,100.0,10.264,20.53,10.2645,99.0,10.264,0,10.26,0.0,20.0,11.835,0,20.0,4.0,25,1,100
3,100.0,8.427,25.28,8.4267,99.0,8.427,0,9.54,0.0,20.0,9.235,0,20.0,4.0,25,1,150
3,100.0,8.427,25.28,8.4267,99.0,8.427,0,9.54,0.0,20.0,9.235,0,20.0,4.0,25,1,200
3,100.0,8.427,25.28,8.4267,99.0,8.427,0,9.54,0.0,20.0,9.235,0,20.0,4.0,25,1,300
3,100.0,8.427,25.28,8.4267,99.0,8.427,0,9.54,0.0,20.0,9.235,0,20.0,4.0,25,1,500
3,100.0,8.427,25.28,8.4267,99.0,8.427,0,9.54,0.0,20.0,9.235,0,20.0,4.0,25,1,1000
2,100.0,10.264,20.53,10.2645,99.0,10.264,0,10.26,0.0,20.0,11.835,0,20.0,4.0,25,2,100
3,100.0,13.51,40.53,13.5097,99.0,13.51,0,28.93,0.0,20.0,13.49,0,20.0,4.0,25,2,150
3,100.0,13.51,40.53,13.5097,99.0,13.51,0,28.93,0.0,20.0,13.49,0,20.0,4.0,25,2,200
3,100.0,13.51,40.53,13.5097,99.0,13.51,0,28.93,0.0,20.0,13.49,0,20.0,4.0,25,2,300
3,100.0,13.51,40.53,13.5097,99.0,13.51,0,28.93,0.0,20.0,13.49,0,20.0,4.0,25,2,500
3,100.0,13.51,40.53,13.5097,99.0,13.51,0,28.93,0.0,20.0,13.49,0,20.0,4.0,25,2,1000
2,50.0,8.0,16.0,8.0,5.0,20.0,4.0,10.26,0.0,20.0,7.483,4.0,20.0,4.0,25,3,100
3,66.7,12.0,36.0,12.0,10.0,20.0,4.0,28.93,0.0,20.0,9.721,4.0,20.0,4.0,25,3,150
3,66.7,12.0,36.0,12.0,10.0,20.0,4.0,28.93,0.0,20.0,9.721,4.0,20.0,4.0,25,3,200
3,66.7,12.0,36.0,12.0,10.0,20.0,4.0,28.93,0.0,20.0,9.721,4.0,20.0,4.0,25,3,300
3,66.7,12.0,36.0,12.0,10.0,20.0,4.0,28.93,0.0,20.0,9.721,4.0,20.0,4.0,25,3,500
3,66.7,12.0,36.0,12.0,10.0,20.0,4.0,28.93,0.0,20.0,9.721,4.0,20.0,4.0,25,3,1000
2,50.0,8.0,16.0,8.0,5.0,20.0,4.0,10.26,0.0,20.0,7.483,4.0,20.0,4.0,25,4,100
3,66.7,12.0,36.0,12.0,10.0,20.0,4.0,28.93,0.0,20.0,9.721,4.0,20.0,4.0,25,4,150
3,66.7,12.0,36.0,12.0,10.0,20.0,4.0,28.93,0.0,20.0,9.721,4.0,20.0,4.0,25,4,200
3,66.7,12.0,36.0,12.0,10.0,20.0,4.0,28.93,0.0,20.0,9.721,4.0,20.0,4.0,25,4,300
3,66.7,12.0,36.0,12.0,10.0,20.0,4.0,28.93,0.0,20.0,9.721,4.0,20.0,4.0,25,4,500
3,66.7,12.0,36.0,12.0,10.0,20.0,4.0,28.93,0.0,20.0,9.721,4.0,20.0,4.0,25,4,1000
2,50.0,8.0,16.0,8.0,5.0,20.0,4.0,10.26,0.0,20.0,7.483,4.0,20.0,4.0,25,5,100
3,66.7,12.0,36.0,12.0,10.0,20.0,4.0,28.93,0.0,20.0,9.721,4.0,20.0,4.0,25,5,150
3,66.7,12.0,36.0,12.0,10.0,20.0,4.0,28.93,0.0,20.0,9.721,4.0,20.0,4.0,25,5,200
3,66.7,12.0,36.0,12.0,10.0,20.0,4.0,28.93,0.0,20.0,9.721,4.0,20.0,4.0,25,5,300
3,66.7,12.0,36.0,12.0,10.0,20.0,4.0,28.93,0.0,20.0,9.721,4.0,20.0,4.0,25,5,500
3,66.7,12.0,36.0,12.0,10.0,20.0,4.0,28.93,0.0,20.0,9.721,4.0,20.0,4.0,25,5,1000
2,50.0,8.0,16.0,8.0,5.0,20.0,4.0,10.26,0.0,20.0,7.483,4.0,20.0,4.0,25,7,100
3,66.7,12.0,36.0,12.0,10.0,20.0,4.0,28.93,0.0,20.0,9.721,4.0,20.0,4.0,25,7,150
3,66.7,12.0,36.0,12.0,10.0,20.0,4.0,28.93,0.0,20.0,9.721,4.0,20.0,4.0,25,7,200
3,66.7,12.0,36.0,12.0,10.0,20.0,4.0,28.93,0.0,20.0,9.721,4.0,20.0,4.0,25,7,300
3,66.7,12.0,36.0,12.0,10.0,20.0,4.0,28.93,0.0,20.0,9.721,4.0,20.0,4.0,25,7,500
3,66.7,12.0,36.0,12.0,10.0,20.0,4.0,28.93,0.0,20.0,9.721,4.0,20.0,4.0,25,7,1000
2,100.0,10.264,20.53,10.2645,99.0,10.264,0,10.26,0.0,20.0,11.835,0,20.0,5.0,25,1,100
3,100.0,8.427,25.28,8.4267,99.0,8.427,0,9.54,0.0,20.0,9.235,0,20.0,5.0,25,1,150
3,100.0,8.427,25.28,8.4267,99.0,8.427,0,9.54,0.0,20.0,9.235,0,20.0,5.0,25,1,200
3,100.0,8.427,25.28,8.4267,99.0,8.427,0,9.54,0.0,20.0,9.235,0,20.0,5.0,25,1,300
3,100.0,8.427,25.28,8.4267,99.0,8.427,0,9.54,0.0,20.0,9.235,0,20.0,5.0,25,1,500
3,100.0,8.427,25.28,8.4267,99.0,8.427,0,9.54,0.0,20.0,9.235,0,20.0,5.0,25,1,1000
2,100.0,10.264,20.53,10.2645,99.0,10.264,0,10.26,0.0,20.0,11.835,0,20.0,5.0,25,2,100
3,100.0,13.51,40.53,13.5097,99.0,13.51,0,28.93,0.0,20.0,13.49,0,20.0,5.0,25,2,150
3,100.0,13.51,40.53,13.5097,99.0,13.51,0,28.93,0.0,20.0,13.49,0,20.0,5.0,25,2,200
3,100.0,13.51,40.53,13.5097,99.0,13.51,0,28.93,0.0,20.0,13.49,0,20.0,5.0,25,2,300
3,100.0,13.51,40.53,13.5097,99.0,13.51,0,28.93,0.0,20.0,13.49,0,20.0,5.0,25,2,500
3,100.0,13.51,40.53,13.5097,99.0,13.51,0,28.93,0.0,20.0,13.49,0,20.0,5.0,25,2,1000
2,50.0,7.5,15.0,7.5,4.0,20.0,5.0,10.26,0.0,20.0,6.735,5.0,20.0,5.0,25,3,100
3,66.7,11.667,35.0,11.6667,8.0,20.0,5.0,28.93,0.0,20.0,9.073,5.0,20.0,5.0,25,3,150
3,66.7,11.667,35.0,11.6667,8.0,20.0,5.0,28.93,0.0,20.0,9.073,5.0,20.0,5.0,25,3,200
3,66.7,11.667,35.0,11.6667,8.0,20.0,5.0,28.93,0.0,20.0,9.073,5.0,20.0,5.0,25,3,300
3,66.7,11.667,35.0,11.6667,8.0,20.0,5.0,28.93,0.0,20.0,9.073,5.0,20.0,5.0,25,3,500
3,66.7,11.667,35.0,11.6667,8.0,20.0,5.0,28.93,0.0,20.0,9.073,5.0,20.0,5.0,25,3,1000
2,50.0,7.5,15.0,7.5,4.0,20.0,5.0,10.26,0.0,20.0,6.735,5.0,20.0,5.0,25,4,100
3,66.7,11.667,35.0,11.6667,8.0,20.0,5.0,28.93,0.0,20.0,9.073,5.0,20.0,5.0,25,4,150
3,66.7,11.667,35.0,11.6667,8.0,20.0,5.0,28.93,0.0,20.0,9.073,5.0,20.0,5.0,25,4,200
3,66.7,11.667,35.0,11.6667,8.0,20.0,5.0,28.93,0.0,20.0,9.073,5.0,20.0,5.0,25,4,300
3,66.7,11.667,35.0,11.6667,8.0,20.0,5.0,28.93,0.0,20.0,9.073,5.0,20.0,5.0,25,4,500
3,66.7,11.667,35.0,11.6667,8.0,20.0,5.0,28.93,0.0,20.0,9.073,5.0,20.0,5.0,25,4,1000
2,50.0,7.5,15.0,7.5,4.0,20.0,5.0,10.26,0.0,20.0,6.735,5.0,20.0,5.0,25,5,100
3,66.7,11.667,35.0,11.6667,8.0,20.0,5.0,28.93,0.0,20.0,9.073,5.0,20.0,5.0,25,5,150
3,66.7,11.667,35.0,11.6667,8.0,20.0,5.0,28.93,0.0,20.0,9.073,5.0,20.0,5.0,25,5,200
3,66.7,11.667,35.0,11.6667,8.0,20.0,5.0,28.93,0.0,20.0,9.073,5.0,20.0,5.0,25,5,300
3,66.7,11.667,35.0,11.6667,8.0,20.0,5.0,28.93,0.0,20.0,9.073,5.0,20.0,5.0,25,5,500
3,66.7,11.667,35.0,11.6667,8.0,20.0,5.0,28.93,0.0,20.0,9.073,5.0,20.0,5.0,25,5,1000
2,50.0,7.5,15.0,7.5,4.0,20.0,5.0,10.26,0.0,20.0,6.735,5.0,20.0,5.0,25,7,100
3,66.7,11.667,35.0,11.6667,8.0,20.0,5.0,28.93,0.0,20.0,9.073,5.0,20.0,5.0,25,7,150
3,66.7,11.667,35.0,11.6667,8.0,20.0,5.0,28.93,0.0,20.0,9.073,5.0,20.0,5.0,25,7,200
3,66.7,11.667,35.0,11.6667,8.0,20.0,5.0,28.93,0.0,20.0,9.073,5.0,20.0,5.0,25,7,300
3,66.7,11.667,35.0,11.6667,8.0,20.0,5.0,28.93,0.0,20.0,9.073,5.0,20.0,5.0,25,7,500
3,66.7,11.667,35.0,11.6667,8.0,20.0,5.0,28.93,0.0,20.0,9.073,5.0,20.0,5.0,25,7,1000
2,100.0,10.264,20.53,10.2645,99.0,10.264,0,10.26,0.0,20.0,11.835,0,20.0,6.0,25,1,100
3,100.0,8.427,25.28,8.4267,99.0,8.427,0,9.54,0.0,20.0,9.235,0,20.0,6.0,25,1,150
3,100.0,8.427,25.28,8.4267,99.0,8.427,0,9.54,0.0,20.0,9.235,0,20.0,6.0,25,1,200
3,100.0,8.427,25.28,8.4267,99.0,8.427,0,9.54,0.0,20.0,9.235,0,20.0,6.0,25,1,300
3,100.0,8.427,25.28,8.4267,99.0,8.427,0,9.54,0.0,20.0,9.235,0,20.0,6.0,25,1,500
3,100.0,8.427,25.28,8.4267,99.0,8.427,0,9.54,0.0,20.0,9.235,0,20.0,6.0,25,1,1000
2,100.0,10.264,20.53,10.2645,99.0,10.264,0,10.26,0.0,20.0,11.835,0,20.0,6.0,25,2,100
3,100.0,13.51,40.53,13.5097,99.0,13.51,0,28.93,0.0,20.0,13.49,0,20.0,6.0,25,2,150
3,100.0,13.51,40.53,13.5097,99.0,13.51,0,28.93,0.0,20.0,13.49,0,20.0,6.0,25,2,200
3,100.0,13.51,40.53,13.5097,99.0,13.51,0,28.93,0.0,20.0,13.49,0,20.0,6.0,25,2,300
3,100.0,13.51,40.53,13.5097,99.0,13.51,0,28.93,0.0,20.0,13.49,0,20.0,6.0,25,2,500
3,100.0,13.51,40.53,13.5097,99.0,13.51,0,28.93,0.0,20.0,13.49,0,20.0,6.0,25,2,1000
2,50.0,7.0,14.0,7.0,3.333,20.0,6.0,10.26,0.0,20.0,6.044,6.0,20.0,6.0,25,3,100
3,66.7,11.333,34.0,11.3333,6.667,20.0,6.0,28.93,0.0,20.0,8.475,6.0,20.0,6.0,25,3,150
3,66.7,11.333,34.0,11.3333,6.667,20.0,6.0,28.93,0.0,20.0,8.475,6.0,20.0,6.0,25,3,200
3,66.7,11.333,34.0,11.3333,6.667,20.0,6.0,28.93,0.0,20.0,8.475,6.0,20.0,6.0,25,3,300
3,66.7,11.333,34.0,11.3333,6.667,20.0,6.0,28.93,0.0,20.0,8.475,6.0,20.0,6.0,25,3,500
3,66.7,11.333,34.0,11.3333,6.667,20.0,6.0,28.93,0.0,20.0,8.475,6.0,20.0,6.0,25,3,1000
2,50.0,7.0,14.0,7.0,3.333,20.0,6.0,10.26,0.0,20.0,6.044,6.0,20.0,6.0,25,4,100
3,66.7,11.333,34.0,11.3333,6.667,20.0,6.0,28.93,0.0,20.0,8.475,6.0,20.0,6.0,25,4,150
3,66.7,11.333,34.0,11.3333,6.667,20.0,6.0,28.93,0.0,20.0,8.475,6.0,20.0,6.0,25,4,200
3,66.7,11.333,34.0,11.3333,6.667,20.0,6.0,28.93,0.0,20.0,8.475,6.0,20.0,6.0,25,4,300
3,66.7,11.333,34.0,11.3333,6.667,20.0,6.0,28.93,0.0,20.0,8.475,6.0,20.0,6.0,25,4,500
3,66.7,11.333,34.0,11.3333,6.667,20.0,6.0,28.93,0.0,20.0,8.475,6.0,20.0,6.0,25,4,1000
2,50.0,7.0,14.0,7.0,3.333,20.0,6.0,10.26,0.0,20.0,6.044,6.0,20.0,6.0,25,5,100
3,66.7,11.333,34.0,11.3333,6.667,20.0,6.0,28.93,0.0,20.0,8.475,6.0,20.0,6.0,25,5,150
3,66.7,11.333,34.0,11.3333,6.667,20.0,6.0,28.93,0.0,20.0,8.475,6.0,20.0,6.0,25,5,200
3,66.7,11.333,34.0,11.3333,6.667,20.0,6.0,28.93,0.0,20.0,8.475,6.0,20.0,6.0,25,5,300
3,66.7,11.333,34.0,11.3333,6.667,20.0,6.0,28.93,0.0,20.0,8.475,6.0,20.0,6.0,25,5,500
3,66.7,11.333,34.0,11.3333,6.667,20.0,6.0,28.93,0.0,20.0,8.475,6.0,20.0,6.0,25,5,1000
2,50.0,7.0,14.0,7.0,3.333,20.0,6.0,10.26,0.0,20.0,6.044,6.0,20.0,6.0,25,7,100
3,66.7,11.333,34.0,11.3333,6.667,20.0,6.0,28.93,0.0,20.0,8.475,6.0,20.0,6.0,25,7,150
3,66.7,11.333,34.0,11.3333,6.667,20.0,6.0,28.93,0.0,20.0,8.475,6.0,20.0,6.0,25,7,200
3,66.7,11.333,34.0,11.3333,6.667,20.0,6.0,28.93,0.0,20.0,8.475,6.0,20.0,6.0,25,7,300
3,66.7,11.333,34.0,11.3333,6.667,20.0,6.0,28.93,0.0,20.0,8.475,6.0,20.0,6.0,25,7,500
3,66.7,11.333,34.0,11.3333,6.667,20.0,6.0,28.93,0.0,20.0,8.475,6.0,20.0,6.0,25,7,1000
2,50.0,1.5,3.0,1.5,2.5,5.0,2.0,10.26,0.0,5.0,4.811,2.0,5.0,2.0,30,1,100
3,66.7,2.667,8.0,2.6667,5.0,5.0,2.0,9.54,0.0,5.0,7.407,2.0,5.0,2.0,30,1,150
3,66.7,2.667,8.0,2.6667,5.0,5.0,2.0,9.54,0.0,5.0,7.407,2.0,5.0,2.0,30,1,200
3,66.7,2.667,8.0,2.6667,5.0,5.0,2.0,9.54,0.0,5.0,7.407,2.0,5.0,2.0,30,1,300
3,66.7,2.667,8.0,2.6667,5.0,5.0,2.0,9.54,0.0,5.0,7.407,2.0,5.0,2.0,30,1,500
3,66.7,2.667,8.0,2.6667,5.0,5.0,2.0,9.54,0.0,5.0,7.407,2.0,5.0,2.0,30,1,1000
2,50.0,1.5,3.0,1.5,2.5,5.0,2.0,10.26,0.0,5.0,4.811,2.0,5.0,2.0,30,2,100
3,66.7,2.667,8.0,2.6667,5.0,5.0,2.0,9.54,0.0,5.0,7.407,2.0,5.0,2.0,30,2,150
3,66.7,2.667,8.0,2.6667,5.0,5.0,2.0,9.54,0.0,5.0,7.407,2.0,5.0,2.0,30,2,200
3,66.7,2.667,8.0,2.6667,5.0,5.0,2.0,9.54,0.0,5.0,7.407,2.0,5.0,2.0,30,2,300
3,66.7,2.667,8.0,2.6667,5.0,5.0,2.0,9.54,0.0,5.0,7.407,2.0,5.0,2.0,30,2,500
3,66.7,2.667,8.0,2.6667,5.0,5.0,2.0,9.54,0.0,5.0,7.407,2.0,5.0,2.0,30,2,1000
2,50.0,1.5,3.0,1.5,2.5,5.0,2.0,10.26,0.0,5.0,4.811,2.0,5.0,2.0,30,3,100
3,66.7,2.667,8.0,2.6667,5.0,5.0,2.0,9.54,0.0,5.0,7.407,2.0,5.0,2.0,30,3,150
3,66.7,2.667,8.0,2.6667,5.0,5.0,2.0,9.54,0.0,5.0,7.407,2.0,5.0,2.0,30,3,200
3,66.7,2.667,8.0,2.6667,5.0,5.0,2.0,9.54,0.0,5.0,7.407,2.0,5.0,2.0,30,3,300
3,66.7,2.667,8.0,2.6667,5.0,5.0,2.0,9.54,0.0,5.0,7.407,2.0,5.0,2.0,30,3,500
3,66.7,2.667,8.0,2.6667,5.0,5.0,2.0,9.54,0.0,5.0,7.407,2.0,5.0,2.0,30,3,1000
2,50.0,1.5,3.0,1.5,2.5,5.0,2.0,10.26,0.0,5.0,4.811,2.0,5.0,2.0,30,4,100
3,66.7,2.667,8.0,2.6667,5.0,5.0,2.0,9.54,0.0,5.0,7.407,2.0,5.0,2.0,30,4,150
3,66.7,2.667,8.0,2.6667,5.0,5.0,2.0,9.54,0.0,5.0,7.407,2.0,5.0,2.0,30,4,200
3,66.7,2.667,8.0,2.6667,5.0,5.0,2.0,9.54,0.0,5.0,7.407,2.0,5.0,2.0,30,4,300
3,66.7,2.667,8.0,2.6667,5.0,5.0,2.0,9.54,0.0,5.0,7.407,2.0,5.0,2.0,30,4,500
3,66.7,2.667,8.0,2.6667,5.0,5.0,2.0,9.54,0.0,5.0,7.407,2.0,5.0,2.0,30,4,1000
2,50.0,1.5,3.0,1.5,2.5,5.0,2.0,10.26,0.0,5.0,4.811,2.0,5.0,2.0,30,5,100
3,66.7,2.667,8.0,2.6667,5.0,5.0,2.0,9.54,0.0,5.0,7.407,2.0,5.0,2.0,30,5,150
3,66.7,2.667,8.0,2.6667,5.0,5.0,2.0,9.54,0.0,5.0,7.407,2.0,5.0,2.0,30,5,200
3,66.7,2.667,8.0,2.6667,5.0,5.0,2.0,9.54,0.0,5.0,7.407,2.0,5.0,2.0,30,5,300
3,66.7,2.667,8.0,2.6667,5.0,5.0,2.0,9.54,0.0,5.0,7.407,2.0,5.0,2.0,30,5,500
3,66.7,2.667,8.0,2.6667,5.0,5.0,2.0,9.54,0.0,5.0,7.407,2.0,5.0,2.0,30,5,1000
2,50.0,1.5,3.0,1.5,2.5,5.0,2.0,10.26,0.0,5.0,4.811,2.0,5.0,2.0,30,7,100
3,66.7,2.667,8.0,2.6667,5.0,5.0,2.0,9.54,0.0,5.0,7.407,2.0,5.0,2.0,30,7,150
3,66.7,2.667,8.0,2.6667,5.0,5.0,2.0,9.54,0.0,5.0,7.407,2.0,5.0,2.0,30,7,200
3,66.7,2.667,8.0,2.6667,5.0,5.0,2.0,9.54,0.0,5.0,7.407,2.0,5.0,2.0,30,7,300
3,66.7,2.667,8.0,2.6667,5.0,5.0,2.0,9.54,0.0,5.0,7.407,2.0,5.0,2.0,30,7,500
3,66.7,2.667,8.0,2.6667,5.0,5.0,2.0,9.54,0.0,5.0,7.407,2.0,5.0,2.0,30,7,1000
2,50.0,1.0,2.0,1.0,1.667,5.0,3.0,10.26,0.0,5.0,2.806,3.0,5.0,3.0,30,1,100
3,66.7,2.333,7.0,2.3333,3.333,5.0,3.0,9.54,0.0,5.0,5.671,3.0,5.0,3.0,30,1,150
3,66.7,2.333,7.0,2.3333,3.333,5.0,3.0,9.54,0.0,5.0,5.671,3.0,5.0,3.0,30,1,200
3,66.7,2.333,7.0,2.3333,3.333,5.0,3.0,9.54,0.0,5.0,5.671,3.0,5.0,3.0,30,1,300
3,66.7,2.333,7.0,2.3333,3.333,5.0,3.0,9.54,0.0,5.0,5.671,3.0,5.0,3.0,30,1,500
3,66.7,2.333,7.0,2.3333,3.333,5.0,3.0,9.54,0.0,5.0,5.671,3.0,5.0,3.0,30,1,1000
2,50.0,1.0,2.0,1.0,1.667,5.0,3.0,10.26,0.0,5.0,2.806,3.0,5.0,3.0,30,2,100
3,66.7,2.333,7.0,2.3333,3.333,5.0,3.0,9.54,0.0,5.0,5.671,3.0,5.0,3.0,30,2,150
3,66.7,2.333,7.0,2.3333,3.333,5.0,3.0,9.54,0.0,5.0,5.671,3.0,5.0,3.0,30,2,200
3,66.7,2.333,7.0,2.3333,3.333,5.0,3.0,9.54,0.0,5.0,5.671,3.0,5.0,3.0,30,2,300
3,66.7,2.333,7.0,2.3333,3.333,5.0,3.0,9.54,0.0,5.0,5.671,3.0,5.0,3.0,30,2,500
3,66.7,2.333,7.0,2.3333,3.333,5.0,3.0,9.54,0.0,5.0,5.671,3.0,5.0,3.0,30,2,1000
2,50.0,1.0,2.0,1.0,1.667,5.0,3.0,10.26,0.0,5.0,2.806,3.0,5.0,3.0,30,3,100
3,66.7,2.333,7.0,2.3333,3.333,5.0,3.0,9.54,0.0,5.0,5.671,3.0,5.0,3.0,30,3,150
3,66.7,2.333,7.0,2.3333,3.333,5.0,3.0,9.54,0.0,5.0,5.671,3.0,5.0,3.0,30,3,200
3,66.7,2.333,7.0,2.3333,3.333,5.0,3.0,9.54,0.0,5.0,5.671,3.0,5.0,3.0,30,3,300
3,66.7,2.333,7.0,2.3333,3.333,5.0,3.0,9.54,0.0,5.0,5.671,3.0,5.0,3.0,30,3,500
3,66.7,2.333,7.0,2.3333,3.333,5.0,3.0,9.54,0.0,5.0,5.671,3.0,5.0,3.0,30,3,1000
2,50.0,1.0,2.0,1.0,1.667,5.0,3.0,10.26,0.0,5.0,2.806,3.0,5.0,3.0,30,4,100
3,66.7,2.333,7.0,2.3333,3.333,5.0,3.0,9.54,0.0,5.0,5.671,3.0,5.0,3.0,30,4,150
3,66.7,2.333,7.0,2.3333,3.333,5.0,3.0,9.54,0.0,5.0,5.671,3.0,5.0,3.0,30,4,200
3,66.7,2.333,7.0,2.3333,3.333,5.0,3.0,9.54,0.0,5.0,5.671,3.0,5.0,3.0,30,4,300
3,66.7,2.333,7.0,2.3333,3.333,5.0,3.0,9.54,0.0,5.0,5.671,3.0,5.0,3.0,30,4,500
3,66.7,2.333,7.0,2.3333,3.333,5.0,3.0,9.54,0.0,5.0,5.671,3.0,5.0,3.0,30,4,1000
2,50.0,1.0,2.0,1.0,1.667,5.0,3.0,10.26,0.0,5.0,2.806,3.0,5.0,3.0,30,5,100
3,66.7,2.333,7.0,2.3333,3.333,5.0,3.0,9.54,0.0,5.0,5.671,3.0,5.0,3.0,30,5,150
3,66.7,2.333,7.0,2.3333,3.333,5.0,3.0,9.54,0.0,5.0,5.671,3.0,5.0,3.0,30,5,200
3,66.7,2.333,7.0,2.3333,3.333,5.0,3.0,9.54,0.0,5.0,5.671,3.0,5.0,3.0,30,5,300
3,66.7,2.333,7.0,2.3333,3.333,5.0,3.0,9.54,0.0,5.0,5.671,3.0,5.0,3.0,30,5,500
3,66.7,2.333,7.0,2.3333,3.333,5.0,3.0,9.54,0.0,5.0,5.671,3.0,5.0,3.0,30,5,1000
2,50.0,1.0,2.0,1.0,1.667,5.0,3.0,10.26,0.0,5.0,2.806,3.0,5.0,3.0,30,7,100
3,66.7,2.333,7.0,2.3333,3.333,5.0,3.0,9.54,0.0,5.0,5.671,3.0,5.0,3.0,30,7,150
3,66.7,2.333,7.0,2.3333,3.333,5.0,3.0,9.54,0.0,5.0,5.671,3.0,5.0,3.0,30,7,200
3,66.7,2.333,7.0,2.3333,3.333,5.0,3.0,9.54,0.0,5.0,5.671,3.0,5.0,3.0,30,7,300
3,66.7,2.333,7.0,2.3333,3.333,5.0,3.0,9.54,0.0,5.0,5.671,3.0,5.0,3.0,30,7,500
3,66.7,2.333,7.0,2.3333,3.333,5.0,3.0,9.54,0.0,5.0,5.671,3.0,5.0,3.0,30,7,1000
2,100.0,2.764,5.53,2.7645,99.0,2.764,0,10.26,0.0,5.0,13.881,0,5.0,4.0,30,1,100
3,100.0,3.51,10.53,3.5097,99.0,3.51,0,9.54,0.0,5.0,15.262,0,5.0,4.0,30,1,150
3,100.0,3.51,10.53,3.5097,99.0,3.51,0,9.54,0.0,5.0,15.262,0,5.0,4.0,30,1,200
3,100.0,3.51,10.53,3.5097,99.0,3.51,0,9.54,0.0,5.0,15.262,0,5.0,4.0,30,1,300
3,100.0,3.51,10.53,3.5097,99.0,3.51,0,9.54,0.0,5.0,15.262,0,5.0,4.0,30,1,500
3,100.0,3.51,10.53,3.5097,99.0,3.51,0,9.54,0.0,5.0,15.262,0,5.0,4.0,30,1,1000
2,100.0,2.764,5.53,2.7645,99.0,2.764,0,10.26,0.0,5.0,13.881,0,5.0,4.0,30,2,100
3,100.0,3.51,10.53,3.5097,99.0,3.51,0,9.54,0.0,5.0,15.262,0,5.0,4.0,30,2,150
3,100.0,3.51,10.53,3.5097,99.0,3.51,0,9.54,0.0,5.0,15.262,0,5.0,4.0,30,2,200
3,100.0,3.51,10.53,3.5097,99.0,3.51,0,9.54,0.0,5.0,15.262,0,5.0,4.0,30,2,300
3,100.0,3.51,10.53,3.5097,99.0,3.51,0,9.54,0.0,5.0,15.262,0,5.0,4.0,30,2,500
3,100.0,3.51,10.53,3.5097,99.0,3.51,0,9.54,0.0,5.0,15.262,0,5.0,4.0,30,2,1000
2,50.0,0.5,1.0,0.5,1.25,5.0,4.0,10.26,0.0,5.0,1.247,4.0,5.0,4.0,30,3,100
3,66.7,2.0,6.0,2.0,2.5,5.0,4.0,9.54,0.0,5.0,4.32,4.0,5.0,4.0,30,3,150
3,66.7,2.0,6.0,2.0,2.5,5.0,4.0,9.54,0.0,5.0,4.32,4.0,5.0,4.0,30,3,200
3,66.7,2.0,6.0,2.0,2.5,5.0,4.0,9.54,0.0,5.0,4.32,4.0,5.0,4.0,30,3,300
3,66.7,2.0,6.0,2.0,2.5,5.0,4.0,9.54,0.0,5.0,4.32,4.0,5.0,4.0,30,3,500
3,66.7,2.0,6.0,2.0,2.5,5.0,4.0,9.54,0.0,5.0,4.32,4.0,5.0,4.0,30,3,1000
2,50.0,0.5,1.0,0.5,1.25,5.0,4.0,10.26,0.0,5.0,1.247,4.0,5.0,4.0,30,4,100
3,66.7,2.0,6.0,2.0,2.5,5.0,4.0,9.54,0.0,5.0,4.32,4.0,5.0,4.0,30,4,150
3,66.7,2.0,6.0,2.0,2.5,5.0,4.0,9.54,0.0,5.0,4.32,4.0,5.0,4.0,30,4,200
3,66.7,2.0,6.0,2.0,2.5,5.0,4.0,9.54,0.0,5.0,4.32,4.0,5.0,4.0,30,4,300
3,66.7,2.0,6.0,2.0,2.5,5.0,4.0,9.54,0.0,5.0,4.32,4.0,5.0,4.0,30,4,500
3,66.7,2.0,6.0,2.0,2.5,5.0,4.0,9.54,0.0,5.0,4.32,4.0,5.0,4.0,30,4,1000
2,50.0,0.5,1.0,0.5,1.25,5.0,4.0,10.26,0.0,5.0,1.247,4.0,5.0,4.0,30,5,100
3,66.7,2.0,6.0,2.0,2.5,5.0,4.0,9.54,0.0,5.0,4.32,4.0,5.0,4.0,30,5,150
3,66.7,2.0,6.0,2.0,2.5,5.0,4.0,9.54,0.0,5.0,4.32,4.0,5.0,4.0,30,5,200
3,66.7,2.0,6.0,2.0,2.5,5.0,4.0,9.54,0.0,5.0,4.32,4.0,5.0,4.0,30,5,300
3,66.7,2.0,6.0,2.0,2.5,5.0,4.0,9.54,0.0,5.0,4.32,4.0,5.0,4.0,30,5,500
3,66.7,2.0,6.0,2.0,2.5,5.0,4.0,9.54,0.0,5.0,4.32,4.0,5.0,4.0,30,5,1000
2,50.0,0.5,1.0,0.5,1.25,5.0,4.0,10.26,0.0,5.0,1.247,4.0,5.0,4.0,30,7,100
3,66.7,2.0,6.0,2.0,2.5,5.0,4.0,9.54,0.0,5.0,4.32,4.0,5.0,4.0,30,7,150
3,66.7,2.0,6.0,2.0,2.5,5.0,4.0,9.54,0.0,5.0,4.32,4.0,5.0,4.0,30,7,200
3,66.7,2.0,6.0,2.0,2.5,5.0,4.0,9.54,0.0,5.0,4.32,4.0,5.0,4.0,30,7,300
3,66.7,2.0,6.0,2.0,2.5,5.0,4.0,9.54,0.0,5.0,4.32,4.0,5.0,4.0,30,7,500
3,66.7,2.0,6.0,2.0,2.5,5.0,4.0,9.54,0.0,5.0,4.32,4.0,5.0,4.0,30,7,1000
2,50.0,3.0,6.0,3.0,4.0,8.0,2.0,10.26,0.0,8.0,6.735,2.0,8.0,2.0,30,1,100
3,66.7,4.667,14.0,4.6667,8.0,8.0,2.0,9.54,0.0,8.0,9.073,2.0,8.0,2.0,30,1,150
3,66.7,4.667,14.0,4.6667,8.0,8.0,2.0,9.54,0.0,8.0,9.073,2.0,8.0,2.0,30,1,200
3,66.7,4.667,14.0,4.6667,8.0,8.0,2.0,9.54,0.0,8.0,9.073,2.0,8.0,2.0,30,1,300
3,66.7,4.667,14.0,4.6667,8.0,8.0,2.0,9.54,0.0,8.0,9.073,2.0,8.0,2.0,30,1,500
3,66.7,4.667,14.0,4.6667,8.0,8.0,2.0,9.54,0.0,8.0,9.073,2.0,8.0,2.0,30,1,1000
2,50.0,3.0,6.0,3.0,4.0,8.0,2.0,10.26,0.0,8.0,6.735,2.0,8.0,2.0,30,2,100
3,66.7,4.667,14.0,4.6667,8.0,8.0,2.0,9.54,0.0,8.0,9.073,2.0,8.0,2.0,30,2,150
3,66.7,4.667,14.0,4.6667,8.0,8.0,2.0,9.54,0.0,8.0,9.073,2.0,8.0,2.0,30,2,200
3,66.7,4.667,14.0,4.6667,8.0,8.0,2.0,9.54,0.0,8.0,9.073,2.0,8.0,2.0,30,2,300
3,66.7,4.667,14.0,4.6667,8.0,8.0,2.0,9.54,0.0,8.0,9.073,2.0,8.0,2.0,30,2,500
3,66.7,4.667,14.0,4.6667,8.0,8.0,2.0,9.54,0.0,8.0,9.073,2.0,8.0,2.0,30,2,1000
2,50.0,3.0,6.0,3.0,4.0,8.0,2.0,10.26,0.0,8.0,6.735,2.0,8.0,2.0,30,3,100
3,66.7,4.667,14.0,4.6667,8.0,8.0,2.0,9.54,0.0,8.0,9.073,2.0,8.0,2.0,30,3,150
3,66.7,4.667,14.0,4.6667,8.0,8.0,2.0,9.54,0.0,8.0,9.073,2.0,8.0,2.0,30,3,200
3,66.7,4.667,14.0,4.6667,8.0,8.0,2.0,9.54,0.0,8.0,9.073,2.0,8.0,2.0,30,3,300
3,66.7,4.667,14.0,4.6667,8.0,8.0,2.0,9.54,0.0,8.0,9.073,2.0,8.0,2.0,30,3,500
3,66.7,4.667,14.0,4.6667,8.0,8.0,2.0,9.54,0.0,8.0,9.073,2.0,8.0,2.0,30,3,1000
2,50.0,3.0,6.0,3.0,4.0,8.0,2.0,10.26,0.0,8.0,6.735,2.0,8.0,2.0,30,4,100
3,66.7,4.667,14.0,4.6667,8.0,8.0,2.0,9.54,0.0,8.0,9.073,2.0,8.0,2.0,30,4,150
3,66.7,4.667,14.0,4.6667,8.0,8.0,2.0,9.54,0.0,8.0,9.073,2.0,8.0,2.0,30,4,200
3,66.7,4.667,14.0,4.6667,8.0,8.0,2.0,9.54,0.0,8.0,9.073,2.0,8.0,2.0,30,4,300
3,66.7,4.667,14.0,4.6667,8.0,8.0,2.0,9.54,0.0,8.0,9.073,2.0,8.0,2.0,30,4,500
3,66.7,4.667,14.0,4.6667,8.0,8.0,2.0,9.54,0.0,8.0,9.073,2.0,8.0,2.0,30,4,1000
2,50.0,3.0,6.0,3.0,4.0,8.0,2.0,10.26,0.0,8.0,6.735,2.0,8.0,2.0,30,5,100
3,66.7,4.667,14.0,4.6667,8.0,8.0,2.0,9.54,0.0,8.0,9.073,2.0,8.0,2.0,30,5,150
3,66.7,4.667,14.0,4.6667,8.0,8.0,2.0,9.54,0.0,8.0,9.073,2.0,8.0,2.0,30,5,200
3,66.7,4.667,14.0,4.6667,8.0,8.0,2.0,9.54,0.0,8.0,9.073,2.0,8.0,2.0,30,5,300
3,66.7,4.667,14.0,4.6667,8.0,8.0,2.0,9.54,0.0,8.0,9.073,2.0,8.0,2.0,30,5,500
3,66.7,4.667,14.0,4.6667,8.0,8.0,2.0,9.54,0.0,8.0,9.073,2.0,8.0,2.0,30,5,1000
2,50.0,3.0,6.0,3.0,4.0,8.0,2.0,10.26,0.0,8.0,6.735,2.0,8.0,2.0,30,7,100
3,66.7,4.667,14.0,4.6667,8.0,8.0,2.0,9.54,0.0,8.0,9.073,2.0,8.0,2.0,30,7,150
3,66.7,4.667,14.0,4.6667,8.0,8.0,2.0,9.54,0.0,8.0,9.073,2.0,8.0,2.0,30,7,200
3,66.7,4.667,14.0,4.6667,8.0,8.0,2.0,9.54,0.0,8.0,9.073,2.0,8.0,2.0,30,7,300
3,66.7,4.667,14.0,4.6667,8.0,8.0,2.0,9.54,0.0,8.0,9.073,2.0,8.0,2.0,30,7,500
3,66.7,4.667,14.0,4.6667,8.0,8.0,2.0,9.54,0.0,8.0,9.073,2.0,8.0,2.0,30,7,1000
2,50.0,2.5,5.0,2.5,2.667,8.0,3.0,10.26,0.0,8.0,5.102,3.0,8.0,3.0,30,1,100
3,66.7,4.333,13.0,4.3333,5.333,8.0,3.0,9.54,0.0,8.0,7.659,3.0,8.0,3.0,30,1,150
3,66.7,4.333,13.0,4.3333,5.333,8.0,3.0,9.54,0.0,8.0,7.659,3.0,8.0,3.0,30,1,200
3,66.7,4.333,13.0,4.3333,5.333,8.0,3.0,9.54,0.0,8.0,7.659,3.0,8.0,3.0,30,1,300
3,66.7,4.333,13.0,4.3333,5.333,8.0,3.0,9.54,0.0,8.0,7.659,3.0,8.0,3.0,30,1,500
3,66.7,4.333,13.0,4.3333,5.333,8.0,3.0,9.54,0.0,8.0,7.659,3.0,8.0,3.0,30,1,1000
2,50.0,2.5,5.0,2.5,2.667,8.0,3.0,10.26,0.0,8.0,5.102,3.0,8.0,3.0,30,2,100
3,66.7,4.333,13.0,4.3333,5.333,8.0,3.0,9.54,0.0,8.0,7.659,3.0,8.0,3.0,30,2,150
3,66.7,4.333,13.0,4.3333,5.333,8.0,3.0,9.54,0.0,8.0,7.659,3.0,8.0,3.0,30,2,200
3,66.7,4.333,13.0,4.3333,5.333,8.0,3.0,9.54,0.0,8.0,7.659,3.0,8.0,3.0,30,2,300
3,66.7,4.333,13.0,4.3333,5.333,8.0,3.0,9.54,0.0,8.0,7.659,3.0,8.0,3.0,30,2,500
3,66.7,4.333,13.0,4.3333,5.333,8.0,3.0,9.54,0.0,8.0,7.659,3.0,8.0,3.0,30,2,1000
2,50.0,2.5,5.0,2.5,2.667,8.0,3.0,10.26,0.0,8.0,5.102,3.0,8.0,3.0,30,3,100
3,66.7,4.333,13.0,4.3333,5.333,8.0,3.0,9.54,0.0,8.0,7.659,3.0,8.0,3.0,30,3,150
3,66.7,4.333,13.0,4.3333,5.333,8.0,3.0,9.54,0.0,8.0,7.659,3.0,8.0,3.0,30,3,200
3,66.7,4.333,13.0,4.3333,5.333,8.0,3.0,9.54,0.0,8.0,7.659,3.0,8.0,3.0,30,3,300
3,66.7,4.333,13.0,4.3333,5.333,8.0,3.0,9.54,0.0,8.0,7.659,3.0,8.0,3.0,30,3,500
3,66.7,4.333,13.0,4.3333,5.333,8.0,3.0,9.54,0.0,8.0,7.659,3.0,8.0,3.0,30,3,1000
2,50.0,2.5,5.0,2.5,2.667,8.0,3.0,10.26,0.0,8.0,5.102,3.0,8.0,3.0,30,4,100
3,66.7,4.333,13.0,4.3333,5.333,8.0,3.0,9.54,0.0,8.0,7.659,3.0,8.0,3.0,30,4,150
3,66.7,4.333,13.0,4.3333,5.333,8.0,3.0,9.54,0.0,8.0,7.659,3.0,8.0,3.0,30,4,200
3,66.7,4.333,13.0,4.3333,5.333,8.0,3.0,9.54,0.0,8.0,7.659,3.0,8.0,3.0,30,4,300
3,66.7,4.333,13.0,4.3333,5.333,8.0,3.0,9.54,0.0,8.0,7.659,3.0,8.0,3.0,30,4,500
3,66.7,4.333,13.0,4.3333,5.333,8.0,3.0,9.54,0.0,8.0,7.659,3.0,8.0,3.0,30,4,1000
2,50.0,2.5,5.0,2.5,2.667,8.0,3.0,10.26,0.0,8.0,5.102,3.0,8.0,3.0,30,5,100
3,66.7,4.333,13.0,4.3333,5.333,8.0,3.0,9.54,0.0,8.0,7.659,3.0,8.0,3.0,30,5,150
3,66.7,4.333,13.0,4.3333,5.333,8.0,3.0,9.54,0.0,8.0,7.659,3.0,8.0,3.0,30,5,200
3,66.7,4.333,13.0,4.3333,5.333,8.0,3.0,9.54,0.0,8.0,7.659,3.0,8.0,3.0,30,5,300
3,66.7,4.333,13.0,4.3333,5.333,8.0,3.0,9.54,0.0,8.0,7.659,3.0,8.0,3.0,30,5,500
3,66.7,4.333,13.0,4.3333,5.333,8.0,3.0,9.54,0.0,8.0,7.659,3.0,8.0,3.0,30,5,1000
2,50.0,2.5,5.0,2.5,2.667,8.0,3.0,10.26,0.0,8.0,5.102,3.0,8.0,3.0,30,7,100
3,66.7,4.333,13.0,4.3333,5.333,8.0,3.0,9.54,0.0,8.0,7.659,3.0,8.0,3.0,30,7,150
3,66.7,4.333,13.0,4.3333,5.333,8.0,3.0,9.54,0.0,8.0,7.659,3.0,8.0,3.0,30,7,200
3,66.7,4.333,13.0,4.3333,5.333,8.0,3.0,9.54,0.0,8.0,7.659,3.0,8.0,3.0,30,7,300
3,66.7,4.333,13.0,4.3333,5.333,8.0,3.0,9.54,0.0,8.0,7.659,3.0,8.0,3.0,30,7,500
3,66.7,4.333,13.0,4.3333,5.333,8.0,3.0,9.54,0.0,8.0,7.659,3.0,8.0,3.0,30,7,1000
2,100.0,4.264,8.53,4.2645,99.0,4.264,0,10.26,0.0,8.0,12.815,0,8.0,4.0,30,1,100
3,100.0,5.51,16.53,5.5097,99.0,5.51,0,9.54,0.0,8.0,14.338,0,8.0,4.0,30,1,150
3,100.0,5.51,16.53,5.5097,99.0,5.51,0,9.54,0.0,8.0,14.338,0,8.0,4.0,30,1,200
3,100.0,5.51,16.53,5.5097,99.0,5.51,0,9.54,0.0,8.0,14.338,0,8.0,4.0,30,1,300
3,100.0,5.51,16.53,5.5097,99.0,5.51,0,9.54,0.0,8.0,14.338,0,8.0,4.0,30,1,500
3,100.0,5.51,16.53,5.5097,99.0,5.51,0,9.54,0.0,8.0,14.338,0,8.0,4.0,30,1,1000
2,100.0,4.264,8.53,4.2645,99.0,4.264,0,10.26,0.0,8.0,12.815,0,8.0,4.0,30,2,100
3,100.0,5.51,16.53,5.5097,99.0,5.51,0,9.54,0.0,8.0,14.338,0,8.0,4.0,30,2,150
3,100.0,5.51,16.53,5.5097,99.0,5.51,0,9.54,0.0,8.0,14.338,0,8.0,4.0,30,2,200
3,100.0,5.51,16.53,5.5097,99.0,5.51,0,9.54,0.0,8.0,14.338,0,8.0,4.0,30,2,300
3,100.0,5.51,16.53,5.5097,99.0,5.51,0,9.54,0.0,8.0,14.338,0,8.0,4.0,30,2,500
3,100.0,5.51,16.53,5.5097,99.0,5.51,0,9.54,0.0,8.0,14.338,0,8.0,4.0,30,2,1000
2,50.0,2.0,4.0,2.0,2.0,8.0,4.0,10.26,0.0,8.0,3.742,4.0,8.0,4.0,30,3,100
3,66.7,4.0,12.0,4.0,4.0,8.0,4.0,9.54,0.0,8.0,6.481,4.0,8.0,4.0,30,3,150
3,66.7,4.0,12.0,4.0,4.0,8.0,4.0,9.54,0.0,8.0,6.481,4.0,8.0,4.0,30,3,200
3,66.7,4.0,12.0,4.0,4.0,8.0,4.0,9.54,0.0,8.0,6.481,4.0,8.0,4.0,30,3,300
3,66.7,4.0,12.0,4.0,4.0,8.0,4.0,9.54,0.0,8.0,6.481,4.0,8.0,4.0,30,3,500
3,66.7,4.0,12.0,4.0,4.0,8.0,4.0,9.54,0.0,8.0,6.481,4.0,8.0,4.0,30,3,1000
2,50.0,2.0,4.0,2.0,2.0,8.0,4.0,10.26,0.0,8.0,3.742,4.0,8.0,4.0,30,4,100
3,66.7,4.0,12.0,4.0,4.0,8.0,4.0,9.54,0.0,8.0,6.481,4.0,8.0,4.0,30,4,150
3,66.7,4.0,12.0,4.0,4.0,8.0,4.0,9.54,0.0,8.0,6.481,4.0,8.0,4.0,30,4,200
3,66.7,4.0,12.0,4.0,4.0,8.0,4.0,9.54,0.0,8.0,6.481,4.0,8.0,4.0,30,4,300
3,66.7,4.0,12.0,4.0,4.0,8.0,4.0,9.54,0.0,8.0,6.481,4.0,8.0,4.0,30,4,500
3,66.7,4.0,12.0,4.0,4.0,8.0,4.0,9.54,0.0,8.0,6.481,4.0,8.0,4.0,30,4,1000
2,50.0,2.0,4.0,2.0,2.0,8.0,4.0,10.26,0.0,8.0,3.742,4.0,8.0,4.0,30,5,100
3,66.7,4.0,12.0,4.0,4.0,8.0,4.0,9.54,0.0,8.0,6.481,4.0,8.0,4.0,30,5,150
3,66.7,4.0,12.0,4.0,4.0,8.0,4.0,9.54,0.0,8.0,6.481,4.0,8.0,4.0,30,5,200
3,66.7,4.0,12.0,4.0,4.0,8.0,4.0,9.54,0.0,8.0,6.481,4.0,8.0,4.0,30,5,300
3,66.7,4.0,12.0,4.0,4.0,8.0,4.0,9.54,0.0,8.0,6.481,4.0,8.0,4.0,30,5,500
3,66.7,4.0,12.0,4.0,4.0,8.0,4.0,9.54,0.0,8.0,6.481,4.0,8.0,4.0,30,5,1000
2,50.0,2.0,4.0,2.0,2.0,8.0,4.0,10.26,0.0,8.0,3.742,4.0,8.0,4.0,30,7,100
3,66.7,4.0,12.0,4.0,4.0,8.0,4.0,9.54,0.0,8.0,6.481,4.0,8.0,4.0,30,7,150
3,66.7,4.0,12.0,4.0,4.0,8.0,4.0,9.54,0.0,8.0,6.481,4.0,8.0,4.0,30,7,200
3,66.7,4.0,12.0,4.0,4.0,8.0,4.0,9.54,0.0,8.0,6.481,4.0,8.0,4.0,30,7,300
3,66.7,4.0,12.0,4.0,4.0,8.0,4.0,9.54,0.0,8.0,6.481,4.0,8.0,4.0,30,7,500
3,66.7,4.0,12.0,4.0,4.0,8.0,4.0,9.54,0.0,8.0,6.481,4.0,8.0,4.0,30,7,1000
2,100.0,4.264,8.53,4.2645,99.0,4.264,0,10.26,0.0,8.0,12.815,0,8.0,5.0,30,1,100
3,100.0,5.51,16.53,5.5097,99.0,5.51,0,9.54,0.0,8.0,14.338,0,8.0,5.0,30,1,150
3,100.0,5.51,16.53,5.5097,99.0,5.51,0,9.54,0.0,8.0,14.338,0,8.0,5.0,30,1,200
3,100.0,5.51,16.53,5.5097,99.0,5.51,0,9.54,0.0,8.0,14.338,0,8.0,5.0,30,1,300
3,100.0,5.51,16.53,5.5097,99.0,5.51,0,9.54,0.0,8.0,14.338,0,8.0,5.0,30,1,500
3,100.0,5.51,16.53,5.5097,99.0,5.51,0,9.54,0.0,8.0,14.338,0,8.0,5.0,30,1,1000
2,100.0,4.264,8.53,4.2645,99.0,4.264,0,10.26,0.0,8.0,12.815,0,8.0,5.0,30,2,100
3,100.0,5.51,16.53,5.5097,99.0,5.51,0,9.54,0.0,8.0,14.338,0,8.0,5.0,30,2,150
3,100.0,5.51,16.53,5.5097,99.0,5.51,0,9.54,0.0,8.0,14.338,0,8.0,5.0,30,2,200
3,100.0,5.51,16.53,5.5097,99.0,5.51,0,9.54,0.0,8.0,14.338,0,8.0,5.0,30,2,300
3,100.0,5.51,16.53,5.5097,99.0,5.51,0,9.54,0.0,8.0,14.338,0,8.0,5.0,30,2,500
3,100.0,5.51,16.53,5.5097,99.0,5.51,0,9.54,0.0,8.0,14.338,0,8.0,5.0,30,2,1000
2,50.0,1.5,3.0,1.5,1.6,8.0,5.0,10.26,0.0,8.0,2.59,5.0,8.0,5.0,30,3,100
3,66.7,3.667,11.0,3.6667,3.2,8.0,5.0,9.54,0.0,8.0,5.484,5.0,8.0,5.0,30,3,150
3,66.7,3.667,11.0,3.6667,3.2,8.0,5.0,9.54,0.0,8.0,5.484,5.0,8.0,5.0,30,3,200
3,66.7,3.667,11.0,3.6667,3.2,8.0,5.0,9.54,0.0,8.0,5.484,5.0,8.0,5.0,30,3,300
3,66.7,3.667,11.0,3.6667,3.2,8.0,5.0,9.54,0.0,8.0,5.484,5.0,8.0,5.0,30,3,500
3,66.7,3.667,11.0,3.6667,3.2,8.0,5.0,9.54,0.0,8.0,5.484,5.0,8.0,5.0,30,3,1000
2,50.0,1.5,3.0,1.5,1.6,8.0,5.0,10.26,0.0,8.0,2.59,5.0,8.0,5.0,30,4,100
3,66.7,3.667,11.0,3.6667,3.2,8.0,5.0,9.54,0.0,8.0,5.484,5.0,8.0,5.0,30,4,150
3,66.7,3.667,11.0,3.6667,3.2,8.0,5.0,9.54,0.0,8.0,5.484,5.0,8.0,5.0,30,4,200
3,66.7,3.667,11.0,3.6667,3.2,8.0,5.0,9.54,0.0,8.0,5.484,5.0,8.0,5.0,30,4,300
3,66.7,3.667,11.0,3.6667,3.2,8.0,5.0,9.54,0.0,8.0,5.484,5.0,8.0,5.0,30,4,500
3,66.7,3.667,11.0,3.6667,3.2,8.0,5.0,9.54,0.0,8.0,5.484,5.0,8.0,5.0,30,4,1000
2,50.0,1.5,3.0,1.5,1.6,8.0,5.0,10.26,0.0,8.0,2.59,5.0,8.0,5.0,30,5,100
3,66.7,3.667,11.0,3.6667,3.2,8.0,5.0,9.54,0.0,8.0,5.484,5.0,8.0,5.0,30,5,150
3,66.7,3.667,11.0,3.6667,3.2,8.0,5.0,9.54,0.0,8.0,5.484,5.0,8.0,5.0,30,5,200
3,66.7,3.667,11.0,3.6667,3.2,8.0,5.0,9.54,0.0,8.0,5.484,5.0,8.0,5.0,30,5,300
3,66.7,3.667,11.0,3.6667,3.2,8.0,5.0,9.54,0.0,8.0,5.484,5.0,8.0,5.0,30,5,500
3,66.7,3.667,11.0,3.6667,3.2,8.0,5.0,9.54,0.0,8.0,5.484,5.0,8.0,5.0,30,5,1000
2,50.0,1.5,3.0,1.5,1.6,8.0,5.0,10.26,0.0,8.0,2.59,5.0,8.0,5.0,30,7,100
3,66.7,3.667,11.0,3.6667,3.2,8.0,5.0,9.54,0.0,8.0,5.484,5.0,8.0,5.0,30,7,150
3,66.7,3.667,11.0,3.6667,3.2,8.0,5.0,9.54,0.0,8.0,5.484,5.0,8.0,5.0,30,7,200
3,66.7,3.667,11.0,3.6667,3.2,8.0,5.0,9.54,0.0,8.0,5.484,5.0,8.0,5.0,30,7,300
3,66.7,3.667,11.0,3.6667,3.2,8.0,5.0,9.54,0.0,8.0,5.484,5.0,8.0,5.0,30,7,500
3,66.7,3.667,11.0,3.6667,3.2,8.0,5.0,9.54,0.0,8.0,5.484,5.0,8.0,5.0,30,7,1000
2,100.0,4.264,8.53,4.2645,99.0,4.264,0,10.26,0.0,8.0,12.815,0,8.0,6.0,30,1,100
3,100.0,5.51,16.53,5.5097,99.0,5.51,0,9.54,0.0,8.0,14.338,0,8.0,6.0,30,1,150
3,100.0,5.51,16.53,5.5097,99.0,5.51,0,9.54,0.0,8.0,14.338,0,8.0,6.0,30,1,200
3,100.0,5.51,16.53,5.5097,99.0,5.51,0,9.54,0.0,8.0,14.338,0,8.0,6.0,30,1,300
3,100.0,5.51,16.53,5.5097,99.0,5.51,0,9.54,0.0,8.0,14.338,0,8.0,6.0,30,1,500
3,100.0,5.51,16.53,5.5097,99.0,5.51,0,9.54,0.0,8.0,14.338,0,8.0,6.0,30,1,1000
2,100.0,4.264,8.53,4.2645,99.0,4.264,0,10.26,0.0,8.0,12.815,0,8.0,6.0,30,2,100
3,100.0,5.51,16.53,5.5097,99.0,5.51,0,9.54,0.0,8.0,14.338,0,8.0,6.0,30,2,150
3,100.0,5.51,16.53,5.5097,99.0,5.51,0,9.54,0.0,8.0,14.338,0,8.0,6.0,30,2,200
3,100.0,5.51,16.53,5.5097,99.0,5.51,0,9.54,0.0,8.0,14.338,0,8.0,6.0,30,2,300
3,100.0,5.51,16.53,5.5097,99.0,5.51,0,9.54,0.0,8.0,14.338,0,8.0,6.0,30,2,500
3,100.0,5.51,16.53,5.5097,99.0,5.51,0,9.54,0.0,8.0,14.338,0,8.0,6.0,30,2,1000
2,50.0,1.0,2.0,1.0,1.333,8.0,6.0,10.26,0.0,8.0,1.604,6.0,8.0,6.0,30,3,100
3,66.7,3.333,10.0,3.3333,2.667,8.0,6.0,9.54,0.0,8.0,4.629,6.0,8.0,6.0,30,3,150
3,66.7,3.333,10.0,3.3333,2.667,8.0,6.0,9.54,0.0,8.0,4.629,6.0,8.0,6.0,30,3,200
3,66.7,3.333,10.0,3.3333,2.667,8.0,6.0,9.54,0.0,8.0,4.629,6.0,8.0,6.0,30,3,300
3,66.7,3.333,10.0,3.3333,2.667,8.0,6.0,9.54,0.0,8.0,4.629,6.0,8.0,6.0,30,3,500
3,66.7,3.333,10.0,3.3333,2.667,8.0,6.0,9.54,0.0,8.0,4.629,6.0,8.0,6.0,30,3,1000
2,50.0,1.0,2.0,1.0,1.333,8.0,6.0,10.26,0.0,8.0,1.604,6.0,8.0,6.0,30,4,100
3,66.7,3.333,10.0,3.3333,2.667,8.0,6.0,9.54,0.0,8.0,4.629,6.0,8.0,6.0,30,4,150
3,66.7,3.333,10.0,3.3333,2.667,8.0,6.0,9.54,0.0,8.0,4.629,6.0,8.0,6.0,30,4,200
3,66.7,3.333,10.0,3.3333,2.667,8.0,6.0,9.54,0.0,8.0,4.629,6.0,8.0,6.0,30,4,300
3,66.7,3.333,10.0,3.3333,2.667,8.0,6.0,9.54,0.0,8.0,4.629,6.0,8.0,6.0,30,4,500
3,66.7,3.333,10.0,3.3333,2.667,8.0,6.0,9.54,0.0,8.0,4.629,6.0,8.0,6.0,30,4,1000
2,50.0,1.0,2.0,1.0,1.333,8.0,6.0,10.26,0.0,8.0,1.604,6.0,8.0,6.0,30,5,100
3,66.7,3.333,10.0,3.3333,2.667,8.0,6.0,9.54,0.0,8.0,4.629,6.0,8.0,6.0,30,5,150
3,66.7,3.333,10.0,3.3333,2.667,8.0,6.0,9.54,0.0,8.0,4.629,6.0,8.0,6.0,30,5,200
3,66.7,3.333,10.0,3.3333,2.667,8.0,6.0,9.54,0.0,8.0,4.629,6.0,8.0,6.0,30,5,300
3,66.7,3.333,10.0,3.3333,2.667,8.0,6.0,9.54,0.0,8.0,4.629,6.0,8.0,6.0,30,5,500
3,66.7,3.333,10.0,3.3333,2.667,8.0,6.0,9.54,0.0,8.0,4.629,6.0,8.0,6.0,30,5,1000
2,50.0,1.0,2.0,1.0,1.333,8.0,6.0,10.26,0.0,8.0,1.604,6.0,8.0,6.0,30,7,100
3,66.7,3.333,10.0,3.3333,2.667,8.0,6.0,9.54,0.0,8.0,4.629,6.0,8.0,6.0,30,7,150
3,66.7,3.333,10.0,3.3333,2.667,8.0,6.0,9.54,0.0,8.0,4.629,6.0,8.0,6.0,30,7,200
3,66.7,3.333,10.0,3.3333,2.667,8.0,6.0,9.54,0.0,8.0,4.629,6.0,8.0,6.0,30,7,300
3,66.7,3.333,10.0,3.3333,2.667,8.0,6.0,9.54,0.0,8.0,4.629,6.0,8.0,6.0,30,7,500
3,66.7,3.333,10.0,3.3333,2.667,8.0,6.0,9.54,0.0,8.0,4.629,6.0,8.0,6.0,30,7,1000
2,50.0,4.0,8.0,4.0,5.0,10.0,2.0,10.26,0.0,10.0,7.483,2.0,10.0,2.0,30,1,100
3,66.7,4.25,12.75,4.2503,7.376,7.376,2.0,9.54,0.0,10.0,7.931,2.0,10.0,2.0,30,1,150
3,66.7,4.25,12.75,4.2503,7.376,7.376,2.0,9.54,0.0,10.0,7.931,2.0,10.0,2.0,30,1,200
3,66.7,4.25,12.75,4.2503,7.376,7.376,2.0,9.54,0.0,10.0,7.931,2.0,10.0,2.0,30,1,300
3,66.7,4.25,12.75,4.2503,7.376,7.376,2.0,9.54,0.0,10.0,7.931,2.0,10.0,2.0,30,1,500
3,66.7,4.25,12.75,4.2503,7.376,7.376,2.0,9.54,0.0,10.0,7.931,2.0,10.0,2.0,30,1,1000
2,50.0,4.0,8.0,4.0,5.0,10.0,2.0,10.26,0.0,10.0,7.483,2.0,10.0,2.0,30,2,100
3,66.7,6.0,18.0,6.0,10.0,10.0,2.0,28.93,0.0,10.0,9.721,2.0,10.0,2.0,30,2,150
3,66.7,6.0,18.0,6.0,10.0,10.0,2.0,28.93,0.0,10.0,9.721,2.0,10.0,2.0,30,2,200
3,66.7,6.0,18.0,6.0,10.0,10.0,2.0,28.93,0.0,10.0,9.721,2.0,10.0,2.0,30,2,300
3,66.7,6.0,18.0,6.0,10.0,10.0,2.0,28.93,0.0,10.0,9.721,2.0,10.0,2.0,30,2,500
3,66.7,6.0,18.0,6.0,10.0,10.0,2.0,28.93,0.0,10.0,9.721,2.0,10.0,2.0,30,2,1000
2,50.0,4.0,8.0,4.0,5.0,10.0,2.0,10.26,0.0,10.0,7.483,2.0,10.0,2.0,30,3,100
3,66.7,6.0,18.0,6.0,10.0,10.0,2.0,28.93,0.0,10.0,9.721,2.0,10.0,2.0,30,3,150
3,66.7,6.0,18.0,6.0,10.0,10.0,2.0,28.93,0.0,10.0,9.721,2.0,10.0,2.0,30,3,200
3,66.7,6.0,18.0,6.0,10.0,10.0,2.0,28.93,0.0,10.0,9.721,2.0,10.0,2.0,30,3,300
3,66.7,6.0,18.0,6.0,10.0,10.0,2.0,28.93,0.0,10.0,9.721,2.0,10.0,2.0,30,3,500
3,66.7,6.0,18.0,6.0,10.0,10.0,2.0,28.93,0.0,10.0,9.721,2.0,10.0,2.0,30,3,1000
2,50.0,4.0,8.0,4.0,5.0,10.0,2.0,10.26,0.0,10.0,7.483,2.0,10.0,2.0,30,4,100
3,66.7,6.0,18.0,6.0,10.0,10.0,2.0,28.93,0.0,10.0,9.721,2.0,10.0,2.0,30,4,150
3,66.7,6.0,18.0,6.0,10.0,10.0,2.0,28.93,0.0,10.0,9.721,2.0,10.0,2.0,30,4,200
3,66.7,6.0,18.0,6.0,10.0,10.0,2.0,28.93,0.0,10.0,9.721,2.0,10.0,2.0,30,4,300
3,66.7,6.0,18.0,6.0,10.0,10.0,2.0,28.93,0.0,10.0,9.721,2.0,10.0,2.0,30,4,500
3,66.7,6.0,18.0,6.0,10.0,10.0,2.0,28.93,0.0,10.0,9.721,2.0,10.0,2.0,30,4,1000
2,50.0,4.0,8.0,4.0,5.0,10.0,2.0,10.26,0.0,10.0,7.483,2.0,10.0,2.0,30,5,100
3,66.7,6.0,18.0,6.0,10.0,10.0,2.0,28.93,0.0,10.0,9.721,2.0,10.0,2.0,30,5,150
3,66.7,6.0,18.0,6.0,10.0,10.0,2.0,28.93,0.0,10.0,9.721,2.0,10.0,2.0,30,5,200
3,66.7,6.0,18.0,6.0,10.0,10.0,2.0,28.93,0.0,10.0,9.721,2.0,10.0,2.0,30,5,300
3,66.7,6.0,18.0,6.0,10.0,10.0,2.0,28.93,0.0,10.0,9.721,2.0,10.0,2.0,30,5,500
3,66.7,6.0,18.0,6.0,10.0,10.0,2.0,28.93,0.0,10.0,9.721,2.0,10.0,2.0,30,5,1000
2,50.0,4.0,8.0,4.0,5.0,10.0,2.0,10.26,0.0,10.0,7.483,2.0,10.0,2.0,30,7,100
3,66.7,6.0,18.0,6.0,10.0,10.0,2.0,28.93,0.0,10.0,9.721,2.0,10.0,2.0,30,7,150
3,66.7,6.0,18.0,6.0,10.0,10.0,2.0,28.93,0.0,10.0,9.721,2.0,10.0,2.0,30,7,200
3,66.7,6.0,18.0,6.0,10.0,10.0,2.0,28.93,0.0,10.0,9.721,2.0,10.0,2.0,30,7,300
3,66.7,6.0,18.0,6.0,10.0,10.0,2.0,28.93,0.0,10.0,9.721,2.0,10.0,2.0,30,7,500
3,66.7,6.0,18.0,6.0,10.0,10.0,2.0,28.93,0.0,10.0,9.721,2.0,10.0,2.0,30,7,1000
2,50.0,3.5,7.0,3.5,3.333,10.0,3.0,10.26,0.0,10.0,6.044,3.0,10.0,3.0,30,1,100
3,66.7,3.917,11.75,3.917,4.917,7.376,3.0,9.54,0.0,10.0,6.723,3.0,10.0,3.0,30,1,150
3,66.7,3.917,11.75,3.917,4.917,7.376,3.0,9.54,0.0,10.0,6.723,3.0,10.0,3.0,30,1,200
3,66.7,3.917,11.75,3.917,4.917,7.376,3.0,9.54,0.0,10.0,6.723,3.0,10.0,3.0,30,1,300
3,66.7,3.917,11.75,3.917,4.917,7.376,3.0,9.54,0.0,10.0,6.723,3.0,10.0,3.0,30,1,500
3,66.7,3.917,11.75,3.917,4.917,7.376,3.0,9.54,0.0,10.0,6.723,3.0,10.0,3.0,30,1,1000
2,50.0,3.5,7.0,3.5,3.333,10.0,3.0,10.26,0.0,10.0,6.044,3.0,10.0,3.0,30,2,100
3,66.7,5.667,17.0,5.6667,6.667,10.0,3.0,28.93,0.0,10.0,8.475,3.0,10.0,3.0,30,2,150
3,66.7,5.667,17.0,5.6667,6.667,10.0,3.0,28.93,0.0,10.0,8.475,3.0,10.0,3.0,30,2,200
3,66.7,5.667,17.0,5.6667,6.667,10.0,3.0,28.93,0.0,10.0,8.475,3.0,10.0,3.0,30,2,300
3,66.7,5.667,17.0,5.6667,6.667,10.0,3.0,28.93,0.0,10.0,8.475,3.0,10.0,3.0,30,2,500
3,66.7,5.667,17.0,5.6667,6.667,10.0,3.0,28.93,0.0,10.0,8.475,3.0,10.0,3.0,30,2,1000
2,50.0,3.5,7.0,3.5,3.333,10.0,3.0,10.26,0.0,10.0,6.044,3.0,10.0,3.0,30,3,100
3,66.7,5.667,17.0,5.6667,6.667,10.0,3.0,28.93,0.0,10.0,8.475,3.0,10.0,3.0,30,3,150
3,66.7,5.667,17.0,5.6667,6.667,10.0,3.0,28.93,0.0,10.0,8.475,3.0,10.0,3.0,30,3,200
3,66.7,5.667,17.0,5.6667,6.667,10.0,3.0,28.93,0.0,10.0,8.475,3.0,10.0,3.0,30,3,300
3,66.7,5.667,17.0,5.6667,6.667,10.0,3.0,28.93,0.0,10.0,8.475,3.0,10.0,3.0,30,3,500
3,66.7,5.667,17.0,5.6667,6.667,10.0,3.0,28.93,0.0,10.0,8.475,3.0,10.0,3.0,30,3,1000
2,50.0,3.5,7.0,3.5,3.333,10.0,3.0,10.26,0.0,10.0,6.044,3.0,10.0,3.0,30,4,100
3,66.7,5.667,17.0,5.6667,6.667,10.0,3.0,28.93,0.0,10.0,8.475,3.0,10.0,3.0,30,4,150
3,66.7,5.667,17.0,5.6667,6.667,10.0,3.0,28.93,0.0,10.0,8.475,3.0,10.0,3.0,30,4,200
3,66.7,5.667,17.0,5.6667,6.667,10.0,3.0,28.93,0.0,10.0,8.475,3.0,10.0,3.0,30,4,300
3,66.7,5.667,17.0,5.6667,6.667,10.0,3.0,28.93,0.0,10.0,8.475,3.0,10.0,3.0,30,4,500
3,66.7,5.667,17.0,5.6667,6.667,10.0,3.0,28.93,0.0,10.0,8.475,3.0,10.0,3.0,30,4,1000
2,50.0,3.5,7.0,3.5,3.333,10.0,3.0,10.26,0.0,10.0,6.044,3.0,10.0,3.0,30,5,100
3,66.7,5.667,17.0,5.6667,6.667,10.0,3.0,28.93,0.0,10.0,8.475,3.0,10.0,3.0,30,5,150
3,66.7,5.667,17.0,5.6667,6.667,10.0,3.0,28.93,0.0,10.0,8.475,3.0,10.0,3.0,30,5,200
3,66.7,5.667,17.0,5.6667,6.667,10.0,3.0,28.93,0.0,10.0,8.475,3.0,10.0,3.0,30,5,300
3,66.7,5.667,17.0,5.6667,6.667,10.0,3.0,28.93,0.0,10.0,8.475,3.0,10.0,3.0,30,5,500
3,66.7,5.667,17.0,5.6667,6.667,10.0,3.0,28.93,0.0,10.0,8.475,3.0,10.0,3.0,30,5,1000
2,50.0,3.5,7.0,3.5,3.333,10.0,3.0,10.26,0.0,10.0,6.044,3.0,10.0,3.0,30,7,100
3,66.7,5.667,17.0,5.6667,6.667,10.0,3.0,28.93,0.0,10.0,8.475,3.0,10.0,3.0,30,7,150
3,66.7,5.667,17.0,5.6667,6.667,10.0,3.0,28.93,0.0,10.0,8.475,3.0,10.0,3.0,30,7,200
3,66.7,5.667,17.0,5.6667,6.667,10.0,3.0,28.93,0.0,10.0,8.475,3.0,10.0,3.0,30,7,300
3,66.7,5.667,17.0,5.6667,6.667,10.0,3.0,28.93,0.0,10.0,8.475,3.0,10.0,3.0,30,7,500
3,66.7,5.667,17.0,5.6667,6.667,10.0,3.0,28.93,0.0,10.0,8.475,3.0,10.0,3.0,30,7,1000
2,100.0,5.264,10.53,5.2645,99.0,5.264,0,10.26,0.0,10.0,12.479,0,10.0,4.0,30,1,100
3,100.0,5.093,15.28,5.0933,99.0,5.093,0,9.54,0.0,10.0,12.05,0,10.0,4.0,30,1,150
3,100.0,5.093,15.28,5.0933,99.0,5.093,0,9.54,0.0,10.0,12.05,0,10.0,4.0,30,1,200
3,100.0,5.093,15.28,5.0933,99.0,5.093,0,9.54,0.0,10.0,12.05,0,10.0,4.0,30,1,300
3,100.0,5.093,15.28,5.0933,99.0,5.093,0,9.54,0.0,10.0,12.05,0,10.0,4.0,30,1,500
3,100.0,5.093,15.28,5.0933,99.0,5.093,0,9.54,0.0,10.0,12.05,0,10.0,4.0,30,1,1000
2,100.0,5.264,10.53,5.2645,99.0,5.264,0,10.26,0.0,10.0,12.479,0,10.0,4.0,30,2,100
3,100.0,6.843,20.53,6.843,99.0,6.843,0,28.93,0.0,10.0,14.047,0,10.0,4.0,30,2,150
3,100.0,6.843,20.53,6.843,99.0,6.843,0,28.93,0.0,10.0,14.047,0,10.0,4.0,30,2,200
3,100.0,6.843,20.53,6.843,99.0,6.843,0,28.93,0.0,10.0,14.047,0,10.0,4.0,30,2,300
3,100.0,6.843,20.53,6.843,99.0,6.843,0,28.93,0.0,10.0,14.047,0,10.0,4.0,30,2,500
3,100.0,6.843,20.53,6.843,99.0,6.843,0,28.93,0.0,10.0,14.047,0,10.0,4.0,30,2,1000
2,50.0,3.0,6.0,3.0,2.5,10.0,4.0,10.26,0.0,10.0,4.811,4.0,10.0,4.0,30,3,100
3,66.7,5.333,16.0,5.3333,5.0,10.0,4.0,28.93,0.0,10.0,7.407,4.0,10.0,4.0,30,3,150
3,66.7,5.333,16.0,5.3333,5.0,10.0,4.0,28.93,0.0,10.0,7.407,4.0,10.0,4.0,30,3,200
3,66.7,5.333,16.0,5.3333,5.0,10.0,4.0,28.93,0.0,10.0,7.407,4.0,10.0,4.0,30,3,300
3,66.7,5.333,16.0,5.3333,5.0,10.0,4.0,28.93,0.0,10.0,7.407,4.0,10.0,4.0,30,3,500
3,66.7,5.333,16.0,5.3333,5.0,10.0,4.0,28.93,0.0,10.0,7.407,4.0,10.0,4.0,30,3,1000
2,50.0,3.0,6.0,3.0,2.5,10.0,4.0,10.26,0.0,10.0,4.811,4.0,10.0,4.0,30,4,100
3,66.7,5.333,16.0,5.3333,5.0,10.0,4.0,28.93,0.0,10.0,7.407,4.0,10.0,4.0,30,4,150
3,66.7,5.333,16.0,5.3333,5.0,10.0,4.0,28.93,0.0,10.0,7.407,4.0,10.0,4.0,30,4,200
3,66.7,5.333,16.0,5.3333,5.0,10.0,4.0,28.93,0.0,10.0,7.407,4.0,10.0,4.0,30,4,300
3,66.7,5.333,16.0,5.3333,5.0,10.0,4.0,28.93,0.0,10.0,7.407,4.0,10.0,4.0,30,4,500
3,66.7,5.333,16.0,5.3333,5.0,10.0,4.0,28.93,0.0,10.0,7.407,4.0,10.0,4.0,30,4,1000
2,50.0,3.0,6.0,3.0,2.5,10.0,4.0,10.26,0.0,10.0,4.811,4.0,10.0,4.0,30,5,100
3,66.7,5.333,16.0,5.3333,5.0,10.0,4.0,28.93,0.0,10.0,7.407,4.0,10.0,4.0,30,5,150
3,66.7,5.333,16.0,5.3333,5.0,10.0,4.0,28.93,0.0,10.0,7.407,4.0,10.0,4.0,30,5,200
3,66.7,5.333,16.0,5.3333,5.0,10.0,4.0,28.93,0.0,10.0,7.407,4.0,10.0,4.0,30,5,300
3,66.7,5.333,16.0,5.3333,5.0,10.0,4.0,28.93,0.0,10.0,7.407,4.0,10.0,4.0,30,5,500
3,66.7,5.333,16.0,5.3333,5.0,10.0,4.0,28.93,0.0,10.0,7.407,4.0,10.0,4.0,30,5,1000
2,50.0,3.0,6.0,3.0,2.5,10.0,4.0,10.26,0.0,10.0,4.811,4.0,10.0,4.0,30,7,100
3,66.7,5.333,16.0,5.3333,5.0,10.0,4.0,28.93,0.0,10.0,7.407,4.0,10.0,4.0,30,7,150
3,66.7,5.333,16.0,5.3333,5.0,10.0,4.0,28.93,0.0,10.0,7.407,4.0,10.0,4.0,30,7,200
3,66.7,5.333,16.0,5.3333,5.0,10.0,4.0,28.93,0.0,10.0,7.407,4.0,10.0,4.0,30,7,300
3,66.7,5.333,16.0,5.3333,5.0,10.0,4.0,28.93,0.0,10.0,7.407,4.0,10.0,4.0,30,7,500
3,66.7,5.333,16.0,5.3333,5.0,10.0,4.0,28.93,0.0,10.0,7.407,4.0,10.0,4.0,30,7,1000
2,100.0,5.264,10.53,5.2645,99.0,5.264,0,10.26,0.0,10.0,12.479,0,10.0,5.0,30,1,100
3,100.0,5.093,15.28,5.0933,99.0,5.093,0,9.54,0.0,10.0,12.05,0,10.0,5.0,30,1,150
3,100.0,5.093,15.28,5.0933,99.0,5.093,0,9.54,0.0,10.0,12.05,0,10.0,5.0,30,1,200
3,100.0,5.093,15.28,5.0933,99.0,5.093,0,9.54,0.0,10.0,12.05,0,10.0,5.0,30,1,300
3,100.0,5.093,15.28,5.0933,99.0,5.093,0,9.54,0.0,10.0,12.05,0,10.0,5.0,30,1,500
3,100.0,5.093,15.28,5.0933,99.0,5.093,0,9.54,0.0,10.0,12.05,0,10.0,5.0,30,1,1000
2,100.0,5.264,10.53,5.2645,99.0,5.264,0,10.26,0.0,10.0,12.479,0,10.0,5.0,30,2,100
3,100.0,6.843,20.53,6.843,99.0,6.843,0,28.93,0.0,10.0,14.047,0,10.0,5.0,30,2,150
3,100.0,6.843,20.53,6.843,99.0,6.843,0,28.93,0.0,10.0,14.047,0,10.0,5.0,30,2,200
3,100.0,6.843,20.53,6.843,99.0,6.843,0,28.93,0.0,10.0,14.047,0,10.0,5.0,30,2,300
3,100.0,6.843,20.53,6.843,99.0,6.843,0,28.93,0.0,10.0,14.047,0,10.0,5.0,30,2,500
3,100.0,6.843,20.53,6.843,99.0,6.843,0,28.93,0.0,10.0,14.047,0,10.0,5.0,30,2,1000
2,50.0,2.5,5.0,2.5,2.0,10.0,5.0,10.26,0.0,10.0,3.742,5.0,10.0,5.0,30,3,100
3,66.7,5.0,15.0,5.0,4.0,10.0,5.0,28.93,0.0,10.0,6.481,5.0,10.0,5.0,30,3,150
3,66.7,5.0,15.0,5.0,4.0,10.0,5.0,28.93,0.0,10.0,6.481,5.0,10.0,5.0,30,3,200
3,66.7,5.0,15.0,5.0,4.0,10.0,5.0,28.93,0.0,10.0,6.481,5.0,10.0,5.0,30,3,300
3,66.7,5.0,15.0,5.0,4.0,10.0,5.0,28.93,0.0,10.0,6.481,5.0,10.0,5.0,30,3,500
3,66.7,5.0,15.0,5.0,4.0,10.0,5.0,28.93,0.0,10.0,6.481,5.0,10.0,5.0,30,3,1000
2,50.0,2.5,5.0,2.5,2.0,10.0,5.0,10.26,0.0,10.0,3.742,5.0,10.0,5.0,30,4,100
3,66.7,5.0,15.0,5.0,4.0,10.0,5.0,28.93,0.0,10.0,6.481,5.0,10.0,5.0,30,4,150
3,66.7,5.0,15.0,5.0,4.0,10.0,5.0,28.93,0.0,10.0,6.481,5.0,10.0,5.0,30,4,200
3,66.7,5.0,15.0,5.0,4.0,10.0,5.0,28.93,0.0,10.0,6.481,5.0,10.0,5.0,30,4,300
3,66.7,5.0,15.0,5.0,4.0,10.0,5.0,28.93,0.0,10.0,6.481,5.0,10.0,5.0,30,4,500
3,66.7,5.0,15.0,5.0,4.0,10.0,5.0,28.93,0.0,10.0,6.481,5.0,10.0,5.0,30,4,1000
2,50.0,2.5,5.0,2.5,2.0,10.0,5.0,10.26,0.0,10.0,3.742,5.0,10.0,5.0,30,5,100
3,66.7,5.0,15.0,5.0,4.0,10.0,5.0,28.93,0.0,10.0,6.481,5.0,10.0,5.0,30,5,150
3,66.7,5.0,15.0,5.0,4.0,10.0,5.0,28.93,0.0,10.0,6.481,5.0,10.0,5.0,30,5,200
3,66.7,5.0,15.0,5.0,4.0,10.0,5.0,28.93,0.0,10.0,6.481,5.0,10.0,5.0,30,5,300
3,66.7,5.0,15.0,5.0,4.0,10.0,5.0,28.93,0.0,10.0,6.481,5.0,10.0,5.0,30,5,500
3,66.7,5.0,15.0,5.0,4.0,10.0,5.0,28.93,0.0,10.0,6.481,5.0,10.0,5.0,30,5,1000
2,50.0,2.5,5.0,2.5,2.0,10.0,5.0,10.26,0.0,10.0,3.742,5.0,10.0,5.0,30,7,100
3,66.7,5.0,15.0,5.0,4.0,10.0,5.0,28.93,0.0,10.0,6.481,5.0,10.0,5.0,30,7,150
3,66.7,5.0,15.0,5.0,4.0,10.0,5.0,28.93,0.0,10.0,6.481,5.0,10.0,5.0,30,7,200
3,66.7,5.0,15.0,5.0,4.0,10.0,5.0,28.93,0.0,10.0,6.481,5.0,10.0,5.0,30,7,300
3,66.7,5.0,15.0,5.0,4.0,10.0,5.0,28.93,0.0,10.0,6.481,5.0,10.0,5.0,30,7,500
3,66.7,5.0,15.0,5.0,4.0,10.0,5.0,28.93,0.0,10.0,6.481,5.0,10.0,5.0,30,7,1000
2,100.0,5.264,10.53,5.2645,99.0,5.264,0,10.26,0.0,10.0,12.479,0,10.0,6.0,30,1,100
3,100.0,5.093,15.28,5.0933,99.0,5.093,0,9.54,0.0,10.0,12.05,0,10.0,6.0,30,1,150
3,100.0,5.093,15.28,5.0933,99.0,5.093,0,9.54,0.0,10.0,12.05,0,10.0,6.0,30,1,200
3,100.0,5.093,15.28,5.0933,99.0,5.093,0,9.54,0.0,10.0,12.05,0,10.0,6.0,30,1,300
3,100.0,5.093,15.28,5.0933,99.0,5.093,0,9.54,0.0,10.0,12.05,0,10.0,6.0,30,1,500
3,100.0,5.093,15.28,5.0933,99.0,5.093,0,9.54,0.0,10.0,12.05,0,10.0,6.0,30,1,1000
2,100.0,5.264,10.53,5.2645,99.0,5.264,0,10.26,0.0,10.0,12.479,0,10.0,6.0,30,2,100
3,100.0,6.843,20.53,6.843,99.0,6.843,0,28.93,0.0,10.0,14.047,0,10.0,6.0,30,2,150
3,100.0,6.843,20.53,6.843,99.0,6.843,0,28.93,0.0,10.0,14.047,0,10.0,6.0,30,2,200
3,100.0,6.843,20.53,6.843,99.0,6.843,0,28.93,0.0,10.0,14.047,0,10.0,6.0,30,2,300
3,100.0,6.843,20.53,6.843,99.0,6.843,0,28.93,0.0,10.0,14.047,0,10.0,6.0,30,2,500
3,100.0,6.843,20.53,6.843,99.0,6.843,0,28.93,0.0,10.0,14.047,0,10.0,6.0,30,2,1000
2,50.0,2.0,4.0,2.0,1.667,10.0,6.0,10.26,0.0,10.0,2.806,6.0,10.0,6.0,30,3,100
3,66.7,4.667,14.0,4.6667,3.333,10.0,6.0,28.93,0.0,10.0,5.671,6.0,10.0,6.0,30,3,150
3,66.7,4.667,14.0,4.6667,3.333,10.0,6.0,28.93,0.0,10.0,5.671,6.0,10.0,6.0,30,3,200
3,66.7,4.667,14.0,4.6667,3.333,10.0,6.0,28.93,0.0,10.0,5.671,6.0,10.0,6.0,30,3,300
3,66.7,4.667,14.0,4.6667,3.333,10.0,6.0,28.93,0.0,10.0,5.671,6.0,10.0,6.0,30,3,500
3,66.7,4.667,14.0,4.6667,3.333,10.0,6.0,28.93,0.0,10.0,5.671,6.0,10.0,6.0,30,3,1000
2,50.0,2.0,4.0,2.0,1.667,10.0,6.0,10.26,0.0,10.0,2.806,6.0,10.0,6.0,30,4,100
3,66.7,4.667,14.0,4.6667,3.333,10.0,6.0,28.93,0.0,10.0,5.671,6.0,10.0,6.0,30,4,150
3,66.7,4.667,14.0,4.6667,3.333,10.0,6.0,28.93,0.0,10.0,5.671,6.0,10.0,6.0,30,4,200
3,66.7,4.667,14.0,4.6667,3.333,10.0,6.0,28.93,0.0,10.0,5.671,6.0,10.0,6.0,30,4,300
3,66.7,4.667,14.0,4.6667,3.333,10.0,6.0,28.93,0.0,10.0,5.671,6.0,10.0,6.0,30,4,500
3,66.7,4.667,14.0,4.6667,3.333,10.0,6.0,28.93,0.0,10.0,5.671,6.0,10.0,6.0,30,4,1000
2,50.0,2.0,4.0,2.0,1.667,10.0,6.0,10.26,0.0,10.0,2.806,6.0,10.0,6.0,30,5,100
3,66.7,4.667,14.0,4.6667,3.333,10.0,6.0,28.93,0.0,10.0,5.671,6.0,10.0,6.0,30,5,150
3,66.7,4.667,14.0,4.6667,3.333,10.0,6.0,28.93,0.0,10.0,5.671,6.0,10.0,6.0,30,5,200
3,66.7,4.667,14.0,4.6667,3.333,10.0,6.0,28.93,0.0,10.0,5.671,6.0,10.0,6.0,30,5,300
3,66.7,4.667,14.0,4.6667,3.333,10.0,6.0,28.93,0.0,10.0,5.671,6.0,10.0,6.0,30,5,500
3,66.7,4.667,14.0,4.6667,3.333,10.0,6.0,28.93,0.0,10.0,5.671,6.0,10.0,6.0,30,5,1000
2,50.0,2.0,4.0,2.0,1.667,10.0,6.0,10.26,0.0,10.0,2.806,6.0,10.0,6.0,30,7,100
3,66.7,4.667,14.0,4.6667,3.333,10.0,6.0,28.93,0.0,10.0,5.671,6.0,10.0,6.0,30,7,150
3,66.7,4.667,14.0,4.6667,3.333,10.0,6.0,28.93,0.0,10.0,5.671,6.0,10.0,6.0,30,7,200
3,66.7,4.667,14.0,4.6667,3.333,10.0,6.0,28.93,0.0,10.0,5.671,6.0,10.0,6.0,30,7,300
3,66.7,4.667,14.0,4.6667,3.333,10.0,6.0,28.93,0.0,10.0,5.671,6.0,10.0,6.0,30,7,500
3,66.7,4.667,14.0,4.6667,3.333,10.0,6.0,28.93,0.0,10.0,5.671,6.0,10.0,6.0,30,7,1000
2,50.0,5.0,10.0,5.0,6.0,12.0,2.0,10.26,0.0,12.0,8.018,2.0,12.0,2.0,30,1,100
3,66.7,4.917,14.75,4.917,8.376,8.376,2.0,9.54,0.0,12.0,7.883,2.0,12.0,2.0,30,1,150
3,66.7,4.917,14.75,4.917,8.376,8.376,2.0,9.54,0.0,12.0,7.883,2.0,12.0,2.0,30,1,200
3,66.7,4.917,14.75,4.917,8.376,8.376,2.0,9.54,0.0,12.0,7.883,2.0,12.0,2.0,30,1,300
3,66.7,4.917,14.75,4.917,8.376,8.376,2.0,9.54,0.0,12.0,7.883,2.0,12.0,2.0,30,1,500
3,66.7,4.917,14.75,4.917,8.376,8.376,2.0,9.54,0.0,12.0,7.883,2.0,12.0,2.0,30,1,1000
2,50.0,5.0,10.0,5.0,6.0,12.0,2.0,10.26,0.0,12.0,8.018,2.0,12.0,2.0,30,2,100
3,66.7,7.333,22.0,7.3333,12.0,12.0,2.0,28.93,0.0,12.0,10.184,2.0,12.0,2.0,30,2,150
3,66.7,7.333,22.0,7.3333,12.0,12.0,2.0,28.93,0.0,12.0,10.184,2.0,12.0,2.0,30,2,200
3,66.7,7.333,22.0,7.3333,12.0,12.0,2.0,28.93,0.0,12.0,10.184,2.0,12.0,2.0,30,2,300
3,66.7,7.333,22.0,7.3333,12.0,12.0,2.0,28.93,0.0,12.0,10.184,2.0,12.0,2.0,30,2,500
3,66.7,7.333,22.0,7.3333,12.0,12.0,2.0,28.93,0.0,12.0,10.184,2.0,12.0,2.0,30,2,1000
2,50.0,5.0,10.0,5.0,6.0,12.0,2.0,10.26,0.0,12.0,8.018,2.0,12.0,2.0,30,3,100
3,66.7,7.333,22.0,7.3333,12.0,12.0,2.0,28.93,0.0,12.0,10.184,2.0,12.0,2.0,30,3,150
3,66.7,7.333,22.0,7.3333,12.0,12.0,2.0,28.93,0.0,12.0,10.184,2.0,12.0,2.0,30,3,200
3,66.7,7.333,22.0,7.3333,12.0,12.0,2.0,28.93,0.0,12.0,10.184,2.0,12.0,2.0,30,3,300
3,66.7,7.333,22.0,7.3333,12.0,12.0,2.0,28.93,0.0,12.0,10.184,2.0,12.0,2.0,30,3,500
3,66.7,7.333,22.0,7.3333,12.0,12.0,2.0,28.93,0.0,12.0,10.184,2.0,12.0,2.0,30,3,1000
2,50.0,5.0,10.0,5.0,6.0,12.0,2.0,10.26,0.0,12.0,8.018,2.0,12.0,2.0,30,4,100
3,66.7,7.333,22.0,7.3333,12.0,12.0,2.0,28.93,0.0,12.0,10.184,2.0,12.0,2.0,30,4,150
3,66.7,7.333,22.0,7.3333,12.0,12.0,2.0,28.93,0.0,12.0,10.184,2.0,12.0,2.0,30,4,200
3,66.7,7.333,22.0,7.3333,12.0,12.0,2.0,28.93,0.0,12.0,10.184,2.0,12.0,2.0,30,4,300
3,66.7,7.333,22.0,7.3333,12.0,12.0,2.0,28.93,0.0,12.0,10.184,2.0,12.0,2.0,30,4,500
3,66.7,7.333,22.0,7.3333,12.0,12.0,2.0,28.93,0.0,12.0,10.184,2.0,12.0,2.0,30,4,1000
2,50.0,5.0,10.0,5.0,6.0,12.0,2.0,10.26,0.0,12.0,8.018,2.0,12.0,2.0,30,5,100
3,66.7,7.333,22.0,7.3333,12.0,12.0,2.0,28.93,0.0,12.0,10.184,2.0,12.0,2.0,30,5,150
3,66.7,7.333,22.0,7.3333,12.0,12.0,2.0,28.93,0.0,12.0,10.184,2.0,12.0,2.0,30,5,200
3,66.7,7.333,22.0,7.3333,12.0,12.0,2.0,28.93,0.0,12.0,10.184,2.0,12.0,2.0,30,5,300
3,66.7,7.333,22.0,7.3333,12.0,12.0,2.0,28.93,0.0,12.0,10.184,2.0,12.0,2.0,30,5,500
3,66.7,7.333,22.0,7.3333,12.0,12.0,2.0,28.93,0.0,12.0,10.184,2.0,12.0,2.0,30,5,1000
2,50.0,5.0,10.0,5.0,6.0,12.0,2.0,10.26,0.0,12.0,8.018,2.0,12.0,2.0,30,7,100
3,66.7,7.333,22.0,7.3333,12.0,12.0,2.0,28.93,0.0,12.0,10.184,2.0,12.0,2.0,30,7,150
3,66.7,7.333,22.0,7.3333,12.0,12.0,2.0,28.93,0.0,12.0,10.184,2.0,12.0,2.0,30,7,200
3,66.7,7.333,22.0,7.3333,12.0,12.0,2.0,28.93,0.0,12.0,10.184,2.0,12.0,2.0,30,7,300
3,66.7,7.333,22.0,7.3333,12.0,12.0,2.0,28.93,0.0,12.0,10.184,2.0,12.0,2.0,30,7,500
3,66.7,7.333,22.0,7.3333,12.0,12.0,2.0,28.93,0.0,12.0,10.184,2.0,12.0,2.0,30,7,1000
2,50.0,4.5,9.0,4.5,4.0,12.0,3.0,10.26,0.0,12.0,6.735,3.0,12.0,3.0,30,1,100
3,66.7,4.584,13.75,4.5837,5.584,8.376,3.0,9.54,0.0,12.0,6.859,3.0,12.0,3.0,30,1,150
3,66.7,4.584,13.75,4.5837,5.584,8.376,3.0,9.54,0.0,12.0,6.859,3.0,12.0,3.0,30,1,200
3,66.7,4.584,13.75,4.5837,5.584,8.376,3.0,9.54,0.0,12.0,6.859,3.0,12.0,3.0,30,1,300
3,66.7,4.584,13.75,4.5837,5.584,8.376,3.0,9.54,0.0,12.0,6.859,3.0,12.0,3.0,30,1,500
3,66.7,4.584,13.75,4.5837,5.584,8.376,3.0,9.54,0.0,12.0,6.859,3.0,12.0,3.0,30,1,1000
2,50.0,4.5,9.0,4.5,4.0,12.0,3.0,10.26,0.0,12.0,6.735,3.0,12.0,3.0,30,2,100
3,66.7,7.0,21.0,7.0,8.0,12.0,3.0,28.93,0.0,12.0,9.073,3.0,12.0,3.0,30,2,150
3,66.7,7.0,21.0,7.0,8.0,12.0,3.0,28.93,0.0,12.0,9.073,3.0,12.0,3.0,30,2,200
3,66.7,7.0,21.0,7.0,8.0,12.0,3.0,28.93,0.0,12.0,9.073,3.0,12.0,3.0,30,2,300
3,66.7,7.0,21.0,7.0,8.0,12.0,3.0,28.93,0.0,12.0,9.073,3.0,12.0,3.0,30,2,500
3,66.7,7.0,21.0,7.0,8.0,12.0,3.0,28.93,0.0,12.0,9.073,3.0,12.0,3.0,30,2,1000
2,50.0,4.5,9.0,4.5,4.0,12.0,3.0,10.26,0.0,12.0,6.735,3.0,12.0,3.0,30,3,100
3,66.7,7.0,21.0,7.0,8.0,12.0,3.0,28.93,0.0,12.0,9.073,3.0,12.0,3.0,30,3,150
3,66.7,7.0,21.0,7.0,8.0,12.0,3.0,28.93,0.0,12.0,9.073,3.0,12.0,3.0,30,3,200
3,66.7,7.0,21.0,7.0,8.0,12.0,3.0,28.93,0.0,12.0,9.073,3.0,12.0,3.0,30,3,300
3,66.7,7.0,21.0,7.0,8.0,12.0,3.0,28.93,0.0,12.0,9.073,3.0,12.0,3.0,30,3,500
3,66.7,7.0,21.0,7.0,8.0,12.0,3.0,28.93,0.0,12.0,9.073,3.0,12.0,3.0,30,3,1000
2,50.0,4.5,9.0,4.5,4.0,12.0,3.0,10.26,0.0,12.0,6.735,3.0,12.0,3.0,30,4,100
3,66.7,7.0,21.0,7.0,8.0,12.0,3.0,28.93,0.0,12.0,9.073,3.0,12.0,3.0,30,4,150
3,66.7,7.0,21.0,7.0,8.0,12.0,3.0,28.93,0.0,12.0,9.073,3.0,12.0,3.0,30,4,200
3,66.7,7.0,21.0,7.0,8.0,12.0,3.0,28.93,0.0,12.0,9.073,3.0,12.0,3.0,30,4,300
3,66.7,7.0,21.0,7.0,8.0,12.0,3.0,28.93,0.0,12.0,9.073,3.0,12.0,3.0,30,4,500
3,66.7,7.0,21.0,7.0,8.0,12.0,3.0,28.93,0.0,12.0,9.073,3.0,12.0,3.0,30,4,1000
2,50.0,4.5,9.0,4.5,4.0,12.0,3.0,10.26,0.0,12.0,6.735,3.0,12.0,3.0,30,5,100
3,66.7,7.0,21.0,7.0,8.0,12.0,3.0,28.93,0.0,12.0,9.073,3.0,12.0,3.0,30,5,150
3,66.7,7.0,21.0,7.0,8.0,12.0,3.0,28.93,0.0,12.0,9.073,3.0,12.0,3.0,30,5,200
3,66.7,7.0,21.0,7.0,8.0,12.0,3.0,28.93,0.0,12.0,9.073,3.0,12.0,3.0,30,5,300
3,66.7,7.0,21.0,7.0,8.0,12.0,3.0,28.93,0.0,12.0,9.073,3.0,12.0,3.0,30,5,500
3,66.7,7.0,21.0,7.0,8.0,12.0,3.0,28.93,0.0,12.0,9.073,3.0,12.0,3.0,30,5,1000
2,50.0,4.5,9.0,4.5,4.0,12.0,3.0,10.26,0.0,12.0,6.735,3.0,12.0,3.0,30,7,100
3,66.7,7.0,21.0,7.0,8.0,12.0,3.0,28.93,0.0,12.0,9.073,3.0,12.0,3.0,30,7,150
3,66.7,7.0,21.0,7.0,8.0,12.0,3.0,28.93,0.0,12.0,9.073,3.0,12.0,3.0,30,7,200
3,66.7,7.0,21.0,7.0,8.0,12.0,3.0,28.93,0.0,12.0,9.073,3.0,12.0,3.0,30,7,300
3,66.7,7.0,21.0,7.0,8.0,12.0,3.0,28.93,0.0,12.0,9.073,3.0,12.0,3.0,30,7,500
3,66.7,7.0,21.0,7.0,8.0,12.0,3.0,28.93,0.0,12.0,9.073,3.0,12.0,3.0,30,7,1000
2,100.0,6.264,12.53,6.2645,99.0,6.264,0,10.26,0.0,12.0,12.26,0,12.0,4.0,30,1,100
3,100.0,5.76,17.28,5.76,99.0,5.76,0,9.54,0.0,12.0,11.144,0,12.0,4.0,30,1,150
3,100.0,5.76,17.28,5.76,99.0,5.76,0,9.54,0.0,12.0,11.144,0,12.0,4.0,30,1,200
3,100.0,5.76,17.28,5.76,99.0,5.76,0,9.54,0.0,12.0,11.144,0,12.0,4.0,30,1,300
3,100.0,5.76,17.28,5.76,99.0,5.76,0,9.54,0.0,12.0,11.144,0,12.0,4.0,30,1,500
3,100.0,5.76,17.28,5.76,99.0,5.76,0,9.54,0.0,12.0,11.144,0,12.0,4.0,30,1,1000
2,100.0,6.264,12.53,6.2645,99.0,6.264,0,10.26,0.0,12.0,12.26,0,12.0,4.0,30,2,100
3,100.0,8.176,24.53,8.1763,99.0,8.176,0,28.93,0.0,12.0,13.858,0,12.0,4.0,30,2,150
3,100.0,8.176,24.53,8.1763,99.0,8.176,0,28.93,0.0,12.0,13.858,0,12.0,4.0,30,2,200
3,100.0,8.176,24.53,8.1763,99.0,8.176,0,28.93,0.0,12.0,13.858,0,12.0,4.0,30,2,300
3,100.0,8.176,24.53,8.1763,99.0,8.176,0,28.93,0.0,12.0,13.858,0,12.0,4.0,30,2,500
3,100.0,8.176,24.53,8.1763,99.0,8.176,0,28.93,0.0,12.0,13.858,0,12.0,4.0,30,2,1000
2,50.0,4.0,8.0,4.0,3.0,12.0,4.0,10.26,0.0,12.0,5.612,4.0,12.0,4.0,30,3,100
3,66.7,6.667,20.0,6.6667,6.0,12.0,4.0,28.93,0.0,12.0,8.101,4.0,12.0,4.0,30,3,150
3,66.7,6.667,20.0,6.6667,6.0,12.0,4.0,28.93,0.0,12.0,8.101,4.0,12.0,4.0,30,3,200
3,66.7,6.667,20.0,6.6667,6.0,12.0,4.0,28.93,0.0,12.0,8.101,4.0,12.0,4.0,30,3,300
3,66.7,6.667,20.0,6.6667,6.0,12.0,4.0,28.93,0.0,12.0,8.101,4.0,12.0,4.0,30,3,500
3,66.7,6.667,20.0,6.6667,6.0,12.0,4.0,28.93,0.0,12.0,8.101,4.0,12.0,4.0,30,3,1000
2,50.0,4.0,8.0,4.0,3.0,12.0,4.0,10.26,0.0,12.0,5.612,4.0,12.0,4.0,30,4,100
3,66.7,6.667,20.0,6.6667,6.0,12.0,4.0,28.93,0.0,12.0,8.101,4.0,12.0,4.0,30,4,150
3,66.7,6.667,20.0,6.6667,6.0,12.0,4.0,28.93,0.0,12.0,8.101,4.0,12.0,4.0,30,4,200
3,66.7,6.667,20.0,6.6667,6.0,12.0,4.0,28.93,0.0,12.0,8.101,4.0,12.0,4.0,30,4,300
3,66.7,6.667,20.0,6.6667,6.0,12.0,4.0,28.93,0.0,12.0,8.101,4.0,12.0,4.0,30,4,500
3,66.7,6.667,20.0,6.6667,6.0,12.0,4.0,28.93,0.0,12.0,8.101,4.0,12.0,4.0,30,4,1000
2,50.0,4.0,8.0,4.0,3.0,12.0,4.0,10.26,0.0,12.0,5.612,4.0,12.0,4.0,30,5,100
3,66.7,6.667,20.0,6.6667,6.0,12.0,4.0,28.93,0.0,12.0,8.101,4.0,12.0,4.0,30,5,150
3,66.7,6.667,20.0,6.6667,6.0,12.0,4.0,28.93,0.0,12.0,8.101,4.0,12.0,4.0,30,5,200
3,66.7,6.667,20.0,6.6667,6.0,12.0,4.0,28.93,0.0,12.0,8.101,4.0,12.0,4.0,30,5,300
3,66.7,6.667,20.0,6.6667,6.0,12.0,4.0,28.93,0.0,12.0,8.101,4.0,12.0,4.0,30,5,500
3,66.7,6.667,20.0,6.6667,6.0,12.0,4.0,28.93,0.0,12.0,8.101,4.0,12.0,4.0,30,5,1000
2,50.0,4.0,8.0,4.0,3.0,12.0,4.0,10.26,0.0,12.0,5.612,4.0,12.0,4.0,30,7,100
3,66.7,6.667,20.0,6.6667,6.0,12.0,4.0,28.93,0.0,12.0,8.101,4.0,12.0,4.0,30,7,150
3,66.7,6.667,20.0,6.6667,6.0,12.0,4.0,28.93,0.0,12.0,8.101,4.0,12.0,4.0,30,7,200
3,66.7,6.667,20.0,6.6667,6.0,12.0,4.0,28.93,0.0,12.0,8.101,4.0,12.0,4.0,30,7,300
3,66.7,6.667,20.0,6.6667,6.0,12.0,4.0,28.93,0.0,12.0,8.101,4.0,12.0,4.0,30,7,500
3,66.7,6.667,20.0,6.6667,6.0,12.0,4.0,28.93,0.0,12.0,8.101,4.0,12.0,4.0,30,7,1000
2,100.0,6.264,12.53,6.2645,99.0,6.264,0,10.26,0.0,12.0,12.26,0,12.0,5.0,30,1,100
3,100.0,5.76,17.28,5.76,99.0,5.76,0,9.54,0.0,12.0,11.144,0,12.0,5.0,30,1,150
3,100.0,5.76,17.28,5.76,99.0,5.76,0,9.54,0.0,12.0,11.144,0,12.0,5.0,30,1,200
3,100.0,5.76,17.28,5.76,99.0,5.76,0,9.54,0.0,12.0,11.144,0,12.0,5.0,30,1,300
3,100.0,5.76,17.28,5.76,99.0,5.76,0,9.54,0.0,12.0,11.144,0,12.0,5.0,30,1,500
3,100.0,5.76,17.28,5.76,99.0,5.76,0,9.54,0.0,12.0,11.144,0,12.0,5.0,30,1,1000
2,100.0,6.264,12.53,6.2645,99.0,6.264,0,10.26,0.0,12.0,12.26,0,12.0,5.0,30,2,100
3,100.0,8.176,24.53,8.1763,99.0,8.176,0,28.93,0.0,12.0,13.858,0,12.0,5.0,30,2,150
3,100.0,8.176,24.53,8.1763,99.0,8.176,0,28.93,0.0,12.0,13.858,0,12.0,5.0,30,2,200
3,100.0,8.176,24.53,8.1763,99.0,8.176,0,28.93,0.0,12.0,13.858,0,12.0,5.0,30,2,300
3,100.0,8.176,24.53,8.1763,99.0,8.176,0,28.93,0.0,12.0,13.858,0,12.0,5.0,30,2,500
3,100.0,8.176,24.53,8.1763,99.0,8.176,0,28.93,0.0,12.0,13.858,0,12.0,5.0,30,2,1000
2,50.0,3.5,7.0,3.5,2.4,12.0,5.0,10.26,0.0,12.0,4.622,5.0,12.0,5.0,30,3,100
3,66.7,6.333,19.0,6.3333,4.8,12.0,5.0,28.93,0.0,12.0,7.243,5.0,12.0,5.0,30,3,150
3,66.7,6.333,19.0,6.3333,4.8,12.0,5.0,28.93,0.0,12.0,7.243,5.0,12.0,5.0,30,3,200
3,66.7,6.333,19.0,6.3333,4.8,12.0,5.0,28.93,0.0,12.0,7.243,5.0,12.0,5.0,30,3,300
3,66.7,6.333,19.0,6.3333,4.8,12.0,5.0,28.93,0.0,12.0,7.243,5.0,12.0,5.0,30,3,500
3,66.7,6.333,19.0,6.3333,4.8,12.0,5.0,28.93,0.0,12.0,7.243,5.0,12.0,5.0,30,3,1000
2,50.0,3.5,7.0,3.5,2.4,12.0,5.0,10.26,0.0,12.0,4.622,5.0,12.0,5.0,30,4,100
3,66.7,6.333,19.0,6.3333,4.8,12.0,5.0,28.93,0.0,12.0,7.243,5.0,12.0,5.0,30,4,150
3,66.7,6.333,19.0,6.3333,4.8,12.0,5.0,28.93,0.0,12.0,7.243,5.0,12.0,5.0,30,4,200
3,66.7,6.333,19.0,6.3333,4.8,12.0,5.0,28.93,0.0,12.0,7.243,5.0,12.0,5.0,30,4,300
3,66.7,6.333,19.0,6.3333,4.8,12.0,5.0,28.93,0.0,12.0,7.243,5.0,12.0,5.0,30,4,500
3,66.7,6.333,19.0,6.3333,4.8,12.0,5.0,28.93,0.0,12.0,7.243,5.0,12.0,5.0,30,4,1000
2,50.0,3.5,7.0,3.5,2.4,12.0,5.0,10.26,0.0,12.0,4.622,5.0,12.0,5.0,30,5,100
3,66.7,6.333,19.0,6.3333,4.8,12.0,5.0,28.93,0.0,12.0,7.243,5.0,12.0,5.0,30,5,150
3,66.7,6.333,19.0,6.3333,4.8,12.0,5.0,28.93,0.0,12.0,7.243,5.0,12.0,5.0,30,5,200
3,66.7,6.333,19.0,6.3333,4.8,12.0,5.0,28.93,0.0,12.0,7.243,5.0,12.0,5.0,30,5,300
3,66.7,6.333,19.0,6.3333,4.8,12.0,5.0,28.93,0.0,12.0,7.243,5.0,12.0,5.0,30,5,500
3,66.7,6.333,19.0,6.3333,4.8,12.0,5.0,28.93,0.0,12.0,7.243,5.0,12.0,5.0,30,5,1000
2,50.0,3.5,7.0,3.5,2.4,12.0,5.0,10.26,0.0,12.0,4.622,5.0,12.0,5.0,30,7,100
3,66.7,6.333,19.0,6.3333,4.8,12.0,5.0,28.93,0.0,12.0,7.243,5.0,12.0,5.0,30,7,150
3,66.7,6.333,19.0,6.3333,4.8,12.0,5.0,28.93,0.0,12.0,7.243,5.0,12.0,5.0,30,7,200
3,66.7,6.333,19.0,6.3333,4.8,12.0,5.0,28.93,0.0,12.0,7.243,5.0,12.0,5.0,30,7,300
3,66.7,6.333,19.0,6.3333,4.8,12.0,5.0,28.93,0.0,12.0,7.243,5.0,12.0,5.0,30,7,500
3,66.7,6.333,19.0,6.3333,4.8,12.0,5.0,28.93,0.0,12.0,7.243,5.0,12.0,5.0,30,7,1000
2,100.0,6.264,12.53,6.2645,99.0,6.264,0,10.26,0.0,12.0,12.26,0,12.0,6.0,30,1,100
3,100.0,5.76,17.28,5.76,99.0,5.76,0,9.54,0.0,12.0,11.144,0,12.0,6.0,30,1,150
3,100.0,5.76,17.28,5.76,99.0,5.76,0,9.54,0.0,12.0,11.144,0,12.0,6.0,30,1,200
3,100.0,5.76,17.28,5.76,99.0,5.76,0,9.54,0.0,12.0,11.144,0,12.0,6.0,30,1,300
3,100.0,5.76,17.28,5.76,99.0,5.76,0,9.54,0.0,12.0,11.144,0,12.0,6.0,30,1,500
3,100.0,5.76,17.28,5.76,99.0,5.76,0,9.54,0.0,12.0,11.144,0,12.0,6.0,30,1,1000
2,100.0,6.264,12.53,6.2645,99.0,6.264,0,10.26,0.0,12.0,12.26,0,12.0,6.0,30,2,100
3,100.0,8.176,24.53,8.1763,99.0,8.176,0,28.93,0.0,12.0,13.858,0,12.0,6.0,30,2,150
3,100.0,8.176,24.53,8.1763,99.0,8.176,0,28.93,0.0,12.0,13.858,0,12.0,6.0,30,2,200
3,100.0,8.176,24.53,8.1763,99.0,8.176,0,28.93,0.0,12.0,13.858,0,12.0,6.0,30,2,300
3,100.0,8.176,24.53,8.1763,99.0,8.176,0,28.93,0.0,12.0,13.858,0,12.0,6.0,30,2,500
3,100.0,8.176,24.53,8.1763,99.0,8.176,0,28.93,0.0,12.0,13.858,0,12.0,6.0,30,2,1000
2,50.0,3.0,6.0,3.0,2.0,12.0,6.0,10.26,0.0,12.0,3.742,6.0,12.0,6.0,30,3,100
3,66.7,6.0,18.0,6.0,4.0,12.0,6.0,28.93,0.0,12.0,6.481,6.0,12.0,6.0,30,3,150
3,66.7,6.0,18.0,6.0,4.0,12.0,6.0,28.93,0.0,12.0,6.481,6.0,12.0,6.0,30,3,200
3,66.7,6.0,18.0,6.0,4.0,12.0,6.0,28.93,0.0,12.0,6.481,6.0,12.0,6.0,30,3,300
3,66.7,6.0,18.0,6.0,4.0,12.0,6.0,28.93,0.0,12.0,6.481,6.0,12.0,6.0,30,3,500
3,66.7,6.0,18.0,6.0,4.0,12.0,6.0,28.93,0.0,12.0,6.481,6.0,12.0,6.0,30,3,1000
2,50.0,3.0,6.0,3.0,2.0,12.0,6.0,10.26,0.0,12.0,3.742,6.0,12.0,6.0,30,4,100
3,66.7,6.0,18.0,6.0,4.0,12.0,6.0,28.93,0.0,12.0,6.481,6.0,12.0,6.0,30,4,150
3,66.7,6.0,18.0,6.0,4.0,12.0,6.0,28.93,0.0,12.0,6.481,6.0,12.0,6.0,30,4,200
3,66.7,6.0,18.0,6.0,4.0,12.0,6.0,28.93,0.0,12.0,6.481,6.0,12.0,6.0,30,4,300
3,66.7,6.0,18.0,6.0,4.0,12.0,6.0,28.93,0.0,12.0,6.481,6.0,12.0,6.0,30,4,500
3,66.7,6.0,18.0,6.0,4.0,12.0,6.0,28.93,0.0,12.0,6.481,6.0,12.0,6.0,30,4,1000
2,50.0,3.0,6.0,3.0,2.0,12.0,6.0,10.26,0.0,12.0,3.742,6.0,12.0,6.0,30,5,100
3,66.7,6.0,18.0,6.0,4.0,12.0,6.0,28.93,0.0,12.0,6.481,6.0,12.0,6.0,30,5,150
3,66.7,6.0,18.0,6.0,4.0,12.0,6.0,28.93,0.0,12.0,6.481,6.0,12.0,6.0,30,5,200
3,66.7,6.0,18.0,6.0,4.0,12.0,6.0,28.93,0.0,12.0,6.481,6.0,12.0,6.0,30,5,300
3,66.7,6.0,18.0,6.0,4.0,12.0,6.0,28.93,0.0,12.0,6.481,6.0,12.0,6.0,30,5,500
3,66.7,6.0,18.0,6.0,4.0,12.0,6.0,28.93,0.0,12.0,6.481,6.0,12.0,6.0,30,5,1000
2,50.0,3.0,6.0,3.0,2.0,12.0,6.0,10.26,0.0,12.0,3.742,6.0,12.0,6.0,30,7,100
3,66.7,6.0,18.0,6.0,4.0,12.0,6.0,28.93,0.0,12.0,6.481,6.0,12.0,6.0,30,7,150
3,66.7,6.0,18.0,6.0,4.0,12.0,6.0,28.93,0.0,12.0,6.481,6.0,12.0,6.0,30,7,200
3,66.7,6.0,18.0,6.0,4.0,12.0,6.0,28.93,0.0,12.0,6.481,6.0,12.0,6.0,30,7,300
3,66.7,6.0,18.0,6.0,4.0,12.0,6.0,28.93,0.0,12.0,6.481,6.0,12.0,6.0,30,7,500
3,66.7,6.0,18.0,6.0,4.0,12.0,6.0,28.93,0.0,12.0,6.481,6.0,12.0,6.0,30,7,1000
2,50.0,6.5,13.0,6.5,7.5,15.0,2.0,10.26,0.0,15.0,8.584,2.0,15.0,2.0,30,1,100
3,66.7,5.917,17.75,5.917,9.876,9.876,2.0,9.54,0.0,15.0,7.759,2.0,15.0,2.0,30,1,150
3,66.7,5.917,17.75,5.917,9.876,9.876,2.0,9.54,0.0,15.0,7.759,2.0,15.0,2.0,30,1,200
3,66.7,5.917,17.75,5.917,9.876,9.876,2.0,9.54,0.0,15.0,7.759,2.0,15.0,2.0,30,1,300
3,66.7,5.917,17.75,5.917,9.876,9.876,2.0,9.54,0.0,15.0,7.759,2.0,15.0,2.0,30,1,500
3,66.7,5.917,17.75,5.917,9.876,9.876,2.0,9.54,0.0,15.0,7.759,2.0,15.0,2.0,30,1,1000
2,50.0,6.5,13.0,6.5,7.5,15.0,2.0,10.26,0.0,15.0,8.584,2.0,15.0,2.0,30,2,100
3,66.7,9.333,28.0,9.3333,15.0,15.0,2.0,28.93,0.0,15.0,10.674,2.0,15.0,2.0,30,2,150
3,66.7,9.333,28.0,9.3333,15.0,15.0,2.0,28.93,0.0,15.0,10.674,2.0,15.0,2.0,30,2,200
3,66.7,9.333,28.0,9.3333,15.0,15.0,2.0,28.93,0.0,15.0,10.674,2.0,15.0,2.0,30,2,300
3,66.7,9.333,28.0,9.3333,15.0,15.0,2.0,28.93,0.0,15.0,10.674,2.0,15.0,2.0,30,2,500
3,66.7,9.333,28.0,9.3333,15.0,15.0,2.0,28.93,0.0,15.0,10.674,2.0,15.0,2.0,30,2,1000
2,50.0,6.5,13.0,6.5,7.5,15.0,2.0,10.26,0.0,15.0,8.584,2.0,15.0,2.0,30,3,100
3,66.7,9.333,28.0,9.3333,15.0,15.0,2.0,28.93,0.0,15.0,10.674,2.0,15.0,2.0,30,3,150
3,66.7,9.333,28.0,9.3333,15.0,15.0,2.0,28.93,0.0,15.0,10.674,2.0,15.0,2.0,30,3,200
3,66.7,9.333,28.0,9.3333,15.0,15.0,2.0,28.93,0.0,15.0,10.674,2.0,15.0,2.0,30,3,300
3,66.7,9.333,28.0,9.3333,15.0,15.0,2.0,28.93,0.0,15.0,10.674,2.0,15.0,2.0,30,3,500
3,66.7,9.333,28.0,9.3333,15.0,15.0,2.0,28.93,0.0,15.0,10.674,2.0,15.0,2.0,30,3,1000
2,50.0,6.5,13.0,6.5,7.5,15.0,2.0,10.26,0.0,15.0,8.584,2.0,15.0,2.0,30,4,100
3,66.7,9.333,28.0,9.3333,15.0,15.0,2.0,28.93,0.0,15.0,10.674,2.0,15.0,2.0,30,4,150
3,66.7,9.333,28.0,9.3333,15.0,15.0,2.0,28.93,0.0,15.0,10.674,2.0,15.0,2.0,30,4,200
3,66.7,9.333,28.0,9.3333,15.0,15.0,2.0,28.93,0.0,15.0,10.674,2.0,15.0,2.0,30,4,300
3,66.7,9.333,28.0,9.3333,15.0,15.0,2.0,28.93,0.0,15.0,10.674,2.0,15.0,2.0,30,4,500
3,66.7,9.333,28.0,9.3333,15.0,15.0,2.0,28.93,0.0,15.0,10.674,2.0,15.0,2.0,30,4,1000
2,50.0,6.5,13.0,6.5,7.5,15.0,2.0,10.26,0.0,15.0,8.584,2.0,15.0,2.0,30,5,100
3,66.7,9.333,28.0,9.3333,15.0,15.0,2.0,28.93,0.0,15.0,10.674,2.0,15.0,2.0,30,5,150
3,66.7,9.333,28.0,9.3333,15.0,15.0,2.0,28.93,0.0,15.0,10.674,2.0,15.0,2.0,30,5,200
3,66.7,9.333,28.0,9.3333,15.0,15.0,2.0,28.93,0.0,15.0,10.674,2.0,15.0,2.0,30,5,300
3,66.7,9.333,28.0,9.3333,15.0,15.0,2.0,28.93,0.0,15.0,10.674,2.0,15.0,2.0,30,5,500
3,66.7,9.333,28.0,9.3333,15.0,15.0,2.0,28.93,0.0,15.0,10.674,2.0,15.0,2.0,30,5,1000
2,50.0,6.5,13.0,6.5,7.5,15.0,2.0,10.26,0.0,15.0,8.584,2.0,15.0,2.0,30,7,100
3,66.7,9.333,28.0,9.3333,15.0,15.0,2.0,28.93,0.0,15.0,10.674,2.0,15.0,2.0,30,7,150
3,66.7,9.333,28.0,9.3333,15.0,15.0,2.0,28.93,0.0,15.0,10.674,2.0,15.0,2.0,30,7,200
3,66.7,9.333,28.0,9.3333,15.0,15.0,2.0,28.93,0.0,15.0,10.674,2.0,15.0,2.0,30,7,300
3,66.7,9.333,28.0,9.3333,15.0,15.0,2.0,28.93,0.0,15.0,10.674,2.0,15.0,2.0,30,7,500
3,66.7,9.333,28.0,9.3333,15.0,15.0,2.0,28.93,0.0,15.0,10.674,2.0,15.0,2.0,30,7,1000
2,50.0,6.0,12.0,6.0,5.0,15.0,3.0,10.26,0.0,15.0,7.483,3.0,15.0,3.0,30,1,100
3,66.7,5.584,16.75,5.5837,6.584,9.876,3.0,9.54,0.0,15.0,6.942,3.0,15.0,3.0,30,1,150
3,66.7,5.584,16.75,5.5837,6.584,9.876,3.0,9.54,0.0,15.0,6.942,3.0,15.0,3.0,30,1,200
3,66.7,5.584,16.75,5.5837,6.584,9.876,3.0,9.54,0.0,15.0,6.942,3.0,15.0,3.0,30,1,300
3,66.7,5.584,16.75,5.5837,6.584,9.876,3.0,9.54,0.0,15.0,6.942,3.0,15.0,3.0,30,1,500
3,66.7,5.584,16.75,5.5837,6.584,9.876,3.0,9.54,0.0,15.0,6.942,3.0,15.0,3.0,30,1,1000
2,50.0,6.0,12.0,6.0,5.0,15.0,3.0,10.26,0.0,15.0,7.483,3.0,15.0,3.0,30,2,100
3,66.7,9.0,27.0,9.0,10.0,15.0,3.0,28.93,0.0,15.0,9.721,3.0,15.0,3.0,30,2,150
3,66.7,9.0,27.0,9.0,10.0,15.0,3.0,28.93,0.0,15.0,9.721,3.0,15.0,3.0,30,2,200
3,66.7,9.0,27.0,9.0,10.0,15.0,3.0,28.93,0.0,15.0,9.721,3.0,15.0,3.0,30,2,300
3,66.7,9.0,27.0,9.0,10.0,15.0,3.0,28.93,0.0,15.0,9.721,3.0,15.0,3.0,30,2,500
3,66.7,9.0,27.0,9.0,10.0,15.0,3.0,28.93,0.0,15.0,9.721,3.0,15.0,3.0,30,2,1000
2,50.0,6.0,12.0,6.0,5.0,15.0,3.0,10.26,0.0,15.0,7.483,3.0,15.0,3.0,30,3,100
3,66.7,9.0,27.0,9.0,10.0,15.0,3.0,28.93,0.0,15.0,9.721,3.0,15.0,3.0,30,3,150
3,66.7,9.0,27.0,9.0,10.0,15.0,3.0,28.93,0.0,15.0,9.721,3.0,15.0,3.0,30,3,200
3,66.7,9.0,27.0,9.0,10.0,15.0,3.0,28.93,0.0,15.0,9.721,3.0,15.0,3.0,30,3,300
3,66.7,9.0,27.0,9.0,10.0,15.0,3.0,28.93,0.0,15.0,9.721,3.0,15.0,3.0,30,3,500
3,66.7,9.0,27.0,9.0,10.0,15.0,3.0,28.93,0.0,15.0,9.721,3.0,15.0,3.0,30,3,1000
2,50.0,6.0,12.0,6.0,5.0,15.0,3.0,10.26,0.0,15.0,7.483,3.0,15.0,3.0,30,4,100
3,66.7,9.0,27.0,9.0,10.0,15.0,3.0,28.93,0.0,15.0,9.721,3.0,15.0,3.0,30,4,150
3,66.7,9.0,27.0,9.0,10.0,15.0,3.0,28.93,0.0,15.0,9.721,3.0,15.0,3.0,30,4,200
3,66.7,9.0,27.0,9.0,10.0,15.0,3.0,28.93,0.0,15.0,9.721,3.0,15.0,3.0,30,4,300
3,66.7,9.0,27.0,9.0,10.0,15.0,3.0,28.93,0.0,15.0,9.721,3.0,15.0,3.0,30,4,500
3,66.7,9.0,27.0,9.0,10.0,15.0,3.0,28.93,0.0,15.0,9.721,3.0,15.0,3.0,30,4,1000
2,50.0,6.0,12.0,6.0,5.0,15.0,3.0,10.26,0.0,15.0,7.483,3.0,15.0,3.0,30,5,100
3,66.7,9.0,27.0,9.0,10.0,15.0,3.0,28.93,0.0,15.0,9.721,3.0,15.0,3.0,30,5,150
3,66.7,9.0,27.0,9.0,10.0,15.0,3.0,28.93,0.0,15.0,9.721,3.0,15.0,3.0,30,5,200
3,66.7,9.0,27.0,9.0,10.0,15.0,3.0,28.93,0.0,15.0,9.721,3.0,15.0,3.0,30,5,300
3,66.7,9.0,27.0,9.0,10.0,15.0,3.0,28.93,0.0,15.0,9.721,3.0,15.0,3.0,30,5,500
3,66.7,9.0,27.0,9.0,10.0,15.0,3.0,28.93,0.0,15.0,9.721,3.0,15.0,3.0,30,5,1000
2,50.0,6.0,12.0,6.0,5.0,15.0,3.0,10.26,0.0,15.0,7.483,3.0,15.0,3.0,30,7,100
3,66.7,9.0,27.0,9.0,10.0,15.0,3.0,28.93,0.0,15.0,9.721,3.0,15.0,3.0,30,7,150
3,66.7,9.0,27.0,9.0,10.0,15.0,3.0,28.93,0.0,15.0,9.721,3.0,15.0,3.0,30,7,200
3,66.7,9.0,27.0,9.0,10.0,15.0,3.0,28.93,0.0,15.0,9.721,3.0,15.0,3.0,30,7,300
3,66.7,9.0,27.0,9.0,10.0,15.0,3.0,28.93,0.0,15.0,9.721,3.0,15.0,3.0,30,7,500
3,66.7,9.0,27.0,9.0,10.0,15.0,3.0,28.93,0.0,15.0,9.721,3.0,15.0,3.0,30,7,1000
2,100.0,7.764,15.53,7.7645,99.0,7.764,0,10.26,0.0,15.0,12.046,0,15.0,4.0,30,1,100
3,100.0,6.76,20.28,6.76,99.0,6.76,0,9.54,0.0,15.0,10.197,0,15.0,4.0,30,1,150
3,100.0,6.76,20.28,6.76,99.0,6.76,0,9.54,0.0,15.0,10.197,0,15.0,4.0,30,1,200
3,100.0,6.76,20.28,6.76,99.0,6.76,0,9.54,0.0,15.0,10.197,0,15.0,4.0,30,1,300
3,100.0,6.76,20.28,6.76,99.0,6.76,0,9.54,0.0,15.0,10.197,0,15.0,4.0,30,1,500
3,100.0,6.76,20.28,6.76,99.0,6.76,0,9.54,0.0,15.0,10.197,0,15.0,4.0,30,1,1000
2,100.0,7.764,15.53,7.7645,99.0,7.764,0,10.26,0.0,15.0,12.046,0,15.0,4.0,30,2,100
3,100.0,10.176,30.53,10.1763,99.0,10.176,0,28.93,0.0,15.0,13.672,0,15.0,4.0,30,2,150
3,100.0,10.176,30.53,10.1763,99.0,10.176,0,28.93,0.0,15.0,13.672,0,15.0,4.0,30,2,200
3,100.0,10.176,30.53,10.1763,99.0,10.176,0,28.93,0.0,15.0,13.672,0,15.0,4.0,30,2,300
3,100.0,10.176,30.53,10.1763,99.0,10.176,0,28.93,0.0,15.0,13.672,0,15.0,4.0,30,2,500
3,100.0,10.176,30.53,10.1763,99.0,10.176,0,28.93,0.0,15.0,13.672,0,15.0,4.0,30,2,1000
2,50.0,5.5,11.0,5.5,3.75,15.0,4.0,10.26,0.0,15.0,6.499,4.0,15.0,4.0,30,3,100
3,66.7,8.667,26.0,8.6667,7.5,15.0,4.0,28.93,0.0,15.0,8.868,4.0,15.0,4.0,30,3,150
3,66.7,8.667,26.0,8.6667,7.5,15.0,4.0,28.93,0.0,15.0,8.868,4.0,15.0,4.0,30,3,200
3,66.7,8.667,26.0,8.6667,7.5,15.0,4.0,28.93,0.0,15.0,8.868,4.0,15.0,4.0,30,3,300
3,66.7,8.667,26.0,8.6667,7.5,15.0,4.0,28.93,0.0,15.0,8.868,4.0,15.0,4.0,30,3,500
3,66.7,8.667,26.0,8.6667,7.5,15.0,4.0,28.93,0.0,15.0,8.868,4.0,15.0,4.0,30,3,1000
2,50.0,5.5,11.0,5.5,3.75,15.0,4.0,10.26,0.0,15.0,6.499,4.0,15.0,4.0,30,4,100
3,66.7,8.667,26.0,8.6667,7.5,15.0,4.0,28.93,0.0,15.0,8.868,4.0,15.0,4.0,30,4,150
3,66.7,8.667,26.0,8.6667,7.5,15.0,4.0,28.93,0.0,15.0,8.868,4.0,15.0,4.0,30,4,200
3,66.7,8.667,26.0,8.6667,7.5,15.0,4.0,28.93,0.0,15.0,8.868,4.0,15.0,4.0,30,4,300
3,66.7,8.667,26.0,8.6667,7.5,15.0,4.0,28.93,0.0,15.0,8.868,4.0,15.0,4.0,30,4,500
3,66.7,8.667,26.0,8.6667,7.5,15.0,4.0,28.93,0.0,15.0,8.868,4.0,15.0,4.0,30,4,1000
2,50.0,5.5,11.0,5.5,3.75,15.0,4.0,10.26,0.0,15.0,6.499,4.0,15.0,4.0,30,5,100
3,66.7,8.667,26.0,8.6667,7.5,15.0,4.0,28.93,0.0,15.0,8.868,4.0,15.0,4.0,30,5,150
3,66.7,8.667,26.0,8.6667,7.5,15.0,4.0,28.93,0.0,15.0,8.868,4.0,15.0,4.0,30,5,200
3,66.7,8.667,26.0,8.6667,7.5,15.0,4.0,28.93,0.0,15.0,8.868,4.0,15.0,4.0,30,5,300
3,66.7,8.667,26.0,8.6667,7.5,15.0,4.0,28.93,0.0,15.0,8.868,4.0,15.0,4.0,30,5,500
3,66.7,8.667,26.0,8.6667,7.5,15.0,4.0,28.93,0.0,15.0,8.868,4.0,15.0,4.0,30,5,1000
2,50.0,5.5,11.0,5.5,3.75,15.0,4.0,10.26,0.0,15.0,6.499,4.0,15.0,4.0,30,7,100
3,66.7,8.667,26.0,8.6667,7.5,15.0,4.0,28.93,0.0,15.0,8.868,4.0,15.0,4.0,30,7,150
3,66.7,8.667,26.0,8.6667,7.5,15.0,4.0,28.93,0.0,15.0,8.868,4.0,15.0,4.0,30,7,200
3,66.7,8.667,26.0,8.6667,7.5,15.0,4.0,28.93,0.0,15.0,8.868,4.0,15.0,4.0,30,7,300
3,66.7,8.667,26.0,8.6667,7.5,15.0,4.0,28.93,0.0,15.0,8.868,4.0,15.0,4.0,30,7,500
3,66.7,8.667,26.0,8.6667,7.5,15.0,4.0,28.93,0.0,15.0,8.868,4.0,15.0,4.0,30,7,1000
2,100.0,7.764,15.53,7.7645,99.0,7.764,0,10.26,0.0,15.0,12.046,0,15.0,5.0,30,1,100
3,100.0,6.76,20.28,6.76,99.0,6.76,0,9.54,0.0,15.0,10.197,0,15.0,5.0,30,1,150
3,100.0,6.76,20.28,6.76,99.0,6.76,0,9.54,0.0,15.0,10.197,0,15.0,5.0,30,1,200
3,100.0,6.76,20.28,6.76,99.0,6.76,0,9.54,0.0,15.0,10.197,0,15.0,5.0,30,1,300
3,100.0,6.76,20.28,6.76,99.0,6.76,0,9.54,0.0,15.0,10.197,0,15.0,5.0,30,1,500
3,100.0,6.76,20.28,6.76,99.0,6.76,0,9.54,0.0,15.0,10.197,0,15.0,5.0,30,1,1000
2,100.0,7.764,15.53,7.7645,99.0,7.764,0,10.26,0.0,15.0,12.046,0,15.0,5.0,30,2,100
3,100.0,10.176,30.53,10.1763,99.0,10.176,0,28.93,0.0,15.0,13.672,0,15.0,5.0,30,2,150
3,100.0,10.176,30.53,10.1763,99.0,10.176,0,28.93,0.0,15.0,13.672,0,15.0,5.0,30,2,200
3,100.0,10.176,30.53,10.1763,99.0,10.176,0,28.93,0.0,15.0,13.672,0,15.0,5.0,30,2,300
3,100.0,10.176,30.53,10.1763,99.0,10.176,0,28.93,0.0,15.0,13.672,0,15.0,5.0,30,2,500
3,100.0,10.176,30.53,10.1763,99.0,10.176,0,28.93,0.0,15.0,13.672,0,15.0,5.0,30,2,1000
2,50.0,5.0,10.0,5.0,3.0,15.0,5.0,10.26,0.0,15.0,5.612,5.0,15.0,5.0,30,3,100
3,66.7,8.333,25.0,8.3333,6.0,15.0,5.0,28.93,0.0,15.0,8.101,5.0,15.0,5.0,30,3,150
3,66.7,8.333,25.0,8.3333,6.0,15.0,5.0,28.93,0.0,15.0,8.101,5.0,15.0,5.0,30,3,200
3,66.7,8.333,25.0,8.3333,6.0,15.0,5.0,28.93,0.0,15.0,8.101,5.0,15.0,5.0,30,3,300
3,66.7,8.333,25.0,8.3333,6.0,15.0,5.0,28.93,0.0,15.0,8.101,5.0,15.0,5.0,30,3,500
3,66.7,8.333,25.0,8.3333,6.0,15.0,5.0,28.93,0.0,15.0,8.101,5.0,15.0,5.0,30,3,1000
2,50.0,5.0,10.0,5.0,3.0,15.0,5.0,10.26,0.0,15.0,5.612,5.0,15.0,5.0,30,4,100
3,66.7,8.333,25.0,8.3333,6.0,15.0,5.0,28.93,0.0,15.0,8.101,5.0,15.0,5.0,30,4,150
3,66.7,8.333,25.0,8.3333,6.0,15.0,5.0,28.93,0.0,15.0,8.101,5.0,15.0,5.0,30,4,200
3,66.7,8.333,25.0,8.3333,6.0,15.0,5.0,28.93,0.0,15.0,8.101,5.0,15.0,5.0,30,4,300
3,66.7,8.333,25.0,8.3333,6.0,15.0,5.0,28.93,0.0,15.0,8.101,5.0,15.0,5.0,30,4,500
3,66.7,8.333,25.0,8.3333,6.0,15.0,5.0,28.93,0.0,15.0,8.101,5.0,15.0,5.0,30,4,1000
2,50.0,5.0,10.0,5.0,3.0,15.0,5.0,10.26,0.0,15.0,5.612,5.0,15.0,5.0,30,5,100
3,66.7,8.333,25.0,8.3333,6.0,15.0,5.0,28.93,0.0,15.0,8.101,5.0,15.0,5.0,30,5,150
3,66.7,8.333,25.0,8.3333,6.0,15.0,5.0,28.93,0.0,15.0,8.101,5.0,15.0,5.0,30,5,200
3,66.7,8.333,25.0,8.3333,6.0,15.0,5.0,28.93,0.0,15.0,8.101,5.0,15.0,5.0,30,5,300
3,66.7,8.333,25.0,8.3333,6.0,15.0,5.0,28.93,0.0,15.0,8.101,5.0,15.0,5.0,30,5,500
3,66.7,8.333,25.0,8.3333,6.0,15.0,5.0,28.93,0.0,15.0,8.101,5.0,15.0,5.0,30,5,1000
2,50.0,5.0,10.0,5.0,3.0,15.0,5.0,10.26,0.0,15.0,5.612,5.0,15.0,5.0,30,7,100
3,66.7,8.333,25.0,8.3333,6.0,15.0,5.0,28.93,0.0,15.0,8.101,5.0,15.0,5.0,30,7,150
3,66.7,8.333,25.0,8.3333,6.0,15.0,5.0,28.93,0.0,15.0,8.101,5.0,15.0,5.0,30,7,200
3,66.7,8.333,25.0,8.3333,6.0,15.0,5.0,28.93,0.0,15.0,8.101,5.0,15.0,5.0,30,7,300
3,66.7,8.333,25.0,8.3333,6.0,15.0,5.0,28.93,0.0,15.0,8.101,5.0,15.0,5.0,30,7,500
3,66.7,8.333,25.0,8.3333,6.0,15.0,5.0,28.93,0.0,15.0,8.101,5.0,15.0,5.0,30,7,1000
2,100.0,7.764,15.53,7.7645,99.0,7.764,0,10.26,0.0,15.0,12.046,0,15.0,6.0,30,1,100
3,100.0,6.76,20.28,6.76,99.0,6.76,0,9.54,0.0,15.0,10.197,0,15.0,6.0,30,1,150
3,100.0,6.76,20.28,6.76,99.0,6.76,0,9.54,0.0,15.0,10.197,0,15.0,6.0,30,1,200
3,100.0,6.76,20.28,6.76,99.0,6.76,0,9.54,0.0,15.0,10.197,0,15.0,6.0,30,1,300
3,100.0,6.76,20.28,6.76,99.0,6.76,0,9.54,0.0,15.0,10.197,0,15.0,6.0,30,1,500
3,100.0,6.76,20.28,6.76,99.0,6.76,0,9.54,0.0,15.0,10.197,0,15.0,6.0,30,1,1000
2,100.0,7.764,15.53,7.7645,99.0,7.764,0,10.26,0.0,15.0,12.046,0,15.0,6.0,30,2,100
3,100.0,10.176,30.53,10.1763,99.0,10.176,0,28.93,0.0,15.0,13.672,0,15.0,6.0,30,2,150
3,100.0,10.176,30.53,10.1763,99.0,10.176,0,28.93,0.0,15.0,13.672,0,15.0,6.0,30,2,200
3,100.0,10.176,30.53,10.1763,99.0,10.176,0,28.93,0.0,15.0,13.672,0,15.0,6.0,30,2,300
3,100.0,10.176,30.53,10.1763,99.0,10.176,0,28.93,0.0,15.0,13.672,0,15.0,6.0,30,2,500
3,100.0,10.176,30.53,10.1763,99.0,10.176,0,28.93,0.0,15.0,13.672,0,15.0,6.0,30,2,1000
2,50.0,4.5,9.0,4.5,2.5,15.0,6.0,10.26,0.0,15.0,4.811,6.0,15.0,6.0,30,3,100
3,66.7,8.0,24.0,8.0,5.0,15.0,6.0,28.93,0.0,15.0,7.407,6.0,15.0,6.0,30,3,150
3,66.7,8.0,24.0,8.0,5.0,15.0,6.0,28.93,0.0,15.0,7.407,6.0,15.0,6.0,30,3,200
3,66.7,8.0,24.0,8.0,5.0,15.0,6.0,28.93,0.0,15.0,7.407,6.0,15.0,6.0,30,3,300
3,66.7,8.0,24.0,8.0,5.0,15.0,6.0,28.93,0.0,15.0,7.407,6.0,15.0,6.0,30,3,500
3,66.7,8.0,24.0,8.0,5.0,15.0,6.0,28.93,0.0,15.0,7.407,6.0,15.0,6.0,30,3,1000
2,50.0,4.5,9.0,4.5,2.5,15.0,6.0,10.26,0.0,15.0,4.811,6.0,15.0,6.0,30,4,100
3,66.7,8.0,24.0,8.0,5.0,15.0,6.0,28.93,0.0,15.0,7.407,6.0,15.0,6.0,30,4,150
3,66.7,8.0,24.0,8.0,5.0,15.0,6.0,28.93,0.0,15.0,7.407,6.0,15.0,6.0,30,4,200
3,66.7,8.0,24.0,8.0,5.0,15.0,6.0,28.93,0.0,15.0,7.407,6.0,15.0,6.0,30,4,300
3,66.7,8.0,24.0,8.0,5.0,15.0,6.0,28.93,0.0,15.0,7.407,6.0,15.0,6.0,30,4,500
3,66.7,8.0,24.0,8.0,5.0,15.0,6.0,28.93,0.0,15.0,7.407,6.0,15.0,6.0,30,4,1000
2,50.0,4.5,9.0,4.5,2.5,15.0,6.0,10.26,0.0,15.0,4.811,6.0,15.0,6.0,30,5,100
3,66.7,8.0,24.0,8.0,5.0,15.0,6.0,28.93,0.0,15.0,7.407,6.0,15.0,6.0,30,5,150
3,66.7,8.0,24.0,8.0,5.0,15.0,6.0,28.93,0.0,15.0,7.407,6.0,15.0,6.0,30,5,200
3,66.7,8.0,24.0,8.0,5.0,15.0,6.0,28.93,0.0,15.0,7.407,6.0,15.0,6.0,30,5,300
3,66.7,8.0,24.0,8.0,5.0,15.0,6.0,28.93,0.0,15.0,7.407,6.0,15.0,6.0,30,5,500
3,66.7,8.0,24.0,8.0,5.0,15.0,6.0,28.93,0.0,15.0,7.407,6.0,15.0,6.0,30,5,1000
2,50.0,4.5,9.0,4.5,2.5,15.0,6.0,10.26,0.0,15.0,4.811,6.0,15.0,6.0,30,7,100
3,66.7,8.0,24.0,8.0,5.0,15.0,6.0,28.93,0.0,15.0,7.407,6.0,15.0,6.0,30,7,150
3,66.7,8.0,24.0,8.0,5.0,15.0,6.0,28.93,0.0,15.0,7.407,6.0,15.0,6.0,30,7,200
3,66.7,8.0,24.0,8.0,5.0,15.0,6.0,28.93,0.0,15.0,7.407,6.0,15.0,6.0,30,7,300
3,66.7,8.0,24.0,8.0,5.0,15.0,6.0,28.93,0.0,15.0,7.407,6.0,15.0,6.0,30,7,500
3,66.7,8.0,24.0,8.0,5.0,15.0,6.0,28.93,0.0,15.0,7.407,6.0,15.0,6.0,30,7,1000
2,50.0,9.0,18.0,9.0,10.0,20.0,2.0,10.26,0.0,20.0,9.184,2.0,20.0,2.0,30,1,100
3,66.7,7.584,22.75,7.5837,12.376,12.376,2.0,9.54,0.0,20.0,7.553,2.0,20.0,2.0,30,1,150
3,66.7,7.584,22.75,7.5837,12.376,12.376,2.0,9.54,0.0,20.0,7.553,2.0,20.0,2.0,30,1,200
3,66.7,7.584,22.75,7.5837,12.376,12.376,2.0,9.54,0.0,20.0,7.553,2.0,20.0,2.0,30,1,300
3,66.7,7.584,22.75,7.5837,12.376,12.376,2.0,9.54,0.0,20.0,7.553,2.0,20.0,2.0,30,1,500
3,66.7,7.584,22.75,7.5837,12.376,12.376,2.0,9.54,0.0,20.0,7.553,2.0,20.0,2.0,30,1,1000
2,50.0,9.0,18.0,9.0,10.0,20.0,2.0,10.26,0.0,20.0,9.184,2.0,20.0,2.0,30,2,100
3,66.7,12.667,38.0,12.6667,20.0,20.0,2.0,28.93,0.0,20.0,11.194,2.0,20.0,2.0,30,2,150
3,66.7,12.667,38.0,12.6667,20.0,20.0,2.0,28.93,0.0,20.0,11.194,2.0,20.0,2.0,30,2,200
3,66.7,12.667,38.0,12.6667,20.0,20.0,2.0,28.93,0.0,20.0,11.194,2.0,20.0,2.0,30,2,300
3,66.7,12.667,38.0,12.6667,20.0,20.0,2.0,28.93,0.0,20.0,11.194,2.0,20.0,2.0,30,2,500
3,66.7,12.667,38.0,12.6667,20.0,20.0,2.0,28.93,0.0,20.0,11.194,2.0,20.0,2.0,30,2,1000
2,50.0,9.0,18.0,9.0,10.0,20.0,2.0,10.26,0.0,20.0,9.184,2.0,20.0,2.0,30,3,100
3,66.7,12.667,38.0,12.6667,20.0,20.0,2.0,28.93,0.0,20.0,11.194,2.0,20.0,2.0,30,3,150
3,66.7,12.667,38.0,12.6667,20.0,20.0,2.0,28.93,0.0,20.0,11.194,2.0,20.0,2.0,30,3,200
3,66.7,12.667,38.0,12.6667,20.0,20.0,2.0,28.93,0.0,20.0,11.194,2.0,20.0,2.0,30,3,300
3,66.7,12.667,38.0,12.6667,20.0,20.0,2.0,28.93,0.0,20.0,11.194,2.0,20.0,2.0,30,3,500
3,66.7,12.667,38.0,12.6667,20.0,20.0,2.0,28.93,0.0,20.0,11.194,2.0,20.0,2.0,30,3,1000
2,50.0,9.0,18.0,9.0,10.0,20.0,2.0,10.26,0.0,20.0,9.184,2.0,20.0,2.0,30,4,100
3,66.7,12.667,38.0,12.6667,20.0,20.0,2.0,28.93,0.0,20.0,11.194,2.0,20.0,2.0,30,4,150
3,66.7,12.667,38.0,12.6667,20.0,20.0,2.0,28.93,0.0,20.0,11.194,2.0,20.0,2.0,30,4,200
3,66.7,12.667,38.0,12.6667,20.0,20.0,2.0,28.93,0.0,20.0,11.194,2.0,20.0,2.0,30,4,300
3,66.7,12.667,38.0,12.6667,20.0,20.0,2.0,28.93,0.0,20.0,11.194,2.0,20.0,2.0,30,4,500
3,66.7,12.667,38.0,12.6667,20.0,20.0,2.0,28.93,0.0,20.0,11.194,2.0,20.0,2.0,30,4,1000
2,50.0,9.0,18.0,9.0,10.0,20.0,2.0,10.26,0.0,20.0,9.184,2.0,20.0,2.0,30,5,100
3,66.7,12.667,38.0,12.6667,20.0,20.0,2.0,28.93,0.0,20.0,11.194,2.0,20.0,2.0,30,5,150
3,66.7,12.667,38.0,12.6667,20.0,20.0,2.0,28.93,0.0,20.0,11.194,2.0,20.0,2.0,30,5,200
3,66.7,12.667,38.0,12.6667,20.0,20.0,2.0,28.93,0.0,20.0,11.194,2.0,20.0,2.0,30,5,300
3,66.7,12.667,38.0,12.6667,20.0,20.0,2.0,28.93,0.0,20.0,11.194,2.0,20.0,2.0,30,5,500
3,66.7,12.667,38.0,12.6667,20.0,20.0,2.0,28.93,0.0,20.0,11.194,2.0,20.0,2.0,30,5,1000
2,50.0,9.0,18.0,9.0,10.0,20.0,2.0,10.26,0.0,20.0,9.184,2.0,20.0,2.0,30,7,100
3,66.7,12.667,38.0,12.6667,20.0,20.0,2.0,28.93,0.0,20.0,11.194,2.0,20.0,2.0,30,7,150
3,66.7,12.667,38.0,12.6667,20.0,20.0,2.0,28.93,0.0,20.0,11.194,2.0,20.0,2.0,30,7,200
3,66.7,12.667,38.0,12.6667,20.0,20.0,2.0,28.93,0.0,20.0,11.194,2.0,20.0,2.0,30,7,300
3,66.7,12.667,38.0,12.6667,20.0,20.0,2.0,28.93,0.0,20.0,11.194,2.0,20.0,2.0,30,7,500
3,66.7,12.667,38.0,12.6667,20.0,20.0,2.0,28.93,0.0,20.0,11.194,2.0,20.0,2.0,30,7,1000
2,50.0,8.5,17.0,8.5,6.667,20.0,3.0,10.26,0.0,20.0,8.297,3.0,20.0,3.0,30,1,100
3,66.7,7.25,21.75,7.2503,8.25,12.376,3.0,9.54,0.0,20.0,6.955,3.0,20.0,3.0,30,1,150
3,66.7,7.25,21.75,7.2503,8.25,12.376,3.0,9.54,0.0,20.0,6.955,3.0,20.0,3.0,30,1,200
3,66.7,7.25,21.75,7.2503,8.25,12.376,3.0,9.54,0.0,20.0,6.955,3.0,20.0,3.0,30,1,300
3,66.7,7.25,21.75,7.2503,8.25,12.376,3.0,9.54,0.0,20.0,6.955,3.0,20.0,3.0,30,1,500
3,66.7,7.25,21.75,7.2503,8.25,12.376,3.0,9.54,0.0,20.0,6.955,3.0,20.0,3.0,30,1,1000
2,50.0,8.5,17.0,8.5,6.667,20.0,3.0,10.26,0.0,20.0,8.297,3.0,20.0,3.0,30,2,100
3,66.7,12.333,37.0,12.3333,13.333,20.0,3.0,28.93,0.0,20.0,10.426,3.0,20.0,3.0,30,2,150
3,66.7,12.333,37.0,12.3333,13.333,20.0,3.0,28.93,0.0,20.0,10.426,3.0,20.0,3.0,30,2,200
3,66.7,12.333,37.0,12.3333,13.333,20.0,3.0,28.93,0.0,20.0,10.426,3.0,20.0,3.0,30,2,300
3,66.7,12.333,37.0,12.3333,13.333,20.0,3.0,28.93,0.0,20.0,10.426,3.0,20.0,3.0,30,2,500
3,66.7,12.333,37.0,12.3333,13.333,20.0,3.0,28.93,0.0,20.0,10.426,3.0,20.0,3.0,30,2,1000
2,50.0,8.5,17.0,8.5,6.667,20.0,3.0,10.26,0.0,20.0,8.297,3.0,20.0,3.0,30,3,100
3,66.7,12.333,37.0,12.3333,13.333,20.0,3.0,28.93,0.0,20.0,10.426,3.0,20.0,3.0,30,3,150
3,66.7,12.333,37.0,12.3333,13.333,20.0,3.0,28.93,0.0,20.0,10.426,3.0,20.0,3.0,30,3,200
3,66.7,12.333,37.0,12.3333,13.333,20.0,3.0,28.93,0.0,20.0,10.426,3.0,20.0,3.0,30,3,300
3,66.7,12.333,37.0,12.3333,13.333,20.0,3.0,28.93,0.0,20.0,10.426,3.0,20.0,3.0,30,3,500
3,66.7,12.333,37.0,12.3333,13.333,20.0,3.0,28.93,0.0,20.0,10.426,3.0,20.0,3.0,30,3,1000
2,50.0,8.5,17.0,8.5,6.667,20.0,3.0,10.26,0.0,20.0,8.297,3.0,20.0,3.0,30,4,100
3,66.7,12.333,37.0,12.3333,13.333,20.0,3.0,28.93,0.0,20.0,10.426,3.0,20.0,3.0,30,4,150
3,66.7,12.333,37.0,12.3333,13.333,20.0,3.0,28.93,0.0,20.0,10.426,3.0,20.0,3.0,30,4,200
3,66.7,12.333,37.0,12.3333,13.333,20.0,3.0,28.93,0.0,20.0,10.426,3.0,20.0,3.0,30,4,300
3,66.7,12.333,37.0,12.3333,13.333,20.0,3.0,28.93,0.0,20.0,10.426,3.0,20.0,3.0,30,4,500
3,66.7,12.333,37.0,12.3333,13.333,20.0,3.0,28.93,0.0,20.0,10.426,3.0,20.0,3.0,30,4,1000
2,50.0,8.5,17.0,8.5,6.667,20.0,3.0,10.26,0.0,20.0,8.297,3.0,20.0,3.0,30,5,100
3,66.7,12.333,37.0,12.3333,13.333,20.0,3.0,28.93,0.0,20.0,10.426,3.0,20.0,3.0,30,5,150
3,66.7,12.333,37.0,12.3333,13.333,20.0,3.0,28.93,0.0,20.0,10.426,3.0,20.0,3.0,30,5,200
3,66.7,12.333,37.0,12.3333,13.333,20.0,3.0,28.93,0.0,20.0,10.426,3.0,20.0,3.0,30,5,300
3,66.7,12.333,37.0,12.3333,13.333,20.0,3.0,28.93,0.0,20.0,10.426,3.0,20.0,3.0,30,5,500
3,66.7,12.333,37.0,12.3333,13.333,20.0,3.0,28.93,0.0,20.0,10.426,3.0,20.0,3.0,30,5,1000
2,50.0,8.5,17.0,8.5,6.667,20.0,3.0,10.26,0.0,20.0,8.297,3.0,20.0,3.0,30,7,100
3,66.7,12.333,37.0,12.3333,13.333,20.0,3.0,28.93,0.0,20.0,10.426,3.0,20.0,3.0,30,7,150
3,66.7,12.333,37.0,12.3333,13.333,20.0,3.0,28.93,0.0,20.0,10.426,3.0,20.0,3.0,30,7,200
3,66.7,12.333,37.0,12.3333,13.333,20.0,3.0,28.93,0.0,20.0,10.426,3.0,20.0,3.0,30,7,300
3,66.7,12.333,37.0,12.3333,13.333,20.0,3.0,28.93,0.0,20.0,10.426,3.0,20.0,3.0,30,7,500
3,66.7,12.333,37.0,12.3333,13.333,20.0,3.0,28.93,0.0,20.0,10.426,3.0,20.0,3.0,30,7,1000
2,100.0,10.264,20.53,10.2645,99.0,10.264,0,10.26,0.0,20.0,11.835,0,20.0,4.0,30,1,100
3,100.0,8.427,25.28,8.4267,99.0,8.427,0,9.54,0.0,20.0,9.235,0,20.0,4.0,30,1,150
3,100.0,8.427,25.28,8.4267,99.0,8.427,0,9.54,0.0,20.0,9.235,0,20.0,4.0,30,1,200
3,100.0,8.427,25.28,8.4267,99.0,8.427,0,9.54,0.0,20.0,9.235,0,20.0,4.0,30,1,300
3,100.0,8.427,25.28,8.4267,99.0,8.427,0,9.54,0.0,20.0,9.235,0,20.0,4.0,30,1,500
3,100.0,8.427,25.28,8.4267,99.0,8.427,0,9.54,0.0,20.0,9.235,0,20.0,4.0,30,1,1000
2,100.0,10.264,20.53,10.2645,99.0,10.264,0,10.26,0.0,20.0,11.835,0,20.0,4.0,30,2,100
3,100.0,13.51,40.53,13.5097,99.0,13.51,0,28.93,0.0,20.0,13.49,0,20.0,4.0,30,2,150
3,100.0,13.51,40.53,13.5097,99.0,13.51,0,28.93,0.0,20.0,13.49,0,20.0,4.0,30,2,200
3,100.0,13.51,40.53,13.5097,99.0,13.51,0,28.93,0.0,20.0,13.49,0,20.0,4.0,30,2,300
3,100.0,13.51,40.53,13.5097,99.0,13.51,0,28.93,0.0,20.0,13.49,0,20.0,4.0,30,2,500
3,100.0,13.51,40.53,13.5097,99.0,13.51,0,28.93,0.0,20.0,13.49,0,20.0,4.0,30,2,1000
2,50.0,8.0,16.0,8.0,5.0,20.0,4.0,10.26,0.0,20.0,7.483,4.0,20.0,4.0,30,3,100
3,66.7,12.0,36.0,12.0,10.0,20.0,4.0,28.93,0.0,20.0,9.721,4.0,20.0,4.0,30,3,150
3,66.7,12.0,36.0,12.0,10.0,20.0,4.0,28.93,0.0,20.0,9.721,4.0,20.0,4.0,30,3,200
3,66.7,12.0,36.0,12.0,10.0,20.0,4.0,28.93,0.0,20.0,9.721,4.0,20.0,4.0,30,3,300
3,66.7,12.0,36.0,12.0,10.0,20.0,4.0,28.93,0.0,20.0,9.721,4.0,20.0,4.0,30,3,500
3,66.7,12.0,36.0,12.0,10.0,20.0,4.0,28.93,0.0,20.0,9.721,4.0,20.0,4.0,30,3,1000
2,50.0,8.0,16.0,8.0,5.0,20.0,4.0,10.26,0.0,20.0,7.483,4.0,20.0,4.0,30,4,100
3,66.7,12.0,36.0,12.0,10.0,20.0,4.0,28.93,0.0,20.0,9.721,4.0,20.0,4.0,30,4,150
3,66.7,12.0,36.0,12.0,10.0,20.0,4.0,28.93,0.0,20.0,9.721,4.0,20.0,4.0,30,4,200
3,66.7,12.0,36.0,12.0,10.0,20.0,4.0,28.93,0.0,20.0,9.721,4.0,20.0,4.0,30,4,300
3,66.7,12.0,36.0,12.0,10.0,20.0,4.0,28.93,0.0,20.0,9.721,4.0,20.0,4.0,30,4,500
3,66.7,12.0,36.0,12.0,10.0,20.0,4.0,28.93,0.0,20.0,9.721,4.0,20.0,4.0,30,4,1000
2,50.0,8.0,16.0,8.0,5.0,20.0,4.0,10.26,0.0,20.0,7.483,4.0,20.0,4.0,30,5,100
3,66.7,12.0,36.0,12.0,10.0,20.0,4.0,28.93,0.0,20.0,9.721,4.0,20.0,4.0,30,5,150
3,66.7,12.0,36.0,12.0,10.0,20.0,4.0,28.93,0.0,20.0,9.721,4.0,20.0,4.0,30,5,200
3,66.7,12.0,36.0,12.0,10.0,20.0,4.0,28.93,0.0,20.0,9.721,4.0,20.0,4.0,30,5,300
3,66.7,12.0,36.0,12.0,10.0,20.0,4.0,28.93,0.0,20.0,9.721,4.0,20.0,4.0,30,5,500
3,66.7,12.0,36.0,12.0,10.0,20.0,4.0,28.93,0.0,20.0,9.721,4.0,20.0,4.0,30,5,1000
2,50.0,8.0,16.0,8.0,5.0,20.0,4.0,10.26,0.0,20.0,7.483,4.0,20.0,4.0,30,7,100
3,66.7,12.0,36.0,12.0,10.0,20.0,4.0,28.93,0.0,20.0,9.721,4.0,20.0,4.0,30,7,150
3,66.7,12.0,36.0,12.0,10.0,20.0,4.0,28.93,0.0,20.0,9.721,4.0,20.0,4.0,30,7,200
3,66.7,12.0,36.0,12.0,10.0,20.0,4.0,28.93,0.0,20.0,9.721,4.0,20.0,4.0,30,7,300
3,66.7,12.0,36.0,12.0,10.0,20.0,4.0,28.93,0.0,20.0,9.721,4.0,20.0,4.0,30,7,500
3,66.7,12.0,36.0,12.0,10.0,20.0,4.0,28.93,0.0,20.0,9.721,4.0,20.0,4.0,30,7,1000
2,100.0,10.264,20.53,10.2645,99.0,10.264,0,10.26,0.0,20.0,11.835,0,20.0,5.0,30,1,100
3,100.0,8.427,25.28,8.4267,99.0,8.427,0,9.54,0.0,20.0,9.235,0,20.0,5.0,30,1,150
3,100.0,8.427,25.28,8.4267,99.0,8.427,0,9.54,0.0,20.0,9.235,0,20.0,5.0,30,1,200
3,100.0,8.427,25.28,8.4267,99.0,8.427,0,9.54,0.0,20.0,9.235,0,20.0,5.0,30,1,300
3,100.0,8.427,25.28,8.4267,99.0,8.427,0,9.54,0.0,20.0,9.235,0,20.0,5.0,30,1,500
3,100.0,8.427,25.28,8.4267,99.0,8.427,0,9.54,0.0,20.0,9.235,0,20.0,5.0,30,1,1000
2,100.0,10.264,20.53,10.2645,99.0,10.264,0,10.26,0.0,20.0,11.835,0,20.0,5.0,30,2,100
3,100.0,13.51,40.53,13.5097,99.0,13.51,0,28.93,0.0,20.0,13.49,0,20.0,5.0,30,2,150
3,100.0,13.51,40.53,13.5097,99.0,13.51,0,28.93,0.0,20.0,13.49,0,20.0,5.0,30,2,200
3,100.0,13.51,40.53,13.5097,99.0,13.51,0,28.93,0.0,20.0,13.49,0,20.0,5.0,30,2,300
3,100.0,13.51,40.53,13.5097,99.0,13.51,0,28.93,0.0,20.0,13.49,0,20.0,5.0,30,2,500
3,100.0,13.51,40.53,13.5097,99.0,13.51,0,28.93,0.0,20.0,13.49,0,20.0,5.0,30,2,1000
2,50.0,7.5,15.0,7.5,4.0,20.0,5.0,10.26,0.0,20.0,6.735,5.0,20.0,5.0,30,3,100
3,66.7,11.667,35.0,11.6667,8.0,20.0,5.0,28.93,0.0,20.0,9.073,5.0,20.0,5.0,30,3,150
3,66.7,11.667,35.0,11.6667,8.0,20.0,5.0,28.93,0.0,20.0,9.073,5.0,20.0,5.0,30,3,200
3,66.7,11.667,35.0,11.6667,8.0,20.0,5.0,28.93,0.0,20.0,9.073,5.0,20.0,5.0,30,3,300
3,66.7,11.667,35.0,11.6667,8.0,20.0,5.0,28.93,0.0,20.0,9.073,5.0,20.0,5.0,30,3,500
3,66.7,11.667,35.0,11.6667,8.0,20.0,5.0,28.93,0.0,20.0,9.073,5.0,20.0,5.0,30,3,1000
2,50.0,7.5,15.0,7.5,4.0,20.0,5.0,10.26,0.0,20.0,6.735,5.0,20.0,5.0,30,4,100
3,66.7,11.667,35.0,11.6667,8.0,20.0,5.0,28.93,0.0,20.0,9.073,5.0,20.0,5.0,30,4,150
3,66.7,11.667,35.0,11.6667,8.0,20.0,5.0,28.93,0.0,20.0,9.073,5.0,20.0,5.0,30,4,200
3,66.7,11.667,35.0,11.6667,8.0,20.0,5.0,28.93,0.0,20.0,9.073,5.0,20.0,5.0,30,4,300
3,66.7,11.667,35.0,11.6667,8.0,20.0,5.0,28.93,0.0,20.0,9.073,5.0,20.0,5.0,30,4,500
3,66.7,11.667,35.0,11.6667,8.0,20.0,5.0,28.93,0.0,20.0,9.073,5.0,20.0,5.0,30,4,1000
2,50.0,7.5,15.0,7.5,4.0,20.0,5.0,10.26,0.0,20.0,6.735,5.0,20.0,5.0,30,5,100
3,66.7,11.667,35.0,11.6667,8.0,20.0,5.0,28.93,0.0,20.0,9.073,5.0,20.0,5.0,30,5,150
3,66.7,11.667,35.0,11.6667,8.0,20.0,5.0,28.93,0.0,20.0,9.073,5.0,20.0,5.0,30,5,200
3,66.7,11.667,35.0,11.6667,8.0,20.0,5.0,28.93,0.0,20.0,9.073,5.0,20.0,5.0,30,5,300
3,66.7,11.667,35.0,11.6667,8.0,20.0,5.0,28.93,0.0,20.0,9.073,5.0,20.0,5.0,30,5,500
3,66.7,11.667,35.0,11.6667,8.0,20.0,5.0,28.93,0.0,20.0,9.073,5.0,20.0,5.0,30,5,1000
2,50.0,7.5,15.0,7.5,4.0,20.0,5.0,10.26,0.0,20.0,6.735,5.0,20.0,5.0,30,7,100
3,66.7,11.667,35.0,11.6667,8.0,20.0,5.0,28.93,0.0,20.0,9.073,5.0,20.0,5.0,30,7,150
3,66.7,11.667,35.0,11.6667,8.0,20.0,5.0,28.93,0.0,20.0,9.073,5.0,20.0,5.0,30,7,200
3,66.7,11.667,35.0,11.6667,8.0,20.0,5.0,28.93,0.0,20.0,9.073,5.0,20.0,5.0,30,7,300
3,66.7,11.667,35.0,11.6667,8.0,20.0,5.0,28.93,0.0,20.0,9.073,5.0,20.0,5.0,30,7,500
3,66.7,11.667,35.0,11.6667,8.0,20.0,5.0,28.93,0.0,20.0,9.073,5.0,20.0,5.0,30,7,1000
2,100.0,10.264,20.53,10.2645,99.0,10.264,0,10.26,0.0,20.0,11.835,0,20.0,6.0,30,1,100
3,100.0,8.427,25.28,8.4267,99.0,8.427,0,9.54,0.0,20.0,9.235,0,20.0,6.0,30,1,150
3,100.0,8.427,25.28,8.4267,99.0,8.427,0,9.54,0.0,20.0,9.235,0,20.0,6.0,30,1,200
3,100.0,8.427,25.28,8.4267,99.0,8.427,0,9.54,0.0,20.0,9.235,0,20.0,6.0,30,1,300
3,100.0,8.427,25.28,8.4267,99.0,8.427,0,9.54,0.0,20.0,9.235,0,20.0,6.0,30,1,500
3,100.0,8.427,25.28,8.4267,99.0,8.427,0,9.54,0.0,20.0,9.235,0,20.0,6.0,30,1,1000
2,100.0,10.264,20.53,10.2645,99.0,10.264,0,10.26,0.0,20.0,11.835,0,20.0,6.0,30,2,100
3,100.0,13.51,40.53,13.5097,99.0,13.51,0,28.93,0.0,20.0,13.49,0,20.0,6.0,30,2,150
3,100.0,13.51,40.53,13.5097,99.0,13.51,0,28.93,0.0,20.0,13.49,0,20.0,6.0,30,2,200
3,100.0,13.51,40.53,13.5097,99.0,13.51,0,28.93,0.0,20.0,13.49,0,20.0,6.0,30,2,300
3,100.0,13.51,40.53,13.5097,99.0,13.51,0,28.93,0.0,20.0,13.49,0,20.0,6.0,30,2,500
3,100.0,13.51,40.53,13.5097,99.0,13.51,0,28.93,0.0,20.0,13.49,0,20.0,6.0,30,2,1000
2,50.0,7.0,14.0,7.0,3.333,20.0,6.0,10.26,0.0,20.0,6.044,6.0,20.0,6.0,30,3,100
3,66.7,11.333,34.0,11.3333,6.667,20.0,6.0,28.93,0.0,20.0,8.475,6.0,20.0,6.0,30,3,150
3,66.7,11.333,34.0,11.3333,6.667,20.0,6.0,28.93,0.0,20.0,8.475,6.0,20.0,6.0,30,3,200
3,66.7,11.333,34.0,11.3333,6.667,20.0,6.0,28.93,0.0,20.0,8.475,6.0,20.0,6.0,30,3,300
3,66.7,11.333,34.0,11.3333,6.667,20.0,6.0,28.93,0.0,20.0,8.475,6.0,20.0,6.0,30,3,500
3,66.7,11.333,34.0,11.3333,6.667,20.0,6.0,28.93,0.0,20.0,8.475,6.0,20.0,6.0,30,3,1000
2,50.0,7.0,14.0,7.0,3.333,20.0,6.0,10.26,0.0,20.0,6.044,6.0,20.0,6.0,30,4,100
3,66.7,11.333,34.0,11.3333,6.667,20.0,6.0,28.93,0.0,20.0,8.475,6.0,20.0,6.0,30,4,150
3,66.7,11.333,34.0,11.3333,6.667,20.0,6.0,28.93,0.0,20.0,8.475,6.0,20.0,6.0,30,4,200
3,66.7,11.333,34.0,11.3333,6.667,20.0,6.0,28.93,0.0,20.0,8.475,6.0,20.0,6.0,30,4,300
3,66.7,11.333,34.0,11.3333,6.667,20.0,6.0,28.93,0.0,20.0,8.475,6.0,20.0,6.0,30,4,500
3,66.7,11.333,34.0,11.3333,6.667,20.0,6.0,28.93,0.0,20.0,8.475,6.0,20.0,6.0,30,4,1000
2,50.0,7.0,14.0,7.0,3.333,20.0,6.0,10.26,0.0,20.0,6.044,6.0,20.0,6.0,30,5,100
3,66.7,11.333,34.0,11.3333,6.667,20.0,6.0,28.93,0.0,20.0,8.475,6.0,20.0,6.0,30,5,150
3,66.7,11.333,34.0,11.3333,6.667,20.0,6.0,28.93,0.0,20.0,8.475,6.0,20.0,6.0,30,5,200
3,66.7,11.333,34.0,11.3333,6.667,20.0,6.0,28.93,0.0,20.0,8.475,6.0,20.0,6.0,30,5,300
3,66.7,11.333,34.0,11.3333,6.667,20.0,6.0,28.93,0.0,20.0,8.475,6.0,20.0,6.0,30,5,500
3,66.7,11.333,34.0,11.3333,6.667,20.0,6.0,28.93,0.0,20.0,8.475,6.0,20.0,6.0,30,5,1000
2,50.0,7.0,14.0,7.0,3.333,20.0,6.0,10.26,0.0,20.0,6.044,6.0,20.0,6.0,30,7,100
3,66.7,11.333,34.0,11.3333,6.667,20.0,6.0,28.93,0.0,20.0,8.475,6.0,20.0,6.0,30,7,150
3,66.7,11.333,34.0,11.3333,6.667,20.0,6.0,28.93,0.0,20.0,8.475,6.0,20.0,6.0,30,7,200
3,66.7,11.333,34.0,11.3333,6.667,20.0,6.0,28.93,0.0,20.0,8.475,6.0,20.0,6.0,30,7,300
3,66.7,11.333,34.0,11.3333,6.667,20.0,6.0,28.93,0.0,20.0,8.475,6.0,20.0,6.0,30,7,500
3,66.7,11.333,34.0,11.3333,6.667,20.0,6.0,28.93,0.0,20.0,8.475,6.0,20.0,6.0,30,7,1000
0,0,0,0,-999,0,0,0,0,0,0,0,0,5.0,2.0,35,1,100
0,0,0,0,-999,0,0,0,0,0,0,0,0,5.0,2.0,35,1,150
0,0,0,0,-999,0,0,0,0,0,0,0,0,5.0,2.0,35,1,200
0,0,0,0,-999,0,0,0,0,0,0,0,0,5.0,2.0,35,1,300
0,0,0,0,-999,0,0,0,0,0,0,0,0,5.0,2.0,35,1,500
0,0,0,0,-999,0,0,0,0,0,0,0,0,5.0,2.0,35,1,1000
0,0,0,0,-999,0,0,0,0,0,0,0,0,5.0,2.0,35,2,100
0,0,0,0,-999,0,0,0,0,0,0,0,0,5.0,2.0,35,2,150
0,0,0,0,-999,0,0,0,0,0,0,0,0,5.0,2.0,35,2,200
0,0,0,0,-999,0,0,0,0,0,0,0,0,5.0,2.0,35,2,300
0,0,0,0,-999,0,0,0,0,0,0,0,0,5.0,2.0,35,2,500
0,0,0,0,-999,0,0,0,0,0,0,0,0,5.0,2.0,35,2,1000
0,0,0,0,-999,0,0,0,0,0,0,0,0,5.0,2.0,35,3,100
0,0,0,0,-999,0,0,0,0,0,0,0,0,5.0,2.0,35,3,150
0,0,0,0,-999,0,0,0,0,0,0,0,0,5.0,2.0,35,3,200
0,0,0,0,-999,0,0,0,0,0,0,0,0,5.0,2.0,35,3,300
0,0,0,0,-999,0,0,0,0,0,0,0,0,5.0,2.0,35,3,500
0,0,0,0,-999,0,0,0,0,0,0,0,0,5.0,2.0,35,3,1000
0,0,0,0,-999,0,0,0,0,0,0,0,0,5.0,2.0,35,4,100
0,0,0,0,-999,0,0,0,0,0,0,0,0,5.0,2.0,35,4,150
0,0,0,0,-999,0,0,0,0,0,0,0,0,5.0,2.0,35,4,200
0,0,0,0,-999,0,0,0,0,0,0,0,0,5.0,2.0,35,4,300
0,0,0,0,-999,0,0,0,0,0,0,0,0,5.0,2.0,35,4,500
0,0,0,0,-999,0,0,0,0,0,0,0,0,5.0,2.0,35,4,1000
0,0,0,0,-999,0,0,0,0,0,0,0,0,5.0,2.0,35,5,100
0,0,0,0,-999,0,0,0,0,0,0,0,0,5.0,2.0,35,5,150
0,0,0,0,-999,0,0,0,0,0,0,0,0,5.0,2.0,35,5,200
0,0,0,0,-999,0,0,0,0,0,0,0,0,5.0,2.0,35,5,300
0,0,0,0,-999,0,0,0,0,0,0,0,0,5.0,2.0,35,5,500
0,0,0,0,-999,0,0,0,0,0,0,0,0,5.0,2.0,35,5,1000
0,0,0,0,-999,0,0,0,0,0,0,0,0,5.0,2.0,35,7,100
0,0,0,0,-999,0,0,0,0,0,0,0,0,5.0,2.0,35,7,150
0,0,0,0,-999,0,0,0,0,0,0,0,0,5.0,2.0,35,7,200
0,0,0,0,-999,0,0,0,0,0,0,0,0,5.0,2.0,35,7,300
0,0,0,0,-999,0,0,0,0,0,0,0,0,5.0,2.0,35,7,500
0,0,0,0,-999,0,0,0,0,0,0,0,0,5.0,2.0,35,7,1000
0,0,0,0,-999,0,0,0,0,0,0,0,0,5.0,3.0,35,1,100
0,0,0,0,-999,0,0,0,0,0,0,0,0,5.0,3.0,35,1,150
0,0,0,0,-999,0,0,0,0,0,0,0,0,5.0,3.0,35,1,200
0,0,0,0,-999,0,0,0,0,0,0,0,0,5.0,3.0,35,1,300
0,0,0,0,-999,0,0,0,0,0,0,0,0,5.0,3.0,35,1,500
0,0,0,0,-999,0,0,0,0,0,0,0,0,5.0,3.0,35,1,1000
0,0,0,0,-999,0,0,0,0,0,0,0,0,5.0,3.0,35,2,100
0,0,0,0,-999,0,0,0,0,0,0,0,0,5.0,3.0,35,2,150
0,0,0,0,-999,0,0,0,0,0,0,0,0,5.0,3.0,35,2,200
0,0,0,0,-999,0,0,0,0,0,0,0,0,5.0,3.0,35,2,300
0,0,0,0,-999,0,0,0,0,0,0,0,0,5.0,3.0,35,2,500
0,0,0,0,-999,0,0,0,0,0,0,0,0,5.0,3.0,35,2,1000
0,0,0,0,-999,0,0,0,0,0,0,0,0,5.0,3.0,35,3,100
0,0,0,0,-999,0,0,0,0,0,0,0,0,5.0,3.0,35,3,150
0,0,0,0,-999,0,0,0,0,0,0,0,0,5.0,3.0,35,3,200
0,0,0,0,-999,0,0,0,0,0,0,0,0,5.0,3.0,35,3,300
0,0,0,0,-999,0,0,0,0,0,0,0,0,5.0,3.0,35,3,500
0,0,0,0,-999,0,0,0,0,0,0,0,0,5.0,3.0,35,3,1000
0,0,0,0,-999,0,0,0,0,0,0,0,0,5.0,3.0,35,4,100
0,0,0,0,-999,0,0,0,0,0,0,0,0,5.0,3.0,35,4,150
0,0,0,0,-999,0,0,0,0,0,0,0,0,5.0,3.0,35,4,200
0,0,0,0,-999,0,0,0,0,0,0,0,0,5.0,3.0,35,4,300
0,0,0,0,-999,0,0,0,0,0,0,0,0,5.0,3.0,35,4,500
0,0,0,0,-999,0,0,0,0,0,0,0,0,5.0,3.0,35,4,1000
0,0,0,0,-999,0,0,0,0,0,0,0,0,5.0,3.0,35,5,100
0,0,0,0,-999,0,0,0,0,0,0,0,0,5.0,3.0,35,5,150
0,0,0,0,-999,0,0,0,0,0,0,0,0,5.0,3.0,35,5,200
0,0,0,0,-999,0,0,0,0,0,0,0,0,5.0,3.0,35,5,300
0,0,0,0,-999,0,0,0,0,0,0,0,0,5.0,3.0,35,5,500
0,0,0,0,-999,0,0,0,0,0,0,0,0,5.0,3.0,35,5,1000
0,0,0,0,-999,0,0,0,0,0,0,0,0,5.0,3.0,35,7,100
0,0,0,0,-999,0,0,0,0,0,0,0,0,5.0,3.0,35,7,150
0,0,0,0,-999,0,0,0,0,0,0,0,0,5.0,3.0,35,7,200
0,0,0,0,-999,0,0,0,0,0,0,0,0,5.0,3.0,35,7,300
0,0,0,0,-999,0,0,0,0,0,0,0,0,5.0,3.0,35,7,500
0,0,0,0,-999,0,0,0,0,0,0,0,0,5.0,3.0,35,7,1000
0,0,0,0,-999,0,0,0,0,0,0,0,0,5.0,4.0,35,1,100
0,0,0,0,-999,0,0,0,0,0,0,0,0,5.0,4.0,35,1,150
0,0,0,0,-999,0,0,0,0,0,0,0,0,5.0,4.0,35,1,200
0,0,0,0,-999,0,0,0,0,0,0,0,0,5.0,4.0,35,1,300
0,0,0,0,-999,0,0,0,0,0,0,0,0,5.0,4.0,35,1,500
0,0,0,0,-999,0,0,0,0,0,0,0,0,5.0,4.0,35,1,1000
0,0,0,0,-999,0,0,0,0,0,0,0,0,5.0,4.0,35,2,100
0,0,0,0,-999,0,0,0,0,0,0,0,0,5.0,4.0,35,2,150
0,0,0,0,-999,0,0,0,0,0,0,0,0,5.0,4.0,35,2,200
0,0,0,0,-999,0,0,0,0,0,0,0,0,5.0,4.0,35,2,300
0,0,0,0,-999,0,0,0,0,0,0,0,0,5.0,4.0,35,2,500
0,0,0,0,-999,0,0,0,0,0,0,0,0,5.0,4.0,35,2,1000
0,0,0,0,-999,0,0,0,0,0,0,0,0,5.0,4.0,35,3,100
0,0,0,0,-999,0,0,0,0,0,0,0,0,5.0,4.0,35,3,150
0,0,0,0,-999,0,0,0,0,0,0,0,0,5.0,4.0,35,3,200
0,0,0,0,-999,0,0,0,0,0,0,0,0,5.0,4.0,35,3,300
0,0,0,0,-999,0,0,0,0,0,0,0,0,5.0,4.0,35,3,500
0,0,0,0,-999,0,0,0,0,0,0,0,0,5.0,4.0,35,3,1000
0,0,0,0,-999,0,0,0,0,0,0,0,0,5.0,4.0,35,4,100
0,0,0,0,-999,0,0,0,0,0,0,0,0,5.0,4.0,35,4,150
0,0,0,0,-999,0,0,0,0,0,0,0,0,5.0,4.0,35,4,200
0,0,0,0,-999,0,0,0,0,0,0,0,0,5.0,4.0,35,4,300
0,0,0,0,-999,0,0,0,0,0,0,0,0,5.0,4.0,35,4,500
0,0,0,0,-999,0,0,0,0,0,0,0,0,5.0,4.0,35,4,1000
0,0,0,0,-999,0,0,0,0,0,0,0,0,5.0,4.0,35,5,100
0,0,0,0,-999,0,0,0,0,0,0,0,0,5.0,4.0,35,5,150
0,0,0,0,-999,0,0,0,0,0,0,0,0,5.0,4.0,35,5,200
0,0,0,0,-999,0,0,0,0,0,0,0,0,5.0,4.0,35,5,300
0,0,0,0,-999,0,0,0,0,0,0,0,0,5.0,4.0,35,5,500
0,0,0,0,-999,0,0,0,0,0,0,0,0,5.0,4.0,35,5,1000
0,0,0,0,-999,0,0,0,0,0,0,0,0,5.0,4.0,35,7,100
0,0,0,0,-999,0,0,0,0,0,0,0,0,5.0,4.0,35,7,150
0,0,0,0,-999,0,0,0,0,0,0,0,0,5.0,4.0,35,7,200
0,0,0,0,-999,0,0,0,0,0,0,0,0,5.0,4.0,35,7,300
0,0,0,0,-999,0,0,0,0,0,0,0,0,5.0,4.0,35,7,500
0,0,0,0,-999,0,0,0,0,0,0,0,0,5.0,4.0,35,7,1000
0,0,0,0,-999,0,0,0,0,0,0,0,0,8.0,2.0,35,1,100
0,0,0,0,-999,0,0,0,0,0,0,0,0,8.0,2.0,35,1,150
0,0,0,0,-999,0,0,0,0,0,0,0,0,8.0,2.0,35,1,200
0,0,0,0,-999,0,0,0,0,0,0,0,0,8.0,2.0,35,1,300
0,0,0,0,-999,0,0,0,0,0,0,0,0,8.0,2.0,35,1,500
0,0,0,0,-999,0,0,0,0,0,0,0,0,8.0,2.0,35,1,1000
0,0,0,0,-999,0,0,0,0,0,0,0,0,8.0,2.0,35,2,100
0,0,0,0,-999,0,0,0,0,0,0,0,0,8.0,2.0,35,2,150
0,0,0,0,-999,0,0,0,0,0,0,0,0,8.0,2.0,35,2,200
0,0,0,0,-999,0,0,0,0,0,0,0,0,8.0,2.0,35,2,300
0,0,0,0,-999,0,0,0,0,0,0,0,0,8.0,2.0,35,2,500
0,0,0,0,-999,0,0,0,0,0,0,0,0,8.0,2.0,35,2,1000
0,0,0,0,-999,0,0,0,0,0,0,0,0,8.0,2.0,35,3,100
0,0,0,0,-999,0,0,0,0,0,0,0,0,8.0,2.0,35,3,150
0,0,0,0,-999,0,0,0,0,0,0,0,0,8.0,2.0,35,3,200
0,0,0,0,-999,0,0,0,0,0,0,0,0,8.0,2.0,35,3,300
0,0,0,0,-999,0,0,0,0,0,0,0,0,8.0,2.0,35,3,500
0,0,0,0,-999,0,0,0,0,0,0,0,0,8.0,2.0,35,3,1000
0,0,0,0,-999,0,0,0,0,0,0,0,0,8.0,2.0,35,4,100
0,0,0,0,-999,0,0,0,0,0,0,0,0,8.0,2.0,35,4,150
0,0,0,0,-999,0,0,0,0,0,0,0,0,8.0,2.0,35,4,200
0,0,0,0,-999,0,0,0,0,0,0,0,0,8.0,2.0,35,4,300
0,0,0,0,-999,0,0,0,0,0,0,0,0,8.0,2.0,35,4,500
0,0,0,0,-999,0,0,0,0,0,0,0,0,8.0,2.0,35,4,1000
0,0,0,0,-999,0,0,0,0,0,0,0,0,8.0,2.0,35,5,100
0,0,0,0,-999,0,0,0,0,0,0,0,0,8.0,2.0,35,5,150
0,0,0,0,-999,0,0,0,0,0,0,0,0,8.0,2.0,35,5,200
0,0,0,0,-999,0,0,0,0,0,0,0,0,8.0,2.0,35,5,300
0,0,0,0,-999,0,0,0,0,0,0,0,0,8.0,2.0,35,5,500
0,0,0,0,-999,0,0,0,0,0,0,0,0,8.0,2.0,35,5,1000
0,0,0,0,-999,0,0,0,0,0,0,0,0,8.0,2.0,35,7,100
0,0,0,0,-999,0,0,0,0,0,0,0,0,8.0,2.0,35,7,150
0,0,0,0,-999,0,0,0,0,0,0,0,0,8.0,2.0,35,7,200
0,0,0,0,-999,0,0,0,0,0,0,0,0,8.0,2.0,35,7,300
0,0,0,0,-999,0,0,0,0,0,0,0,0,8.0,2.0,35,7,500
0,0,0,0,-999,0,0,0,0,0,0,0,0,8.0,2.0,35,7,1000
0,0,0,0,-999,0,0,0,0,0,0,0,0,8.0,3.0,35,1,100
0,0,0,0,-999,0,0,0,0,0,0,0,0,8.0,3.0,35,1,150
0,0,0,0,-999,0,0,0,0,0,0,0,0,8.0,3.0,35,1,200
0,0,0,0,-999,0,0,0,0,0,0,0,0,8.0,3.0,35,1,300
0,0,0,0,-999,0,0,0,0,0,0,0,0,8.0,3.0,35,1,500
0,0,0,0,-999,0,0,0,0,0,0,0,0,8.0,3.0,35,1,1000
0,0,0,0,-999,0,0,0,0,0,0,0,0,8.0,3.0,35,2,100
0,0,0,0,-999,0,0,0,0,0,0,0,0,8.0,3.0,35,2,150
0,0,0,0,-999,0,0,0,0,0,0,0,0,8.0,3.0,35,2,200
0,0,0,0,-999,0,0,0,0,0,0,0,0,8.0,3.0,35,2,300
0,0,0,0,-999,0,0,0,0,0,0,0,0,8.0,3.0,35,2,500
0,0,0,0,-999,0,0,0,0,0,0,0,0,8.0,3.0,35,2,1000
0,0,0,0,-999,0,0,0,0,0,0,0,0,8.0,3.0,35,3,100
0,0,0,0,-999,0,0,0,0,0,0,0,0,8.0,3.0,35,3,150
0,0,0,0,-999,0,0,0,0,0,0,0,0,8.0,3.0,35,3,200
0,0,0,0,-999,0,0,0,0,0,0,0,0,8.0,3.0,35,3,300
0,0,0,0,-999,0,0,0,0,0,0,0,0,8.0,3.0,35,3,500
0,0,0,0,-999,0,0,0,0,0,0,0,0,8.0,3.0,35,3,1000
0,0,0,0,-999,0,0,0,0,0,0,0,0,8.0,3.0,35,4,100
0,0,0,0,-999,0,0,0,0,0,0,0,0,8.0,3.0,35,4,150
0,0,0,0,-999,0,0,0,0,0,0,0,0,8.0,3.0,35,4,200
0,0,0,0,-999,0,0,0,0,0,0,0,0,8.0,3.0,35,4,300
0,0,0,0,-999,0,0,0,0,0,0,0,0,8.0,3.0,35,4,500
0,0,0,0,-999,0,0,0,0,0,0,0,0,8.0,3.0,35,4,1000
0,0,0,0,-999,0,0,0,0,0,0,0,0,8.0,3.0,35,5,100
0,0,0,0,-999,0,0,0,0,0,0,0,0,8.0,3.0,35,5,150
0,0,0,0,-999,0,0,0,0,0,0,0,0,8.0,3.0,35,5,200
0,0,0,0,-999,0,0,0,0,0,0,0,0,8.0,3.0,35,5,300
0,0,0,0,-999,0,0,0,0,0,0,0,0,8.0,3.0,35,5,500
0,0,0,0,-999,0,0,0,0,0,0,0,0,8.0,3.0,35,5,1000
0,0,0,0,-999,0,0,0,0,0,0,0,0,8.0,3.0,35,7,100
0,0,0,0,-999,0,0,0,0,0,0,0,0,8.0,3.0,35,7,150
0,0,0,0,-999,0,0,0,0,0,0,0,0,8.0,3.0,35,7,200
0,0,0,0,-999,0,0,0,0,0,0,0,0,8.0,3.0,35,7,300
0,0,0,0,-999,0,0,0,0,0,0,0,0,8.0,3.0,35,7,500
0,0,0,0,-999,0,0,0,0,0,0,0,0,8.0,3.0,35,7,1000
0,0,0,0,-999,0,0,0,0,0,0,0,0,8.0,4.0,35,1,100
0,0,0,0,-999,0,0,0,0,0,0,0,0,8.0,4.0,35,1,150
0,0,0,0,-999,0,0,0,0,0,0,0,0,8.0,4.0,35,1,200
0,0,0,0,-999,0,0,0,0,0,0,0,0,8.0,4.0,35,1,300
0,0,0,0,-999,0,0,0,0,0,0,0,0,8.0,4.0,35,1,500
0,0,0,0,-999,0,0,0,0,0,0,0,0,8.0,4.0,35,1,1000
0,0,0,0,-999,0,0,0,0,0,0,0,0,8.0,4.0,35,2,100
0,0,0,0,-999,0,0,0,0,0,0,0,0,8.0,4.0,35,2,150
0,0,0,0,-999,0,0,0,0,0,0,0,0,8.0,4.0,35,2,200
0,0,0,0,-999,0,0,0,0,0,0,0,0,8.0,4.0,35,2,300
0,0,0,0,-999,0,0,0,0,0,0,0,0,8.0,4.0,35,2,500
0,0,0,0,-999,0,0,0,0,0,0,0,0,8.0,4.0,35,2,1000
0,0,0,0,-999,0,0,0,0,0,0,0,0,8.0,4.0,35,3,100
0,0,0,0,-999,0,0,0,0,0,0,0,0,8.0,4.0,35,3,150
0,0,0,0,-999,0,0,0,0,0,0,0,0,8.0,4.0,35,3,200
0,0,0,0,-999,0,0,0,0,0,0,0,0,8.0,4.0,35,3,300
0,0,0,0,-999,0,0,0,0,0,0,0,0,8.0,4.0,35,3,500
0,0,0,0,-999,0,0,0,0,0,0,0,0,8.0,4.0,35,3,1000
0,0,0,0,-999,0,0,0,0,0,0,0,0,8.0,4.0,35,4,100
0,0,0,0,-999,0,0,0,0,0,0,0,0,8.0,4.0,35,4,150
0,0,0,0,-999,0,0,0,0,0,0,0,0,8.0,4.0,35,4,200
0,0,0,0,-999,0,0,0,0,0,0,0,0,8.0,4.0,35,4,300
0,0,0,0,-999,0,0,0,0,0,0,0,0,8.0,4.0,35,4,500
0,0,0,0,-999,0,0,0,0,0,0,0,0,8.0,4.0,35,4,1000
0,0,0,0,-999,0,0,0,0,0,0,0,0,8.0,4.0,35,5,100
0,0,0,0,-999,0,0,0,0,0,0,0,0,8.0,4.0,35,5,150
0,0,0,0,-999,0,0,0,0,0,0,0,0,8.0,4.0,35,5,200
0,0,0,0,-999,0,0,0,0,0,0,0,0,8.0,4.0,35,5,300
0,0,0,0,-999,0,0,0,0,0,0,0,0,8.0,4.0,35,5,500
0,0,0,0,-999,0,0,0,0,0,0,0,0,8.0,4.0,35,5,1000
0,0,0,0,-999,0,0,0,0,0,0,0,0,8.0,4.0,35,7,100
0,0,0,0,-999,0,0,0,0,0,0,0,0,8.0,4.0,35,7,150
0,0,0,0,-999,0,0,0,0,0,0,0,0,8.0,4.0,35,7,200
0,0,0,0,-999,0,0,0,0,0,0,0,0,8.0,4.0,35,7,300
0,0,0,0,-999,0,0,0,0,0,0,0,0,8.0,4.0,35,7,500
0,0,0,0,-999,0,0,0,0,0,0,0,0,8.0,4.0,35,7,1000
0,0,0,0,-999,0,0,0,0,0,0,0,0,8.0,5.0,35,1,100
0,0,0,0,-999,0,0,0,0,0,0,0,0,8.0,5.0,35,1,150
0,0,0,0,-999,0,0,0,0,0,0,0,0,8.0,5.0,35,1,200
0,0,0,0,-999,0,0,0,0,0,0,0,0,8.0,5.0,35,1,300
0,0,0,0,-999,0,0,0,0,0,0,0,0,8.0,5.0,35,1,500
0,0,0,0,-999,0,0,0,0,0,0,0,0,8.0,5.0,35,1,1000
0,0,0,0,-999,0,0,0,0,0,0,0,0,8.0,5.0,35,2,100
0,0,0,0,-999,0,0,0,0,0,0,0,0,8.0,5.0,35,2,150
0,0,0,0,-999,0,0,0,0,0,0,0,0,8.0,5.0,35,2,200
0,0,0,0,-999,0,0,0,0,0,0,0,0,8.0,5.0,35,2,300
0,0,0,0,-999,0,0,0,0,0,0,0,0,8.0,5.0,35,2,500
0,0,0,0,-999,0,0,0,0,0,0,0,0,8.0,5.0,35,2,1000
0,0,0,0,-999,0,0,0,0,0,0,0,0,8.0,5.0,35,3,100
0,0,0,0,-999,0,0,0,0,0,0,0,0,8.0,5.0,35,3,150
0,0,0,0,-999,0,0,0,0,0,0,0,0,8.0,5.0,35,3,200
0,0,0,0,-999,0,0,0,0,0,0,0,0,8.0,5.0,35,3,300
0,0,0,0,-999,0,0,0,0,0,0,0,0,8.0,5.0,35,3,500
0,0,0,0,-999,0,0,0,0,0,0,0,0,8.0,5.0,35,3,1000
0,0,0,0,-999,0,0,0,0,0,0,0,0,8.0,5.0,35,4,100
0,0,0,0,-999,0,0,0,0,0,0,0,0,8.0,5.0,35,4,150
0,0,0,0,-999,0,0,0,0,0,0,0,0,8.0,5.0,35,4,200
0,0,0,0,-999,0,0,0,0,0,0,0,0,8.0,5.0,35,4,300
0,0,0,0,-999,0,0,0,0,0,0,0,0,8.0,5.0,35,4,500
0,0,0,0,-999,0,0,0,0,0,0,0,0,8.0,5.0,35,4,1000
0,0,0,0,-999,0,0,0,0,0,0,0,0,8.0,5.0,35,5,100
0,0,0,0,-999,0,0,0,0,0,0,0,0,8.0,5.0,35,5,150
0,0,0,0,-999,0,0,0,0,0,0,0,0,8.0,5.0,35,5,200
0,0,0,0,-999,0,0,0,0,0,0,0,0,8.0,5.0,35,5,300
0,0,0,0,-999,0,0,0,0,0,0,0,0,8.0,5.0,35,5,500
0,0,0,0,-999,0,0,0,0,0,0,0,0,8.0,5.0,35,5,1000
0,0,0,0,-999,0,0,0,0,0,0,0,0,8.0,5.0,35,7,100
0,0,0,0,-999,0,0,0,0,0,0,0,0,8.0,5.0,35,7,150
0,0,0,0,-999,0,0,0,0,0,0,0,0,8.0,5.0,35,7,200
0,0,0,0,-999,0,0,0,0,0,0,0,0,8.0,5.0,35,7,300
0,0,0,0,-999,0,0,0,0,0,0,0,0,8.0,5.0,35,7,500
0,0,0,0,-999,0,0,0,0,0,0,0,0,8.0,5.0,35,7,1000
0,0,0,0,-999,0,0,0,0,0,0,0,0,8.0,6.0,35,1,100
0,0,0,0,-999,0,0,0,0,0,0,0,0,8.0,6.0,35,1,150
0,0,0,0,-999,0,0,0,0,0,0,0,0,8.0,6.0,35,1,200
0,0,0,0,-999,0,0,0,0,0,0,0,0,8.0,6.0,35,1,300
0,0,0,0,-999,0,0,0,0,0,0,0,0,8.0,6.0,35,1,500
0,0,0,0,-999,0,0,0,0,0,0,0,0,8.0,6.0,35,1,1000
0,0,0,0,-999,0,0,0,0,0,0,0,0,8.0,6.0,35,2,100
0,0,0,0,-999,0,0,0,0,0,0,0,0,8.0,6.0,35,2,150
0,0,0,0,-999,0,0,0,0,0,0,0,0,8.0,6.0,35,2,200
0,0,0,0,-999,0,0,0,0,0,0,0,0,8.0,6.0,35,2,300
0,0,0,0,-999,0,0,0,0,0,0,0,0,8.0,6.0,35,2,500
0,0,0,0,-999,0,0,0,0,0,0,0,0,8.0,6.0,35,2,1000
0,0,0,0,-999,0,0,0,0,0,0,0,0,8.0,6.0,35,3,100
0,0,0,0,-999,0,0,0,0,0,0,0,0,8.0,6.0,35,3,150
0,0,0,0,-999,0,0,0,0,0,0,0,0,8.0,6.0,35,3,200
0,0,0,0,-999,0,0,0,0,0,0,0,0,8.0,6.0,35,3,300
0,0,0,0,-999,0,0,0,0,0,0,0,0,8.0,6.0,35,3,500
0,0,0,0,-999,0,0,0,0,0,0,0,0,8.0,6.0,35,3,1000
0,0,0,0,-999,0,0,0,0,0,0,0,0,8.0,6.0,35,4,100
0,0,0,0,-999,0,0,0,0,0,0,0,0,8.0,6.0,35,4,150
0,0,0,0,-999,0,0,0,0,0,0,0,0,8.0,6.0,35,4,200
0,0,0,0,-999,0,0,0,0,0,0,0,0,8.0,6.0,35,4,300
0,0,0,0,-999,0,0,0,0,0,0,0,0,8.0,6.0,35,4,500
0,0,0,0,-999,0,0,0,0,0,0,0,0,8.0,6.0,35,4,1000
0,0,0,0,-999,0,0,0,0,0,0,0,0,8.0,6.0,35,5,100
0,0,0,0,-999,0,0,0,0,0,0,0,0,8.0,6.0,35,5,150
0,0,0,0,-999,0,0,0,0,0,0,0,0,8.0,6.0,35,5,200
0,0,0,0,-999,0,0,0,0,0,0,0,0,8.0,6.0,35,5,300
0,0,0,0,-999,0,0,0,0,0,0,0,0,8.0,6.0,35,5,500
0,0,0,0,-999,0,0,0,0,0,0,0,0,8.0,6.0,35,5,1000
0,0,0,0,-999,0,0,0,0,0,0,0,0,8.0,6.0,35,7,100
0,0,0,0,-999,0,0,0,0,0,0,0,0,8.0,6.0,35,7,150
0,0,0,0,-999,0,0,0,0,0,0,0,0,8.0,6.0,35,7,200
0,0,0,0,-999,0,0,0,0,0,0,0,0,8.0,6.0,35,7,300
0,0,0,0,-999,0,0,0,0,0,0,0,0,8.0,6.0,35,7,500
0,0,0,0,-999,0,0,0,0,0,0,0,0,8.0,6.0,35,7,1000
0,0,0,0,-999,0,0,0,0,0,0,0,0,10.0,2.0,35,1,100
0,0,0,0,-999,0,0,0,0,0,0,0,0,10.0,2.0,35,1,150
0,0,0,0,-999,0,0,0,0,0,0,0,0,10.0,2.0,35,1,200
0,0,0,0,-999,0,0,0,0,0,0,0,0,10.0,2.0,35,1,300
0,0,0,0,-999,0,0,0,0,0,0,0,0,10.0,2.0,35,1,500
0,0,0,0,-999,0,0,0,0,0,0,0,0,10.0,2.0,35,1,1000
0,0,0,0,-999,0,0,0,0,0,0,0,0,10.0,2.0,35,2,100
0,0,0,0,-999,0,0,0,0,0,0,0,0,10.0,2.0,35,2,150
0,0,0,0,-999,0,0,0,0,0,0,0,0,10.0,2.0,35,2,200
0,0,0,0,-999,0,0,0,0,0,0,0,0,10.0,2.0,35,2,300
0,0,0,0,-999,0,0,0,0,0,0,0,0,10.0,2.0,35,2,500
0,0,0,0,-999,0,0,0,0,0,0,0,0,10.0,2.0,35,2,1000
0,0,0,0,-999,0,0,0,0,0,0,0,0,10.0,2.0,35,3,100
0,0,0,0,-999,0,0,0,0,0,0,0,0,10.0,2.0,35,3,150
0,0,0,0,-999,0,0,0,0,0,0,0,0,10.0,2.0,35,3,200
0,0,0,0,-999,0,0,0,0,0,0,0,0,10.0,2.0,35,3,300
0,0,0,0,-999,0,0,0,0,0,0,0,0,10.0,2.0,35,3,500
0,0,0,0,-999,0,0,0,0,0,0,0,0,10.0,2.0,35,3,1000
0,0,0,0,-999,0,0,0,0,0,0,0,0,10.0,2.0,35,4,100
0,0,0,0,-999,0,0,0,0,0,0,0,0,10.0,2.0,35,4,150
0,0,0,0,-999,0,0,0,0,0,0,0,0,10.0,2.0,35,4,200
0,0,0,0,-999,0,0,0,0,0,0,0,0,10.0,2.0,35,4,300
0,0,0,0,-999,0,0,0,0,0,0,0,0,10.0,2.0,35,4,500
0,0,0,0,-999,0,0,0,0,0,0,0,0,10.0,2.0,35,4,1000
0,0,0,0,-999,0,0,0,0,0,0,0,0,10.0,2.0,35,5,100
0,0,0,0,-999,0,0,0,0,0,0,0,0,10.0,2.0,35,5,150
0,0,0,0,-999,0,0,0,0,0,0,0,0,10.0,2.0,35,5,200
0,0,0,0,-999,0,0,0,0,0,0,0,0,10.0,2.0,35,5,300
0,0,0,0,-999,0,0,0,0,0,0,0,0,10.0,2.0,35,5,500
0,0,0,0,-999,0,0,0,0,0,0,0,0,10.0,2.0,35,5,1000
0,0,0,0,-999,0,0,0,0,0,0,0,0,10.0,2.0,35,7,100
0,0,0,0,-999,0,0,0,0,0,0,0,0,10.0,2.0,35,7,150
0,0,0,0,-999,0,0,0,0,0,0,0,0,10.0,2.0,35,7,200
0,0,0,0,-999,0,0,0,0,0,0,0,0,10.0,2.0,35,7,300
0,0,0,0,-999,0,0,0,0,0,0,0,0,10.0,2.0,35,7,500
0,0,0,0,-999,0,0,0,0,0,0,0,0,10.0,2.0,35,7,1000
0,0,0,0,-999,0,0,0,0,0,0,0,0,10.0,3.0,35,1,100
0,0,0,0,-999,0,0,0,0,0,0,0,0,10.0,3.0,35,1,150
0,0,0,0,-999,0,0,0,0,0,0,0,0,10.0,3.0,35,1,200
0,0,0,0,-999,0,0,0,0,0,0,0,0,10.0,3.0,35,1,300
0,0,0,0,-999,0,0,0,0,0,0,0,0,10.0,3.0,35,1,500
0,0,0,0,-999,0,0,0,0,0,0,0,0,10.0,3.0,35,1,1000
0,0,0,0,-999,0,0,0,0,0,0,0,0,10.0,3.0,35,2,100
0,0,0,0,-999,0,0,0,0,0,0,0,0,10.0,3.0,35,2,150
0,0,0,0,-999,0,0,0,0,0,0,0,0,10.0,3.0,35,2,200
0,0,0,0,-999,0,0,0,0,0,0,0,0,10.0,3.0,35,2,300
0,0,0,0,-999,0,0,0,0,0,0,0,0,10.0,3.0,35,2,500
0,0,0,0,-999,0,0,0,0,0,0,0,0,10.0,3.0,35,2,1000
0,0,0,0,-999,0,0,0,0,0,0,0,0,10.0,3.0,35,3,100
0,0,0,0,-999,0,0,0,0,0,0,0,0,10.0,3.0,35,3,150
0,0,0,0,-999,0,0,0,0,0,0,0,0,10.0,3.0,35,3,200
0,0,0,0,-999,0,0,0,0,0,0,0,0,10.0,3.0,35,3,300
0,0,0,0,-999,0,0,0,0,0,0,0,0,10.0,3.0,35,3,500
0,0,0,0,-999,0,0,0,0,0,0,0,0,10.0,3.0,35,3,1000
0,0,0,0,-999,0,0,0,0,0,0,0,0,10.0,3.0,35,4,100
0,0,0,0,-999,0,0,0,0,0,0,0,0,10.0,3.0,35,4,150
0,0,0,0,-999,0,0,0,0,0,0,0,0,10.0,3.0,35,4,200
0,0,0,0,-999,0,0,0,0,0,0,0,0,10.0,3.0,35,4,300
0,0,0,0,-999,0,0,0,0,0,0,0,0,10.0,3.0,35,4,500
0,0,0,0,-999,0,0,0,0,0,0,0,0,10.0,3.0,35,4,1000
0,0,0,0,-999,0,0,0,0,0,0,0,0,10.0,3.0,35,5,100
0,0,0,0,-999,0,0,0,0,0,0,0,0,10.0,3.0,35,5,150
0,0,0,0,-999,0,0,0,0,0,0,0,0,10.0,3.0,35,5,200
0,0,0,0,-999,0,0,0,0,0,0,0,0,10.0,3.0,35,5,300
0,0,0,0,-999,0,0,0,0,0,0,0,0,10.0,3.0,35,5,500
0,0,0,0,-999,0,0,0,0,0,0,0,0,10.0,3.0,35,5,1000
0,0,0,0,-999,0,0,0,0,0,0,0,0,10.0,3.0,35,7,100
0,0,0,0,-999,0,0,0,0,0,0,0,0,10.0,3.0,35,7,150
0,0,0,0,-999,0,0,0,0,0,0,0,0,10.0,3.0,35,7,200
0,0,0,0,-999,0,0,0,0,0,0,0,0,10.0,3.0,35,7,300
0,0,0,0,-999,0,0,0,0,0,0,0,0,10.0,3.0,35,7,500
0,0,0,0,-999,0,0,0,0,0,0,0,0,10.0,3.0,35,7,1000
0,0,0,0,-999,0,0,0,0,0,0,0,0,10.0,4.0,35,1,100
0,0,0,0,-999,0,0,0,0,0,0,0,0,10.0,4.0,35,1,150
0,0,0,0,-999,0,0,0,0,0,0,0,0,10.0,4.0,35,1,200
0,0,0,0,-999,0,0,0,0,0,0,0,0,10.0,4.0,35,1,300
0,0,0,0,-999,0,0,0,0,0,0,0,0,10.0,4.0,35,1,500
0,0,0,0,-999,0,0,0,0,0,0,0,0,10.0,4.0,35,1,1000
0,0,0,0,-999,0,0,0,0,0,0,0,0,10.0,4.0,35,2,100
0,0,0,0,-999,0,0,0,0,0,0,0,0,10.0,4.0,35,2,150
0,0,0,0,-999,0,0,0,0,0,0,0,0,10.0,4.0,35,2,200
0,0,0,0,-999,0,0,0,0,0,0,0,0,10.0,4.0,35,2,300
0,0,0,0,-999,0,0,0,0,0,0,0,0,10.0,4.0,35,2,500
0,0,0,0,-999,0,0,0,0,0,0,0,0,10.0,4.0,35,2,1000
0,0,0,0,-999,0,0,0,0,0,0,0,0,10.0,4.0,35,3,100
0,0,0,0,-999,0,0,0,0,0,0,0,0,10.0,4.0,35,3,150
0,0,0,0,-999,0,0,0,0,0,0,0,0,10.0,4.0,35,3,200
0,0,0,0,-999,0,0,0,0,0,0,0,0,10.0,4.0,35,3,300
0,0,0,0,-999,0,0,0,0,0,0,0,0,10.0,4.0,35,3,500
0,0,0,0,-999,0,0,0,0,0,0,0,0,10.0,4.0,35,3,1000
0,0,0,0,-999,0,0,0,0,0,0,0,0,10.0,4.0,35,4,100
0,0,0,0,-999,0,0,0,0,0,0,0,0,10.0,4.0,35,4,150
0,0,0,0,-999,0,0,0,0,0,0,0,0,10.0,4.0,35,4,200
0,0,0,0,-999,0,0,0,0,0,0,0,0,10.0,4.0,35,4,300
0,0,0,0,-999,0,0,0,0,0,0,0,0,10.0,4.0,35,4,500
0,0,0,0,-999,0,0,0,0,0,0,0,0,10.0,4.0,35,4,1000
0,0,0,0,-999,0,0,0,0,0,0,0,0,10.0,4.0,35,5,100
0,0,0,0,-999,0,0,0,0,0,0,0,0,10.0,4.0,35,5,150
0,0,0,0,-999,0,0,0,0,0,0,0,0,10.0,4.0,35,5,200
0,0,0,0,-999,0,0,0,0,0,0,0,0,10.0,4.0,35,5,300
0,0,0,0,-999,0,0,0,0,0,0,0,0,10.0,4.0,35,5,500
0,0,0,0,-999,0,0,0,0,0,0,0,0,10.0,4.0,35,5,1000
0,0,0,0,-999,0,0,0,0,0,0,0,0,10.0,4.0,35,7,100
0,0,0,0,-999,0,0,0,0,0,0,0,0,10.0,4.0,35,7,150
0,0,0,0,-999,0,0,0,0,0,0,0,0,10.0,4.0,35,7,200
0,0,0,0,-999,0,0,0,0,0,0,0,0,10.0,4.0,35,7,300
0,0,0,0,-999,0,0,0,0,0,0,0,0,10.0,4.0,35,7,500
0,0,0,0,-999,0,0,0,0,0,0,0,0,10.0,4.0,35,7,1000
0,0,0,0,-999,0,0,0,0,0,0,0,0,10.0,5.0,35,1,100
0,0,0,0,-999,0,0,0,0,0,0,0,0,10.0,5.0,35,1,150
0,0,0,0,-999,0,0,0,0,0,0,0,0,10.0,5.0,35,1,200
0,0,0,0,-999,0,0,0,0,0,0,0,0,10.0,5.0,35,1,300
0,0,0,0,-999,0,0,0,0,0,0,0,0,10.0,5.0,35,1,500
0,0,0,0,-999,0,0,0,0,0,0,0,0,10.0,5.0,35,1,1000
0,0,0,0,-999,0,0,0,0,0,0,0,0,10.0,5.0,35,2,100
0,0,0,0,-999,0,0,0,0,0,0,0,0,10.0,5.0,35,2,150
0,0,0,0,-999,0,0,0,0,0,0,0,0,10.0,5.0,35,2,200
0,0,0,0,-999,0,0,0,0,0,0,0,0,10.0,5.0,35,2,300
0,0,0,0,-999,0,0,0,0,0,0,0,0,10.0,5.0,35,2,500
0,0,0,0,-999,0,0,0,0,0,0,0,0,10.0,5.0,35,2,1000
0,0,0,0,-999,0,0,0,0,0,0,0,0,10.0,5.0,35,3,100
0,0,0,0,-999,0,0,0,0,0,0,0,0,10.0,5.0,35,3,150
0,0,0,0,-999,0,0,0,0,0,0,0,0,10.0,5.0,35,3,200
0,0,0,0,-999,0,0,0,0,0,0,0,0,10.0,5.0,35,3,300
0,0,0,0,-999,0,0,0,0,0,0,0,0,10.0,5.0,35,3,500
0,0,0,0,-999,0,0,0,0,0,0,0,0,10.0,5.0,35,3,1000
0,0,0,0,-999,0,0,0,0,0,0,0,0,10.0,5.0,35,4,100
0,0,0,0,-999,0,0,0,0,0,0,0,0,10.0,5.0,35,4,150
0,0,0,0,-999,0,0,0,0,0,0,0,0,10.0,5.0,35,4,200
0,0,0,0,-999,0,0,0,0,0,0,0,0,10.0,5.0,35,4,300
0,0,0,0,-999,0,0,0,0,0,0,0,0,10.0,5.0,35,4,500
0,0,0,0,-999,0,0,0,0,0,0,0,0,10.0,5.0,35,4,1000
0,0,0,0,-999,0,0,0,0,0,0,0,0,10.0,5.0,35,5,100
0,0,0,0,-999,0,0,0,0,0,0,0,0,10.0,5.0,35,5,150
0,0,0,0,-999,0,0,0,0,0,0,0,0,10.0,5.0,35,5,200
0,0,0,0,-999,0,0,0,0,0,0,0,0,10.0,5.0,35,5,300
0,0,0,0,-999,0,0,0,0,0,0,0,0,10.0,5.0,35,5,500
0,0,0,0,-999,0,0,0,0,0,0,0,0,10.0,5.0,35,5,1000
0,0,0,0,-999,0,0,0,0,0,0,0,0,10.0,5.0,35,7,100
0,0,0,0,-999,0,0,0,0,0,0,0,0,10.0,5.0,35,7,150
0,0,0,0,-999,0,0,0,0,0,0,0,0,10.0,5.0,35,7,200
0,0,0,0,-999,0,0,0,0,0,0,0,0,10.0,5.0,35,7,300
0,0,0,0,-999,0,0,0,0,0,0,0,0,10.0,5.0,35,7,500
0,0,0,0,-999,0,0,0,0,0,0,0,0,10.0,5.0,35,7,1000
0,0,0,0,-999,0,0,0,0,0,0,0,0,10.0,6.0,35,1,100
0,0,0,0,-999,0,0,0,0,0,0,0,0,10.0,6.0,35,1,150
0,0,0,0,-999,0,0,0,0,0,0,0,0,10.0,6.0,35,1,200
0,0,0,0,-999,0,0,0,0,0,0,0,0,10.0,6.0,35,1,300
0,0,0,0,-999,0,0,0,0,0,0,0,0,10.0,6.0,35,1,500
0,0,0,0,-999,0,0,0,0,0,0,0,0,10.0,6.0,35,1,1000
0,0,0,0,-999,0,0,0,0,0,0,0,0,10.0,6.0,35,2,100
0,0,0,0,-999,0,0,0,0,0,0,0,0,10.0,6.0,35,2,150
0,0,0,0,-999,0,0,0,0,0,0,0,0,10.0,6.0,35,2,200
0,0,0,0,-999,0,0,0,0,0,0,0,0,10.0,6.0,35,2,300
0,0,0,0,-999,0,0,0,0,0,0,0,0,10.0,6.0,35,2,500
0,0,0,0,-999,0,0,0,0,0,0,0,0,10.0,6.0,35,2,1000
0,0,0,0,-999,0,0,0,0,0,0,0,0,10.0,6.0,35,3,100
0,0,0,0,-999,0,0,0,0,0,0,0,0,10.0,6.0,35,3,150
0,0,0,0,-999,0,0,0,0,0,0,0,0,10.0,6.0,35,3,200
0,0,0,0,-999,0,0,0,0,0,0,0,0,10.0,6.0,35,3,300
0,0,0,0,-999,0,0,0,0,0,0,0,0,10.0,6.0,35,3,500
0,0,0,0,-999,0,0,0,0,0,0,0,0,10.0,6.0,35,3,1000
0,0,0,0,-999,0,0,0,0,0,0,0,0,10.0,6.0,35,4,100
0,0,0,0,-999,0,0,0,0,0,0,0,0,10.0,6.0,35,4,150
0,0,0,0,-999,0,0,0,0,0,0,0,0,10.0,6.0,35,4,200
0,0,0,0,-999,0,0,0,0,0,0,0,0,10.0,6.0,35,4,300
0,0,0,0,-999,0,0,0,0,0,0,0,0,10.0,6.0,35,4,500
0,0,0,0,-999,0,0,0,0,0,0,0,0,10.0,6.0,35,4,1000
0,0,0,0,-999,0,0,0,0,0,0,0,0,10.0,6.0,35,5,100
0,0,0,0,-999,0,0,0,0,0,0,0,0,10.0,6.0,35,5,150
0,0,0,0,-999,0,0,0,0,0,0,0,0,10.0,6.0,35,5,200
0,0,0,0,-999,0,0,0,0,0,0,0,0,10.0,6.0,35,5,300
0,0,0,0,-999,0,0,0,0,0,0,0,0,10.0,6.0,35,5,500
0,0,0,0,-999,0,0,0,0,0,0,0,0,10.0,6.0,35,5,1000
0,0,0,0,-999,0,0,0,0,0,0,0,0,10.0,6.0,35,7,100
0,0,0,0,-999,0,0,0,0,0,0,0,0,10.0,6.0,35,7,150
0,0,0,0,-999,0,0,0,0,0,0,0,0,10.0,6.0,35,7,200
0,0,0,0,-999,0,0,0,0,0,0,0,0,10.0,6.0,35,7,300
0,0,0,0,-999,0,0,0,0,0,0,0,0,10.0,6.0,35,7,500
0,0,0,0,-999,0,0,0,0,0,0,0,0,10.0,6.0,35,7,1000
0,0,0,0,-999,0,0,0,0,0,0,0,0,12.0,2.0,35,1,100
0,0,0,0,-999,0,0,0,0,0,0,0,0,12.0,2.0,35,1,150
0,0,0,0,-999,0,0,0,0,0,0,0,0,12.0,2.0,35,1,200
0,0,0,0,-999,0,0,0,0,0,0,0,0,12.0,2.0,35,1,300
0,0,0,0,-999,0,0,0,0,0,0,0,0,12.0,2.0,35,1,500
0,0,0,0,-999,0,0,0,0,0,0,0,0,12.0,2.0,35,1,1000
0,0,0,0,-999,0,0,0,0,0,0,0,0,12.0,2.0,35,2,100
0,0,0,0,-999,0,0,0,0,0,0,0,0,12.0,2.0,35,2,150
0,0,0,0,-999,0,0,0,0,0,0,0,0,12.0,2.0,35,2,200
0,0,0,0,-999,0,0,0,0,0,0,0,0,12.0,2.0,35,2,300
0,0,0,0,-999,0,0,0,0,0,0,0,0,12.0,2.0,35,2,500
0,0,0,0,-999,0,0,0,0,0,0,0,0,12.0,2.0,35,2,1000
0,0,0,0,-999,0,0,0,0,0,0,0,0,12.0,2.0,35,3,100
0,0,0,0,-999,0,0,0,0,0,0,0,0,12.0,2.0,35,3,150
0,0,0,0,-999,0,0,0,0,0,0,0,0,12.0,2.0,35,3,200
0,0,0,0,-999,0,0,0,0,0,0,0,0,12.0,2.0,35,3,300
0,0,0,0,-999,0,0,0,0,0,0,0,0,12.0,2.0,35,3,500
0,0,0,0,-999,0,0,0,0,0,0,0,0,12.0,2.0,35,3,1000
0,0,0,0,-999,0,0,0,0,0,0,0,0,12.0,2.0,35,4,100
0,0,0,0,-999,0,0,0,0,0,0,0,0,12.0,2.0,35,4,150
0,0,0,0,-999,0,0,0,0,0,0,0,0,12.0,2.0,35,4,200
0,0,0,0,-999,0,0,0,0,0,0,0,0,12.0,2.0,35,4,300
0,0,0,0,-999,0,0,0,0,0,0,0,0,12.0,2.0,35,4,500
0,0,0,0,-999,0,0,0,0,0,0,0,0,12.0,2.0,35,4,1000
0,0,0,0,-999,0,0,0,0,0,0,0,0,12.0,2.0,35,5,100
0,0,0,0,-999,0,0,0,0,0,0,0,0,12.0,2.0,35,5,150
0,0,0,0,-999,0,0,0,0,0,0,0,0,12.0,2.0,35,5,200
0,0,0,0,-999,0,0,0,0,0,0,0,0,12.0,2.0,35,5,300
0,0,0,0,-999,0,0,0,0,0,0,0,0,12.0,2.0,35,5,500
0,0,0,0,-999,0,0,0,0,0,0,0,0,12.0,2.0,35,5,1000
0,0,0,0,-999,0,0,0,0,0,0,0,0,12.0,2.0,35,7,100
0,0,0,0,-999,0,0,0,0,0,0,0,0,12.0,2.0,35,7,150
0,0,0,0,-999,0,0,0,0,0,0,0,0,12.0,2.0,35,7,200
0,0,0,0,-999,0,0,0,0,0,0,0,0,12.0,2.0,35,7,300
0,0,0,0,-999,0,0,0,0,0,0,0,0,12.0,2.0,35,7,500
0,0,0,0,-999,0,0,0,0,0,0,0,0,12.0,2.0,35,7,1000
0,0,0,0,-999,0,0,0,0,0,0,0,0,12.0,3.0,35,1,100
0,0,0,0,-999,0,0,0,0,0,0,0,0,12.0,3.0,35,1,150
0,0,0,0,-999,0,0,0,0,0,0,0,0,12.0,3.0,35,1,200
0,0,0,0,-999,0,0,0,0,0,0,0,0,12.0,3.0,35,1,300
0,0,0,0,-999,0,0,0,0,0,0,0,0,12.0,3.0,35,1,500
0,0,0,0,-999,0,0,0,0,0,0,0,0,12.0,3.0,35,1,1000
0,0,0,0,-999,0,0,0,0,0,0,0,0,12.0,3.0,35,2,100
0,0,0,0,-999,0,0,0,0,0,0,0,0,12.0,3.0,35,2,150
0,0,0,0,-999,0,0,0,0,0,0,0,0,12.0,3.0,35,2,200
0,0,0,0,-999,0,0,0,0,0,0,0,0,12.0,3.0,35,2,300
0,0,0,0,-999,0,0,0,0,0,0,0,0,12.0,3.0,35,2,500
0,0,0,0,-999,0,0,0,0,0,0,0,0,12.0,3.0,35,2,1000
0,0,0,0,-999,0,0,0,0,0,0,0,0,12.0,3.0,35,3,100
0,0,0,0,-999,0,0,0,0,0,0,0,0,12.0,3.0,35,3,150
0,0,0,0,-999,0,0,0,0,0,0,0,0,12.0,3.0,35,3,200
0,0,0,0,-999,0,0,0,0,0,0,0,0,12.0,3.0,35,3,300
0,0,0,0,-999,0,0,0,0,0,0,0,0,12.0,3.0,35,3,500
0,0,0,0,-999,0,0,0,0,0,0,0,0,12.0,3.0,35,3,1000
0,0,0,0,-999,0,0,0,0,0,0,0,0,12.0,3.0,35,4,100
0,0,0,0,-999,0,0,0,0,0,0,0,0,12.0,3.0,35,4,150
0,0,0,0,-999,0,0,0,0,0,0,0,0,12.0,3.0,35,4,200
0,0,0,0,-999,0,0,0,0,0,0,0,0,12.0,3.0,35,4,300
0,0,0,0,-999,0,0,0,0,0,0,0,0,12.0,3.0,35,4,500
0,0,0,0,-999,0,0,0,0,0,0,0,0,12.0,3.0,35,4,1000
0,0,0,0,-999,0,0,0,0,0,0,0,0,12.0,3.0,35,5,100
0,0,0,0,-999,0,0,0,0,0,0,0,0,12.0,3.0,35,5,150
0,0,0,0,-999,0,0,0,0,0,0,0,0,12.0,3.0,35,5,200
0,0,0,0,-999,0,0,0,0,0,0,0,0,12.0,3.0,35,5,300
0,0,0,0,-999,0,0,0,0,0,0,0,0,12.0,3.0,35,5,500
0,0,0,0,-999,0,0,0,0,0,0,0,0,12.0,3.0,35,5,1000
0,0,0,0,-999,0,0,0,0,0,0,0,0,12.0,3.0,35,7,100
0,0,0,0,-999,0,0,0,0,0,0,0,0,12.0,3.0,35,7,150
0,0,0,0,-999,0,0,0,0,0,0,0,0,12.0,3.0,35,7,200
0,0,0,0,-999,0,0,0,0,0,0,0,0,12.0,3.0,35,7,300
0,0,0,0,-999,0,0,0,0,0,0,0,0,12.0,3.0,35,7,500
0,0,0,0,-999,0,0,0,0,0,0,0,0,12.0,3.0,35,7,1000
0,0,0,0,-999,0,0,0,0,0,0,0,0,12.0,4.0,35,1,100
0,0,0,0,-999,0,0,0,0,0,0,0,0,12.0,4.0,35,1,150
0,0,0,0,-999,0,0,0,0,0,0,0,0,12.0,4.0,35,1,200
0,0,0,0,-999,0,0,0,0,0,0,0,0,12.0,4.0,35,1,300
0,0,0,0,-999,0,0,0,0,0,0,0,0,12.0,4.0,35,1,500
0,0,0,0,-999,0,0,0,0,0,0,0,0,12.0,4.0,35,1,1000
0,0,0,0,-999,0,0,0,0,0,0,0,0,12.0,4.0,35,2,100
0,0,0,0,-999,0,0,0,0,0,0,0,0,12.0,4.0,35,2,150
0,0,0,0,-999,0,0,0,0,0,0,0,0,12.0,4.0,35,2,200
0,0,0,0,-999,0,0,0,0,0,0,0,0,12.0,4.0,35,2,300
0,0,0,0,-999,0,0,0,0,0,0,0,0,12.0,4.0,35,2,500
0,0,0,0,-999,0,0,0,0,0,0,0,0,12.0,4.0,35,2,1000
0,0,0,0,-999,0,0,0,0,0,0,0,0,12.0,4.0,35,3,100
0,0,0,0,-999,0,0,0,0,0,0,0,0,12.0,4.0,35,3,150
0,0,0,0,-999,0,0,0,0,0,0,0,0,12.0,4.0,35,3,200
0,0,0,0,-999,0,0,0,0,0,0,0,0,12.0,4.0,35,3,300
0,0,0,0,-999,0,0,0,0,0,0,0,0,12.0,4.0,35,3,500
0,0,0,0,-999,0,0,0,0,0,0,0,0,12.0,4.0,35,3,1000
0,0,0,0,-999,0,0,0,0,0,0,0,0,12.0,4.0,35,4,100
0,0,0,0,-999,0,0,0,0,0,0,0,0,12.0,4.0,35,4,150
0,0,0,0,-999,0,0,0,0,0,0,0,0,12.0,4.0,35,4,200
0,0,0,0,-999,0,0,0,0,0,0,0,0,12.0,4.0,35,4,300
0,0,0,0,-999,0,0,0,0,0,0,0,0,12.0,4.0,35,4,500
0,0,0,0,-999,0,0,0,0,0,0,0,0,12.0,4.0,35,4,1000
0,0,0,0,-999,0,0,0,0,0,0,0,0,12.0,4.0,35,5,100
0,0,0,0,-999,0,0,0,0,0,0,0,0,12.0,4.0,35,5,150
0,0,0,0,-999,0,0,0,0,0,0,0,0,12.0,4.0,35,5,200
0,0,0,0,-999,0,0,0,0,0,0,0,0,12.0,4.0,35,5,300
0,0,0,0,-999,0,0,0,0,0,0,0,0,12.0,4.0,35,5,500
0,0,0,0,-999,0,0,0,0,0,0,0,0,12.0,4.0,35,5,1000
0,0,0,0,-999,0,0,0,0,0,0,0,0,12.0,4.0,35,7,100
0,0,0,0,-999,0,0,0,0,0,0,0,0,12.0,4.0,35,7,150
0,0,0,0,-999,0,0,0,0,0,0,0,0,12.0,4.0,35,7,200
0,0,0,0,-999,0,0,0,0,0,0,0,0,12.0,4.0,35,7,300
0,0,0,0,-999,0,0,0,0,0,0,0,0,12.0,4.0,35,7,500
0,0,0,0,-999,0,0,0,0,0,0,0,0,12.0,4.0,35,7,1000
0,0,0,0,-999,0,0,0,0,0,0,0,0,12.0,5.0,35,1,100
0,0,0,0,-999,0,0,0,0,0,0,0,0,12.0,5.0,35,1,150
0,0,0,0,-999,0,0,0,0,0,0,0,0,12.0,5.0,35,1,200
0,0,0,0,-999,0,0,0,0,0,0,0,0,12.0,5.0,35,1,300
0,0,0,0,-999,0,0,0,0,0,0,0,0,12.0,5.0,35,1,500
0,0,0,0,-999,0,0,0,0,0,0,0,0,12.0,5.0,35,1,1000
0,0,0,0,-999,0,0,0,0,0,0,0,0,12.0,5.0,35,2,100
0,0,0,0,-999,0,0,0,0,0,0,0,0,12.0,5.0,35,2,150
0,0,0,0,-999,0,0,0,0,0,0,0,0,12.0,5.0,35,2,200
0,0,0,0,-999,0,0,0,0,0,0,0,0,12.0,5.0,35,2,300
0,0,0,0,-999,0,0,0,0,0,0,0,0,12.0,5.0,35,2,500
0,0,0,0,-999,0,0,0,0,0,0,0,0,12.0,5.0,35,2,1000
0,0,0,0,-999,0,0,0,0,0,0,0,0,12.0,5.0,35,3,100
0,0,0,0,-999,0,0,0,0,0,0,0,0,12.0,5.0,35,3,150
0,0,0,0,-999,0,0,0,0,0,0,0,0,12.0,5.0,35,3,200
0,0,0,0,-999,0,0,0,0,0,0,0,0,12.0,5.0,35,3,300
0,0,0,0,-999,0,0,0,0,0,0,0,0,12.0,5.0,35,3,500
0,0,0,0,-999,0,0,0,0,0,0,0,0,12.0,5.0,35,3,1000
0,0,0,0,-999,0,0,0,0,0,0,0,0,12.0,5.0,35,4,100
0,0,0,0,-999,0,0,0,0,0,0,0,0,12.0,5.0,35,4,150
0,0,0,0,-999,0,0,0,0,0,0,0,0,12.0,5.0,35,4,200
0,0,0,0,-999,0,0,0,0,0,0,0,0,12.0,5.0,35,4,300
0,0,0,0,-999,0,0,0,0,0,0,0,0,12.0,5.0,35,4,500
0,0,0,0,-999,0,0,0,0,0,0,0,0,12.0,5.0,35,4,1000
0,0,0,0,-999,0,0,0,0,0,0,0,0,12.0,5.0,35,5,100
0,0,0,0,-999,0,0,0,0,0,0,0,0,12.0,5.0,35,5,150
0,0,0,0,-999,0,0,0,0,0,0,0,0,12.0,5.0,35,5,200
0,0,0,0,-999,0,0,0,0,0,0,0,0,12.0,5.0,35,5,300
0,0,0,0,-999,0,0,0,0,0,0,0,0,12.0,5.0,35,5,500
0,0,0,0,-999,0,0,0,0,0,0,0,0,12.0,5.0,35,5,1000
0,0,0,0,-999,0,0,0,0,0,0,0,0,12.0,5.0,35,7,100
0,0,0,0,-999,0,0,0,0,0,0,0,0,12.0,5.0,35,7,150
0,0,0,0,-999,0,0,0,0,0,0,0,0,12.0,5.0,35,7,200
0,0,0,0,-999,0,0,0,0,0,0,0,0,12.0,5.0,35,7,300
0,0,0,0,-999,0,0,0,0,0,0,0,0,12.0,5.0,35,7,500
0,0,0,0,-999,0,0,0,0,0,0,0,0,12.0,5.0,35,7,1000
0,0,0,0,-999,0,0,0,0,0,0,0,0,12.0,6.0,35,1,100
0,0,0,0,-999,0,0,0,0,0,0,0,0,12.0,6.0,35,1,150
0,0,0,0,-999,0,0,0,0,0,0,0,0,12.0,6.0,35,1,200
0,0,0,0,-999,0,0,0,0,0,0,0,0,12.0,6.0,35,1,300
0,0,0,0,-999,0,0,0,0,0,0,0,0,12.0,6.0,35,1,500
0,0,0,0,-999,0,0,0,0,0,0,0,0,12.0,6.0,35,1,1000
0,0,0,0,-999,0,0,0,0,0,0,0,0,12.0,6.0,35,2,100
0,0,0,0,-999,0,0,0,0,0,0,0,0,12.0,6.0,35,2,150
0,0,0,0,-999,0,0,0,0,0,0,0,0,12.0,6.0,35,2,200
0,0,0,0,-999,0,0,0,0,0,0,0,0,12.0,6.0,35,2,300
0,0,0,0,-999,0,0,0,0,0,0,0,0,12.0,6.0,35,2,500
0,0,0,0,-999,0,0,0,0,0,0,0,0,12.0,6.0,35,2,1000
0,0,0,0,-999,0,0,0,0,0,0,0,0,12.0,6.0,35,3,100
0,0,0,0,-999,0,0,0,0,0,0,0,0,12.0,6.0,35,3,150
0,0,0,0,-999,0,0,0,0,0,0,0,0,12.0,6.0,35,3,200
0,0,0,0,-999,0,0,0,0,0,0,0,0,12.0,6.0,35,3,300
0,0,0,0,-999,0,0,0,0,0,0,0,0,12.0,6.0,35,3,500
0,0,0,0,-999,0,0,0,0,0,0,0,0,12.0,6.0,35,3,1000
0,0,0,0,-999,0,0,0,0,0,0,0,0,12.0,6.0,35,4,100
0,0,0,0,-999,0,0,0,0,0,0,0,0,12.0,6.0,35,4,150
0,0,0,0,-999,0,0,0,0,0,0,0,0,12.0,6.0,35,4,200
0,0,0,0,-999,0,0,0,0,0,0,0,0,12.0,6.0,35,4,300
0,0,0,0,-999,0,0,0,0,0,0,0,0,12.0,6.0,35,4,500
0,0,0,0,-999,0,0,0,0,0,0,0,0,12.0,6.0,35,4,1000
0,0,0,0,-999,0,0,0,0,0,0,0,0,12.0,6.0,35,5,100
0,0,0,0,-999,0,0,0,0,0,0,0,0,12.0,6.0,35,5,150
0,0,0,0,-999,0,0,0,0,0,0,0,0,12.0,6.0,35,5,200
0,0,0,0,-999,0,0,0,0,0,0,0,0,12.0,6.0,35,5,300
0,0,0,0,-999,0,0,0,0,0,0,0,0,12.0,6.0,35,5,500
0,0,0,0,-999,0,0,0,0,0,0,0,0,12.0,6.0,35,5,1000
0,0,0,0,-999,0,0,0,0,0,0,0,0,12.0,6.0,35,7,100
0,0,0,0,-999,0,0,0,0,0,0,0,0,12.0,6.0,35,7,150
0,0,0,0,-999,0,0,0,0,0,0,0,0,12.0,6.0,35,7,200
0,0,0,0,-999,0,0,0,0,0,0,0,0,12.0,6.0,35,7,300
0,0,0,0,-999,0,0,0,0,0,0,0,0,12.0,6.0,35,7,500
0,0,0,0,-999,0,0,0,0,0,0,0,0,12.0,6.0,35,7,1000
0,0,0,0,-999,0,0,0,0,0,0,0,0,15.0,2.0,35,1,100
0,0,0,0,-999,0,0,0,0,0,0,0,0,15.0,2.0,35,1,150
0,0,0,0,-999,0,0,0,0,0,0,0,0,15.0,2.0,35,1,200
0,0,0,0,-999,0,0,0,0,0,0,0,0,15.0,2.0,35,1,300
0,0,0,0,-999,0,0,0,0,0,0,0,0,15.0,2.0,35,1,500
0,0,0,0,-999,0,0,0,0,0,0,0,0,15.0,2.0,35,1,1000
0,0,0,0,-999,0,0,0,0,0,0,0,0,15.0,2.0,35,2,100
0,0,0,0,-999,0,0,0,0,0,0,0,0,15.0,2.0,35,2,150
0,0,0,0,-999,0,0,0,0,0,0,0,0,15.0,2.0,35,2,200
0,0,0,0,-999,0,0,0,0,0,0,0,0,15.0,2.0,35,2,300
0,0,0,0,-999,0,0,0,0,0,0,0,0,15.0,2.0,35,2,500
0,0,0,0,-999,0,0,0,0,0,0,0,0,15.0,2.0,35,2,1000
0,0,0,0,-999,0,0,0,0,0,0,0,0,15.0,2.0,35,3,100
0,0,0,0,-999,0,0,0,0,0,0,0,0,15.0,2.0,35,3,150
0,0,0,0,-999,0,0,0,0,0,0,0,0,15.0,2.0,35,3,200
0,0,0,0,-999,0,0,0,0,0,0,0,0,15.0,2.0,35,3,300
0,0,0,0,-999,0,0,0,0,0,0,0,0,15.0,2.0,35,3,500
0,0,0,0,-999,0,0,0,0,0,0,0,0,15.0,2.0,35,3,1000
0,0,0,0,-999,0,0,0,0,0,0,0,0,15.0,2.0,35,4,100
0,0,0,0,-999,0,0,0,0,0,0,0,0,15.0,2.0,35,4,150
0,0,0,0,-999,0,0,0,0,0,0,0,0,15.0,2.0,35,4,200
0,0,0,0,-999,0,0,0,0,0,0,0,0,15.0,2.0,35,4,300
0,0,0,0,-999,0,0,0,0,0,0,0,0,15.0,2.0,35,4,500
0,0,0,0,-999,0,0,0,0,0,0,0,0,15.0,2.0,35,4,1000
0,0,0,0,-999,0,0,0,0,0,0,0,0,15.0,2.0,35,5,100
0,0,0,0,-999,0,0,0,0,0,0,0,0,15.0,2.0,35,5,150
0,0,0,0,-999,0,0,0,0,0,0,0,0,15.0,2.0,35,5,200
0,0,0,0,-999,0,0,0,0,0,0,0,0,15.0,2.0,35,5,300
0,0,0,0,-999,0,0,0,0,0,0,0,0,15.0,2.0,35,5,500
0,0,0,0,-999,0,0,0,0,0,0,0,0,15.0,2.0,35,5,1000
0,0,0,0,-999,0,0,0,0,0,0,0,0,15.0,2.0,35,7,100
0,0,0,0,-999,0,0,0,0,0,0,0,0,15.0,2.0,35,7,150
0,0,0,0,-999,0,0,0,0,0,0,0,0,15.0,2.0,35,7,200
0,0,0,0,-999,0,0,0,0,0,0,0,0,15.0,2.0,35,7,300
0,0,0,0,-999,0,0,0,0,0,0,0,0,15.0,2.0,35,7,500
0,0,0,0,-999,0,0,0,0,0,0,0,0,15.0,2.0,35,7,1000
0,0,0,0,-999,0,0,0,0,0,0,0,0,15.0,3.0,35,1,100
0,0,0,0,-999,0,0,0,0,0,0,0,0,15.0,3.0,35,1,150
0,0,0,0,-999,0,0,0,0,0,0,0,0,15.0,3.0,35,1,200
0,0,0,0,-999,0,0,0,0,0,0,0,0,15.0,3.0,35,1,300
0,0,0,0,-999,0,0,0,0,0,0,0,0,15.0,3.0,35,1,500
0,0,0,0,-999,0,0,0,0,0,0,0,0,15.0,3.0,35,1,1000
0,0,0,0,-999,0,0,0,0,0,0,0,0,15.0,3.0,35,2,100
0,0,0,0,-999,0,0,0,0,0,0,0,0,15.0,3.0,35,2,150
0,0,0,0,-999,0,0,0,0,0,0,0,0,15.0,3.0,35,2,200
0,0,0,0,-999,0,0,0,0,0,0,0,0,15.0,3.0,35,2,300
0,0,0,0,-999,0,0,0,0,0,0,0,0,15.0,3.0,35,2,500
0,0,0,0,-999,0,0,0,0,0,0,0,0,15.0,3.0,35,2,1000
0,0,0,0,-999,0,0,0,0,0,0,0,0,15.0,3.0,35,3,100
0,0,0,0,-999,0,0,0,0,0,0,0,0,15.0,3.0,35,3,150
0,0,0,0,-999,0,0,0,0,0,0,0,0,15.0,3.0,35,3,200
0,0,0,0,-999,0,0,0,0,0,0,0,0,15.0,3.0,35,3,300
0,0,0,0,-999,0,0,0,0,0,0,0,0,15.0,3.0,35,3,500
0,0,0,0,-999,0,0,0,0,0,0,0,0,15.0,3.0,35,3,1000
0,0,0,0,-999,0,0,0,0,0,0,0,0,15.0,3.0,35,4,100
0,0,0,0,-999,0,0,0,0,0,0,0,0,15.0,3.0,35,4,150
0,0,0,0,-999,0,0,0,0,0,0,0,0,15.0,3.0,35,4,200
0,0,0,0,-999,0,0,0,0,0,0,0,0,15.0,3.0,35,4,300
0,0,0,0,-999,0,0,0,0,0,0,0,0,15.0,3.0,35,4,500
0,0,0,0,-999,0,0,0,0,0,0,0,0,15.0,3.0,35,4,1000
0,0,0,0,-999,0,0,0,0,0,0,0,0,15.0,3.0,35,5,100
0,0,0,0,-999,0,0,0,0,0,0,0,0,15.0,3.0,35,5,150
0,0,0,0,-999,0,0,0,0,0,0,0,0,15.0,3.0,35,5,200
0,0,0,0,-999,0,0,0,0,0,0,0,0,15.0,3.0,35,5,300
0,0,0,0,-999,0,0,0,0,0,0,0,0,15.0,3.0,35,5,500
0,0,0,0,-999,0,0,0,0,0,0,0,0,15.0,3.0,35,5,1000
0,0,0,0,-999,0,0,0,0,0,0,0,0,15.0,3.0,35,7,100
0,0,0,0,-999,0,0,0,0,0,0,0,0,15.0,3.0,35,7,150
0,0,0,0,-999,0,0,0,0,0,0,0,0,15.0,3.0,35,7,200
0,0,0,0,-999,0,0,0,0,0,0,0,0,15.0,3.0,35,7,300
0,0,0,0,-999,0,0,0,0,0,0,0,0,15.0,3.0,35,7,500
0,0,0,0,-999,0,0,0,0,0,0,0,0,15.0,3.0,35,7,1000
0,0,0,0,-999,0,0,0,0,0,0,0,0,15.0,4.0,35,1,100
0,0,0,0,-999,0,0,0,0,0,0,0,0,15.0,4.0,35,1,150
0,0,0,0,-999,0,0,0,0,0,0,0,0,15.0,4.0,35,1,200
0,0,0,0,-999,0,0,0,0,0,0,0,0,15.0,4.0,35,1,300
0,0,0,0,-999,0,0,0,0,0,0,0,0,15.0,4.0,35,1,500
0,0,0,0,-999,0,0,0,0,0,0,0,0,15.0,4.0,35,1,1000
0,0,0,0,-999,0,0,0,0,0,0,0,0,15.0,4.0,35,2,100
0,0,0,0,-999,0,0,0,0,0,0,0,0,15.0,4.0,35,2,150
0,0,0,0,-999,0,0,0,0,0,0,0,0,15.0,4.0,35,2,200
0,0,0,0,-999,0,0,0,0,0,0,0,0,15.0,4.0,35,2,300
0,0,0,0,-999,0,0,0,0,0,0,0,0,15.0,4.0,35,2,500
0,0,0,0,-999,0,0,0,0,0,0,0,0,15.0,4.0,35,2,1000
0,0,0,0,-999,0,0,0,0,0,0,0,0,15.0,4.0,35,3,100
0,0,0,0,-999,0,0,0,0,0,0,0,0,15.0,4.0,35,3,150
0,0,0,0,-999,0,0,0,0,0,0,0,0,15.0,4.0,35,3,200
0,0,0,0,-999,0,0,0,0,0,0,0,0,15.0,4.0,35,3,300
0,0,0,0,-999,0,0,0,0,0,0,0,0,15.0,4.0,35,3,500
0,0,0,0,-999,0,0,0,0,0,0,0,0,15.0,4.0,35,3,1000
0,0,0,0,-999,0,0,0,0,0,0,0,0,15.0,4.0,35,4,100
0,0,0,0,-999,0,0,0,0,0,0,0,0,15.0,4.0,35,4,150
0,0,0,0,-999,0,0,0,0,0,0,0,0,15.0,4.0,35,4,200
0,0,0,0,-999,0,0,0,0,0,0,0,0,15.0,4.0,35,4,300
0,0,0,0,-999,0,0,0,0,0,0,0,0,15.0,4.0,35,4,500
0,0,0,0,-999,0,0,0,0,0,0,0,0,15.0,4.0,35,4,1000
0,0,0,0,-999,0,0,0,0,0,0,0,0,15.0,4.0,35,5,100
0,0,0,0,-999,0,0,0,0,0,0,0,0,15.0,4.0,35,5,150
0,0,0,0,-999,0,0,0,0,0,0,0,0,15.0,4.0,35,5,200
0,0,0,0,-999,0,0,0,0,0,0,0,0,15.0,4.0,35,5,300
0,0,0,0,-999,0,0,0,0,0,0,0,0,15.0,4.0,35,5,500
0,0,0,0,-999,0,0,0,0,0,0,0,0,15.0,4.0,35,5,1000
0,0,0,0,-999,0,0,0,0,0,0,0,0,15.0,4.0,35,7,100
0,0,0,0,-999,0,0,0,0,0,0,0,0,15.0,4.0,35,7,150
0,0,0,0,-999,0,0,0,0,0,0,0,0,15.0,4.0,35,7,200
0,0,0,0,-999,0,0,0,0,0,0,0,0,15.0,4.0,35,7,300
0,0,0,0,-999,0,0,0,0,0,0,0,0,15.0,4.0,35,7,500
0,0,0,0,-999,0,0,0,0,0,0,0,0,15.0,4.0,35,7,1000
0,0,0,0,-999,0,0,0,0,0,0,0,0,15.0,5.0,35,1,100
0,0,0,0,-999,0,0,0,0,0,0,0,0,15.0,5.0,35,1,150
0,0,0,0,-999,0,0,0,0,0,0,0,0,15.0,5.0,35,1,200
0,0,0,0,-999,0,0,0,0,0,0,0,0,15.0,5.0,35,1,300
0,0,0,0,-999,0,0,0,0,0,0,0,0,15.0,5.0,35,1,500
0,0,0,0,-999,0,0,0,0,0,0,0,0,15.0,5.0,35,1,1000
0,0,0,0,-999,0,0,0,0,0,0,0,0,15.0,5.0,35,2,100
0,0,0,0,-999,0,0,0,0,0,0,0,0,15.0,5.0,35,2,150
0,0,0,0,-999,0,0,0,0,0,0,0,0,15.0,5.0,35,2,200
0,0,0,0,-999,0,0,0,0,0,0,0,0,15.0,5.0,35,2,300
0,0,0,0,-999,0,0,0,0,0,0,0,0,15.0,5.0,35,2,500
0,0,0,0,-999,0,0,0,0,0,0,0,0,15.0,5.0,35,2,1000
0,0,0,0,-999,0,0,0,0,0,0,0,0,15.0,5.0,35,3,100
0,0,0,0,-999,0,0,0,0,0,0,0,0,15.0,5.0,35,3,150
0,0,0,0,-999,0,0,0,0,0,0,0,0,15.0,5.0,35,3,200
0,0,0,0,-999,0,0,0,0,0,0,0,0,15.0,5.0,35,3,300
0,0,0,0,-999,0,0,0,0,0,0,0,0,15.0,5.0,35,3,500
0,0,0,0,-999,0,0,0,0,0,0,0,0,15.0,5.0,35,3,1000
0,0,0,0,-999,0,0,0,0,0,0,0,0,15.0,5.0,35,4,100
0,0,0,0,-999,0,0,0,0,0,0,0,0,15.0,5.0,35,4,150
0,0,0,0,-999,0,0,0,0,0,0,0,0,15.0,5.0,35,4,200
0,0,0,0,-999,0,0,0,0,0,0,0,0,15.0,5.0,35,4,300
0,0,0,0,-999,0,0,0,0,0,0,0,0,15.0,5.0,35,4,500
0,0,0,0,-999,0,0,0,0,0,0,0,0,15.0,5.0,35,4,1000
0,0,0,0,-999,0,0,0,0,0,0,0,0,15.0,5.0,35,5,100
0,0,0,0,-999,0,0,0,0,0,0,0,0,15.0,5.0,35,5,150
0,0,0,0,-999,0,0,0,0,0,0,0,0,15.0,5.0,35,5,200
0,0,0,0,-999,0,0,0,0,0,0,0,0,15.0,5.0,35,5,300
0,0,0,0,-999,0,0,0,0,0,0,0,0,15.0,5.0,35,5,500
0,0,0,0,-999,0,0,0,0,0,0,0,0,15.0,5.0,35,5,1000
0,0,0,0,-999,0,0,0,0,0,0,0,0,15.0,5.0,35,7,100
0,0,0,0,-999,0,0,0,0,0,0,0,0,15.0,5.0,35,7,150
0,0,0,0,-999,0,0,0,0,0,0,0,0,15.0,5.0,35,7,200
0,0,0,0,-999,0,0,0,0,0,0,0,0,15.0,5.0,35,7,300
0,0,0,0,-999,0,0,0,0,0,0,0,0,15.0,5.0,35,7,500
0,0,0,0,-999,0,0,0,0,0,0,0,0,15.0,5.0,35,7,1000
0,0,0,0,-999,0,0,0,0,0,0,0,0,15.0,6.0,35,1,100
0,0,0,0,-999,0,0,0,0,0,0,0,0,15.0,6.0,35,1,150
0,0,0,0,-999,0,0,0,0,0,0,0,0,15.0,6.0,35,1,200
0,0,0,0,-999,0,0,0,0,0,0,0,0,15.0,6.0,35,1,300
0,0,0,0,-999,0,0,0,0,0,0,0,0,15.0,6.0,35,1,500
0,0,0,0,-999,0,0,0,0,0,0,0,0,15.0,6.0,35,1,1000
0,0,0,0,-999,0,0,0,0,0,0,0,0,15.0,6.0,35,2,100
0,0,0,0,-999,0,0,0,0,0,0,0,0,15.0,6.0,35,2,150
0,0,0,0,-999,0,0,0,0,0,0,0,0,15.0,6.0,35,2,200
0,0,0,0,-999,0,0,0,0,0,0,0,0,15.0,6.0,35,2,300
0,0,0,0,-999,0,0,0,0,0,0,0,0,15.0,6.0,35,2,500
0,0,0,0,-999,0,0,0,0,0,0,0,0,15.0,6.0,35,2,1000
0,0,0,0,-999,0,0,0,0,0,0,0,0,15.0,6.0,35,3,100
0,0,0,0,-999,0,0,0,0,0,0,0,0,15.0,6.0,35,3,150
0,0,0,0,-999,0,0,0,0,0,0,0,0,15.0,6.0,35,3,200
0,0,0,0,-999,0,0,0,0,0,0,0,0,15.0,6.0,35,3,300
0,0,0,0,-999,0,0,0,0,0,0,0,0,15.0,6.0,35,3,500
0,0,0,0,-999,0,0,0,0,0,0,0,0,15.0,6.0,35,3,1000
0,0,0,0,-999,0,0,0,0,0,0,0,0,15.0,6.0,35,4,100
0,0,0,0,-999,0,0,0,0,0,0,0,0,15.0,6.0,35,4,150
0,0,0,0,-999,0,0,0,0,0,0,0,0,15.0,6.0,35,4,200
0,0,0,0,-999,0,0,0,0,0,0,0,0,15.0,6.0,35,4,300
0,0,0,0,-999,0,0,0,0,0,0,0,0,15.0,6.0,35,4,500
0,0,0,0,-999,0,0,0,0,0,0,0,0,15.0,6.0,35,4,1000
0,0,0,0,-999,0,0,0,0,0,0,0,0,15.0,6.0,35,5,100
0,0,0,0,-999,0,0,0,0,0,0,0,0,15.0,6.0,35,5,150
0,0,0,0,-999,0,0,0,0,0,0,0,0,15.0,6.0,35,5,200
0,0,0,0,-999,0,0,0,0,0,0,0,0,15.0,6.0,35,5,300
0,0,0,0,-999,0,0,0,0,0,0,0,0,15.0,6.0,35,5,500
0,0,0,0,-999,0,0,0,0,0,0,0,0,15.0,6.0,35,5,1000
0,0,0,0,-999,0,0,0,0,0,0,0,0,15.0,6.0,35,7,100
0,0,0,0,-999,0,0,0,0,0,0,0,0,15.0,6.0,35,7,150
0,0,0,0,-999,0,0,0,0,0,0,0,0,15.0,6.0,35,7,200
0,0,0,0,-999,0,0,0,0,0,0,0,0,15.0,6.0,35,7,300
0,0,0,0,-999,0,0,0,0,0,0,0,0,15.0,6.0,35,7,500
0,0,0,0,-999,0,0,0,0,0,0,0,0,15.0,6.0,35,7,1000
0,0,0,0,-999,0,0,0,0,0,0,0,0,20.0,2.0,35,1,100
0,0,0,0,-999,0,0,0,0,0,0,0,0,20.0,2.0,35,1,150
0,0,0,0,-999,0,0,0,0,0,0,0,0,20.0,2.0,35,1,200
0,0,0,0,-999,0,0,0,0,0,0,0,0,20.0,2.0,35,1,300
0,0,0,0,-999,0,0,0,0,0,0,0,0,20.0,2.0,35,1,500
0,0,0,0,-999,0,0,0,0,0,0,0,0,20.0,2.0,35,1,1000
0,0,0,0,-999,0,0,0,0,0,0,0,0,20.0,2.0,35,2,100
0,0,0,0,-999,0,0,0,0,0,0,0,0,20.0,2.0,35,2,150
0,0,0,0,-999,0,0,0,0,0,0,0,0,20.0,2.0,35,2,200
0,0,0,0,-999,0,0,0,0,0,0,0,0,20.0,2.0,35,2,300
0,0,0,0,-999,0,0,0,0,0,0,0,0,20.0,2.0,35,2,500
0,0,0,0,-999,0,0,0,0,0,0,0,0,20.0,2.0,35,2,1000
0,0,0,0,-999,0,0,0,0,0,0,0,0,20.0,2.0,35,3,100
0,0,0,0,-999,0,0,0,0,0,0,0,0,20.0,2.0,35,3,150
0,0,0,0,-999,0,0,0,0,0,0,0,0,20.0,2.0,35,3,200
0,0,0,0,-999,0,0,0,0,0,0,0,0,20.0,2.0,35,3,300
0,0,0,0,-999,0,0,0,0,0,0,0,0,20.0,2.0,35,3,500
0,0,0,0,-999,0,0,0,0,0,0,0,0,20.0,2.0,35,3,1000
0,0,0,0,-999,0,0,0,0,0,0,0,0,20.0,2.0,35,4,100
0,0,0,0,-999,0,0,0,0,0,0,0,0,20.0,2.0,35,4,150
0,0,0,0,-999,0,0,0,0,0,0,0,0,20.0,2.0,35,4,200
0,0,0,0,-999,0,0,0,0,0,0,0,0,20.0,2.0,35,4,300
0,0,0,0,-999,0,0,0,0,0,0,0,0,20.0,2.0,35,4,500
0,0,0,0,-999,0,0,0,0,0,0,0,0,20.0,2.0,35,4,1000
0,0,0,0,-999,0,0,0,0,0,0,0,0,20.0,2.0,35,5,100
0,0,0,0,-999,0,0,0,0,0,0,0,0,20.0,2.0,35,5,150
0,0,0,0,-999,0,0,0,0,0,0,0,0,20.0,2.0,35,5,200
0,0,0,0,-999,0,0,0,0,0,0,0,0,20.0,2.0,35,5,300
0,0,0,0,-999,0,0,0,0,0,0,0,0,20.0,2.0,35,5,500
0,0,0,0,-999,0,0,0,0,0,0,0,0,20.0,2.0,35,5,1000
0,0,0,0,-999,0,0,0,0,0,0,0,0,20.0,2.0,35,7,100
0,0,0,0,-999,0,0,0,0,0,0,0,0,20.0,2.0,35,7,150
0,0,0,0,-999,0,0,0,0,0,0,0,0,20.0,2.0,35,7,200
0,0,0,0,-999,0,0,0,0,0,0,0,0,20.0,2.0,35,7,300
0,0,0,0,-999,0,0,0,0,0,0,0,0,20.0,2.0,35,7,500
0,0,0,0,-999,0,0,0,0,0,0,0,0,20.0,2.0,35,7,1000
0,0,0,0,-999,0,0,0,0,0,0,0,0,20.0,3.0,35,1,100
0,0,0,0,-999,0,0,0,0,0,0,0,0,20.0,3.0,35,1,150
0,0,0,0,-999,0,0,0,0,0,0,0,0,20.0,3.0,35,1,200
0,0,0,0,-999,0,0,0,0,0,0,0,0,20.0,3.0,35,1,300
0,0,0,0,-999,0,0,0,0,0,0,0,0,20.0,3.0,35,1,500
0,0,0,0,-999,0,0,0,0,0,0,0,0,20.0,3.0,35,1,1000
0,0,0,0,-999,0,0,0,0,0,0,0,0,20.0,3.0,35,2,100
0,0,0,0,-999,0,0,0,0,0,0,0,0,20.0,3.0,35,2,150
0,0,0,0,-999,0,0,0,0,0,0,0,0,20.0,3.0,35,2,200
0,0,0,0,-999,0,0,0,0,0,0,0,0,20.0,3.0,35,2,300
0,0,0,0,-999,0,0,0,0,0,0,0,0,20.0,3.0,35,2,500
0,0,0,0,-999,0,0,0,0,0,0,0,0,20.0,3.0,35,2,1000
0,0,0,0,-999,0,0,0,0,0,0,0,0,20.0,3.0,35,3,100
0,0,0,0,-999,0,0,0,0,0,0,0,0,20.0,3.0,35,3,150
0,0,0,0,-999,0,0,0,0,0,0,0,0,20.0,3.0,35,3,200
0,0,0,0,-999,0,0,0,0,0,0,0,0,20.0,3.0,35,3,300
0,0,0,0,-999,0,0,0,0,0,0,0,0,20.0,3.0,35,3,500
0,0,0,0,-999,0,0,0,0,0,0,0,0,20.0,3.0,35,3,1000
0,0,0,0,-999,0,0,0,0,0,0,0,0,20.0,3.0,35,4,100
0,0,0,0,-999,0,0,0,0,0,0,0,0,20.0,3.0,35,4,150
0,0,0,0,-999,0,0,0,0,0,0,0,0,20.0,3.0,35,4,200
0,0,0,0,-999,0,0,0,0,0,0,0,0,20.0,3.0,35,4,300
0,0,0,0,-999,0,0,0,0,0,0,0,0,20.0,3.0,35,4,500
0,0,0,0,-999,0,0,0,0,0,0,0,0,20.0,3.0,35,4,1000
0,0,0,0,-999,0,0,0,0,0,0,0,0,20.0,3.0,35,5,100
0,0,0,0,-999,0,0,0,0,0,0,0,0,20.0,3.0,35,5,150
0,0,0,0,-999,0,0,0,0,0,0,0,0,20.0,3.0,35,5,200
0,0,0,0,-999,0,0,0,0,0,0,0,0,20.0,3.0,35,5,300
0,0,0,0,-999,0,0,0,0,0,0,0,0,20.0,3.0,35,5,500
0,0,0,0,-999,0,0,0,0,0,0,0,0,20.0,3.0,35,5,1000
0,0,0,0,-999,0,0,0,0,0,0,0,0,20.0,3.0,35,7,100
0,0,0,0,-999,0,0,0,0,0,0,0,0,20.0,3.0,35,7,150
0,0,0,0,-999,0,0,0,0,0,0,0,0,20.0,3.0,35,7,200
0,0,0,0,-999,0,0,0,0,0,0,0,0,20.0,3.0,35,7,300
0,0,0,0,-999,0,0,0,0,0,0,0,0,20.0,3.0,35,7,500
0,0,0,0,-999,0,0,0,0,0,0,0,0,20.0,3.0,35,7,1000
0,0,0,0,-999,0,0,0,0,0,0,0,0,20.0,4.0,35,1,100
0,0,0,0,-999,0,0,0,0,0,0,0,0,20.0,4.0,35,1,150
0,0,0,0,-999,0,0,0,0,0,0,0,0,20.0,4.0,35,1,200
0,0,0,0,-999,0,0,0,0,0,0,0,0,20.0,4.0,35,1,300
0,0,0,0,-999,0,0,0,0,0,0,0,0,20.0,4.0,35,1,500
0,0,0,0,-999,0,0,0,0,0,0,0,0,20.0,4.0,35,1,1000
0,0,0,0,-999,0,0,0,0,0,0,0,0,20.0,4.0,35,2,100
0,0,0,0,-999,0,0,0,0,0,0,0,0,20.0,4.0,35,2,150
0,0,0,0,-999,0,0,0,0,0,0,0,0,20.0,4.0,35,2,200
0,0,0,0,-999,0,0,0,0,0,0,0,0,20.0,4.0,35,2,300
0,0,0,0,-999,0,0,0,0,0,0,0,0,20.0,4.0,35,2,500
0,0,0,0,-999,0,0,0,0,0,0,0,0,20.0,4.0,35,2,1000
0,0,0,0,-999,0,0,0,0,0,0,0,0,20.0,4.0,35,3,100
0,0,0,0,-999,0,0,0,0,0,0,0,0,20.0,4.0,35,3,150
0,0,0,0,-999,0,0,0,0,0,0,0,0,20.0,4.0,35,3,200
0,0,0,0,-999,0,0,0,0,0,0,0,0,20.0,4.0,35,3,300
0,0,0,0,-999,0,0,0,0,0,0,0,0,20.0,4.0,35,3,500
0,0,0,0,-999,0,0,0,0,0,0,0,0,20.0,4.0,35,3,1000
0,0,0,0,-999,0,0,0,0,0,0,0,0,20.0,4.0,35,4,100
0,0,0,0,-999,0,0,0,0,0,0,0,0,20.0,4.0,35,4,150
0,0,0,0,-999,0,0,0,0,0,0,0,0,20.0,4.0,35,4,200
0,0,0,0,-999,0,0,0,0,0,0,0,0,20.0,4.0,35,4,300
0,0,0,0,-999,0,0,0,0,0,0,0,0,20.0,4.0,35,4,500
0,0,0,0,-999,0,0,0,0,0,0,0,0,20.0,4.0,35,4,1000
0,0,0,0,-999,0,0,0,0,0,0,0,0,20.0,4.0,35,5,100
0,0,0,0,-999,0,0,0,0,0,0,0,0,20.0,4.0,35,5,150
0,0,0,0,-999,0,0,0,0,0,0,0,0,20.0,4.0,35,5,200
0,0,0,0,-999,0,0,0,0,0,0,0,0,20.0,4.0,35,5,300
0,0,0,0,-999,0,0,0,0,0,0,0,0,20.0,4.0,35,5,500
0,0,0,0,-999,0,0,0,0,0,0,0,0,20.0,4.0,35,5,1000
0,0,0,0,-999,0,0,0,0,0,0,0,0,20.0,4.0,35,7,100
0,0,0,0,-999,0,0,0,0,0,0,0,0,20.0,4.0,35,7,150
0,0,0,0,-999,0,0,0,0,0,0,0,0,20.0,4.0,35,7,200
0,0,0,0,-999,0,0,0,0,0,0,0,0,20.0,4.0,35,7,300
0,0,0,0,-999,0,0,0,0,0,0,0,0,20.0,4.0,35,7,500
0,0,0,0,-999,0,0,0,0,0,0,0,0,20.0,4.0,35,7,1000
0,0,0,0,-999,0,0,0,0,0,0,0,0,20.0,5.0,35,1,100
0,0,0,0,-999,0,0,0,0,0,0,0,0,20.0,5.0,35,1,150
0,0,0,0,-999,0,0,0,0,0,0,0,0,20.0,5.0,35,1,200
0,0,0,0,-999,0,0,0,0,0,0,0,0,20.0,5.0,35,1,300
0,0,0,0,-999,0,0,0,0,0,0,0,0,20.0,5.0,35,1,500
0,0,0,0,-999,0,0,0,0,0,0,0,0,20.0,5.0,35,1,1000
0,0,0,0,-999,0,0,0,0,0,0,0,0,20.0,5.0,35,2,100
0,0,0,0,-999,0,0,0,0,0,0,0,0,20.0,5.0,35,2,150
0,0,0,0,-999,0,0,0,0,0,0,0,0,20.0,5.0,35,2,200
0,0,0,0,-999,0,0,0,0,0,0,0,0,20.0,5.0,35,2,300
0,0,0,0,-999,0,0,0,0,0,0,0,0,20.0,5.0,35,2,500
0,0,0,0,-999,0,0,0,0,0,0,0,0,20.0,5.0,35,2,1000
0,0,0,0,-999,0,0,0,0,0,0,0,0,20.0,5.0,35,3,100
0,0,0,0,-999,0,0,0,0,0,0,0,0,20.0,5.0,35,3,150
0,0,0,0,-999,0,0,0,0,0,0,0,0,20.0,5.0,35,3,200
0,0,0,0,-999,0,0,0,0,0,0,0,0,20.0,5.0,35,3,300
0,0,0,0,-999,0,0,0,0,0,0,0,0,20.0,5.0,35,3,500
0,0,0,0,-999,0,0,0,0,0,0,0,0,20.0,5.0,35,3,1000
0,0,0,0,-999,0,0,0,0,0,0,0,0,20.0,5.0,35,4,100
0,0,0,0,-999,0,0,0,0,0,0,0,0,20.0,5.0,35,4,150
0,0,0,0,-999,0,0,0,0,0,0,0,0,20.0,5.0,35,4,200
0,0,0,0,-999,0,0,0,0,0,0,0,0,20.0,5.0,35,4,300
0,0,0,0,-999,0,0,0,0,0,0,0,0,20.0,5.0,35,4,500
0,0,0,0,-999,0,0,0,0,0,0,0,0,20.0,5.0,35,4,1000
0,0,0,0,-999,0,0,0,0,0,0,0,0,20.0,5.0,35,5,100
0,0,0,0,-999,0,0,0,0,0,0,0,0,20.0,5.0,35,5,150
0,0,0,0,-999,0,0,0,0,0,0,0,0,20.0,5.0,35,5,200
0,0,0,0,-999,0,0,0,0,0,0,0,0,20.0,5.0,35,5,300
0,0,0,0,-999,0,0,0,0,0,0,0,0,20.0,5.0,35,5,500
0,0,0,0,-999,0,0,0,0,0,0,0,0,20.0,5.0,35,5,1000
0,0,0,0,-999,0,0,0,0,0,0,0,0,20.0,5.0,35,7,100
0,0,0,0,-999,0,0,0,0,0,0,0,0,20.0,5.0,35,7,150
0,0,0,0,-999,0,0,0,0,0,0,0,0,20.0,5.0,35,7,200
0,0,0,0,-999,0,0,0,0,0,0,0,0,20.0,5.0,35,7,300
0,0,0,0,-999,0,0,0,0,0,0,0,0,20.0,5.0,35,7,500
0,0,0,0,-999,0,0,0,0,0,0,0,0,20.0,5.0,35,7,1000
0,0,0,0,-999,0,0,0,0,0,0,0,0,20.0,6.0,35,1,100
0,0,0,0,-999,0,0,0,0,0,0,0,0,20.0,6.0,35,1,150
0,0,0,0,-999,0,0,0,0,0,0,0,0,20.0,6.0,35,1,200
0,0,0,0,-999,0,0,0,0,0,0,0,0,20.0,6.0,35,1,300
0,0,0,0,-999,0,0,0,0,0,0,0,0,20.0,6.0,35,1,500
0,0,0,0,-999,0,0,0,0,0,0,0,0,20.0,6.0,35,1,1000
0,0,0,0,-999,0,0,0,0,0,0,0,0,20.0,6.0,35,2,100
0,0,0,0,-999,0,0,0,0,0,0,0,0,20.0,6.0,35,2,150
0,0,0,0,-999,0,0,0,0,0,0,0,0,20.0,6.0,35,2,200
0,0,0,0,-999,0,0,0,0,0,0,0,0,20.0,6.0,35,2,300
0,0,0,0,-999,0,0,0,0,0,0,0,0,20.0,6.0,35,2,500
0,0,0,0,-999,0,0,0,0,0,0,0,0,20.0,6.0,35,2,1000
0,0,0,0,-999,0,0,0,0,0,0,0,0,20.0,6.0,35,3,100
0,0,0,0,-999,0,0,0,0,0,0,0,0,20.0,6.0,35,3,150
0,0,0,0,-999,0,0,0,0,0,0,0,0,20.0,6.0,35,3,200
0,0,0,0,-999,0,0,0,0,0,0,0,0,20.0,6.0,35,3,300
0,0,0,0,-999,0,0,0,0,0,0,0,0,20.0,6.0,35,3,500
0,0,0,0,-999,0,0,0,0,0,0,0,0,20.0,6.0,35,3,1000
0,0,0,0,-999,0,0,0,0,0,0,0,0,20.0,6.0,35,4,100
0,0,0,0,-999,0,0,0,0,0,0,0,0,20.0,6.0,35,4,150
0,0,0,0,-999,0,0,0,0,0,0,0,0,20.0,6.0,35,4,200
0,0,0,0,-999,0,0,0,0,0,0,0,0,20.0,6.0,35,4,300
0,0,0,0,-999,0,0,0,0,0,0,0,0,20.0,6.0,35,4,500
0,0,0,0,-999,0,0,0,0,0,0,0,0,20.0,6.0,35,4,1000
0,0,0,0,-999,0,0,0,0,0,0,0,0,20.0,6.0,35,5,100
0,0,0,0,-999,0,0,0,0,0,0,0,0,20.0,6.0,35,5,150
0,0,0,0,-999,0,0,0,0,0,0,0,0,20.0,6.0,35,5,200
0,0,0,0,-999,0,0,0,0,0,0,0,0,20.0,6.0,35,5,300
0,0,0,0,-999,0,0,0,0,0,0,0,0,20.0,6.0,35,5,500
0,0,0,0,-999,0,0,0,0,0,0,0,0,20.0,6.0,35,5,1000
0,0,0,0,-999,0,0,0,0,0,0,0,0,20.0,6.0,35,7,100
0,0,0,0,-999,0,0,0,0,0,0,0,0,20.0,6.0,35,7,150
0,0,0,0,-999,0,0,0,0,0,0,0,0,20.0,6.0,35,7,200
0,0,0,0,-999,0,0,0,0,0,0,0,0,20.0,6.0,35,7,300
0,0,0,0,-999,0,0,0,0,0,0,0,0,20.0,6.0,35,7,500
0,0,0,0,-999,0,0,0,0,0,0,0,0,20.0,6.0,35,7,1000
0,0,0,0,-999,0,0,0,0,0,0,0,0,5.0,2.0,40,1,100
0,0,0,0,-999,0,0,0,0,0,0,0,0,5.0,2.0,40,1,150
0,0,0,0,-999,0,0,0,0,0,0,0,0,5.0,2.0,40,1,200
0,0,0,0,-999,0,0,0,0,0,0,0,0,5.0,2.0,40,1,300
0,0,0,0,-999,0,0,0,0,0,0,0,0,5.0,2.0,40,1,500
0,0,0,0,-999,0,0,0,0,0,0,0,0,5.0,2.0,40,1,1000
0,0,0,0,-999,0,0,0,0,0,0,0,0,5.0,2.0,40,2,100
0,0,0,0,-999,0,0,0,0,0,0,0,0,5.0,2.0,40,2,150
0,0,0,0,-999,0,0,0,0,0,0,0,0,5.0,2.0,40,2,200
0,0,0,0,-999,0,0,0,0,0,0,0,0,5.0,2.0,40,2,300
0,0,0,0,-999,0,0,0,0,0,0,0,0,5.0,2.0,40,2,500
0,0,0,0,-999,0,0,0,0,0,0,0,0,5.0,2.0,40,2,1000
0,0,0,0,-999,0,0,0,0,0,0,0,0,5.0,2.0,40,3,100
0,0,0,0,-999,0,0,0,0,0,0,0,0,5.0,2.0,40,3,150
0,0,0,0,-999,0,0,0,0,0,0,0,0,5.0,2.0,40,3,200
0,0,0,0,-999,0,0,0,0,0,0,0,0,5.0,2.0,40,3,300
0,0,0,0,-999,0,0,0,0,0,0,0,0,5.0,2.0,40,3,500
0,0,0,0,-999,0,0,0,0,0,0,0,0,5.0,2.0,40,3,1000
0,0,0,0,-999,0,0,0,0,0,0,0,0,5.0,2.0,40,4,100
0,0,0,0,-999,0,0,0,0,0,0,0,0,5.0,2.0,40,4,150
0,0,0,0,-999,0,0,0,0,0,0,0,0,5.0,2.0,40,4,200
0,0,0,0,-999,0,0,0,0,0,0,0,0,5.0,2.0,40,4,300
0,0,0,0,-999,0,0,0,0,0,0,0,0,5.0,2.0,40,4,500
0,0,0,0,-999,0,0,0,0,0,0,0,0,5.0,2.0,40,4,1000
0,0,0,0,-999,0,0,0,0,0,0,0,0,5.0,2.0,40,5,100
0,0,0,0,-999,0,0,0,0,0,0,0,0,5.0,2.0,40,5,150
0,0,0,0,-999,0,0,0,0,0,0,0,0,5.0,2.0,40,5,200
0,0,0,0,-999,0,0,0,0,0,0,0,0,5.0,2.0,40,5,300
0,0,0,0,-999,0,0,0,0,0,0,0,0,5.0,2.0,40,5,500
0,0,0,0,-999,0,0,0,0,0,0,0,0,5.0,2.0,40,5,1000
0,0,0,0,-999,0,0,0,0,0,0,0,0,5.0,2.0,40,7,100
0,0,0,0,-999,0,0,0,0,0,0,0,0,5.0,2.0,40,7,150
0,0,0,0,-999,0,0,0,0,0,0,0,0,5.0,2.0,40,7,200
0,0,0,0,-999,0,0,0,0,0,0,0,0,5.0,2.0,40,7,300
0,0,0,0,-999,0,0,0,0,0,0,0,0,5.0,2.0,40,7,500
0,0,0,0,-999,0,0,0,0,0,0,0,0,5.0,2.0,40,7,1000
0,0,0,0,-999,0,0,0,0,0,0,0,0,5.0,3.0,40,1,100
0,0,0,0,-999,0,0,0,0,0,0,0,0,5.0,3.0,40,1,150
0,0,0,0,-999,0,0,0,0,0,0,0,0,5.0,3.0,40,1,200
0,0,0,0,-999,0,0,0,0,0,0,0,0,5.0,3.0,40,1,300
0,0,0,0,-999,0,0,0,0,0,0,0,0,5.0,3.0,40,1,500
0,0,0,0,-999,0,0,0,0,0,0,0,0,5.0,3.0,40,1,1000
0,0,0,0,-999,0,0,0,0,0,0,0,0,5.0,3.0,40,2,100
0,0,0,0,-999,0,0,0,0,0,0,0,0,5.0,3.0,40,2,150
0,0,0,0,-999,0,0,0,0,0,0,0,0,5.0,3.0,40,2,200
0,0,0,0,-999,0,0,0,0,0,0,0,0,5.0,3.0,40,2,300
0,0,0,0,-999,0,0,0,0,0,0,0,0,5.0,3.0,40,2,500
0,0,0,0,-999,0,0,0,0,0,0,0,0,5.0,3.0,40,2,1000
0,0,0,0,-999,0,0,0,0,0,0,0,0,5.0,3.0,40,3,100
0,0,0,0,-999,0,0,0,0,0,0,0,0,5.0,3.0,40,3,150
0,0,0,0,-999,0,0,0,0,0,0,0,0,5.0,3.0,40,3,200
0,0,0,0,-999,0,0,0,0,0,0,0,0,5.0,3.0,40,3,300
0,0,0,0,-999,0,0,0,0,0,0,0,0,5.0,3.0,40,3,500
0,0,0,0,-999,0,0,0,0,0,0,0,0,5.0,3.0,40,3,1000
0,0,0,0,-999,0,0,0,0,0,0,0,0,5.0,3.0,40,4,100
0,0,0,0,-999,0,0,0,0,0,0,0,0,5.0,3.0,40,4,150
0,0,0,0,-999,0,0,0,0,0,0,0,0,5.0,3.0,40,4,200
0,0,0,0,-999,0,0,0,0,0,0,0,0,5.0,3.0,40,4,300
0,0,0,0,-999,0,0,0,0,0,0,0,0,5.0,3.0,40,4,500
0,0,0,0,-999,0,0,0,0,0,0,0,0,5.0,3.0,40,4,1000
0,0,0,0,-999,0,0,0,0,0,0,0,0,5.0,3.0,40,5,100
0,0,0,0,-999,0,0,0,0,0,0,0,0,5.0,3.0,40,5,150
0,0,0,0,-999,0,0,0,0,0,0,0,0,5.0,3.0,40,5,200
0,0,0,0,-999,0,0,0,0,0,0,0,0,5.0,3.0,40,5,300
0,0,0,0,-999,0,0,0,0,0,0,0,0,5.0,3.0,40,5,500
0,0,0,0,-999,0,0,0,0,0,0,0,0,5.0,3.0,40,5,1000
0,0,0,0,-999,0,0,0,0,0,0,0,0,5.0,3.0,40,7,100
0,0,0,0,-999,0,0,0,0,0,0,0,0,5.0,3.0,40,7,150
0,0,0,0,-999,0,0,0,0,0,0,0,0,5.0,3.0,40,7,200
0,0,0,0,-999,0,0,0,0,0,0,0,0,5.0,3.0,40,7,300
0,0,0,0,-999,0,0,0,0,0,0,0,0,5.0,3.0,40,7,500
0,0,0,0,-999,0,0,0,0,0,0,0,0,5.0,3.0,40,7,1000
0,0,0,0,-999,0,0,0,0,0,0,0,0,5.0,4.0,40,1,100
0,0,0,0,-999,0,0,0,0,0,0,0,0,5.0,4.0,40,1,150
0,0,0,0,-999,0,0,0,0,0,0,0,0,5.0,4.0,40,1,200
0,0,0,0,-999,0,0,0,0,0,0,0,0,5.0,4.0,40,1,300
0,0,0,0,-999,0,0,0,0,0,0,0,0,5.0,4.0,40,1,500
0,0,0,0,-999,0,0,0,0,0,0,0,0,5.0,4.0,40,1,1000
0,0,0,0,-999,0,0,0,0,0,0,0,0,5.0,4.0,40,2,100
0,0,0,0,-999,0,0,0,0,0,0,0,0,5.0,4.0,40,2,150
0,0,0,0,-999,0,0,0,0,0,0,0,0,5.0,4.0,40,2,200
0,0,0,0,-999,0,0,0,0,0,0,0,0,5.0,4.0,40,2,300
0,0,0,0,-999,0,0,0,0,0,0,0,0,5.0,4.0,40,2,500
0,0,0,0,-999,0,0,0,0,0,0,0,0,5.0,4.0,40,2,1000
0,0,0,0,-999,0,0,0,0,0,0,0,0,5.0,4.0,40,3,100
0,0,0,0,-999,0,0,0,0,0,0,0,0,5.0,4.0,40,3,150
0,0,0,0,-999,0,0,0,0,0,0,0,0,5.0,4.0,40,3,200
0,0,0,0,-999,0,0,0,0,0,0,0,0,5.0,4.0,40,3,300
0,0,0,0,-999,0,0,0,0,0,0,0,0,5.0,4.0,40,3,500
0,0,0,0,-999,0,0,0,0,0,0,0,0,5.0,4.0,40,3,1000
0,0,0,0,-999,0,0,0,0,0,0,0,0,5.0,4.0,40,4,100
0,0,0,0,-999,0,0,0,0,0,0,0,0,5.0,4.0,40,4,150
0,0,0,0,-999,0,0,0,0,0,0,0,0,5.0,4.0,40,4,200
0,0,0,0,-999,0,0,0,0,0,0,0,0,5.0,4.0,40,4,300
0,0,0,0,-999,0,0,0,0,0,0,0,0,5.0,4.0,40,4,500
0,0,0,0,-999,0,0,0,0,0,0,0,0,5.0,4.0,40,4,1000
0,0,0,0,-999,0,0,0,0,0,0,0,0,5.0,4.0,40,5,100
0,0,0,0,-999,0,0,0,0,0,0,0,0,5.0,4.0,40,5,150
0,0,0,0,-999,0,0,0,0,0,0,0,0,5.0,4.0,40,5,200
0,0,0,0,-999,0,0,0,0,0,0,0,0,5.0,4.0,40,5,300
0,0,0,0,-999,0,0,0,0,0,0,0,0,5.0,4.0,40,5,500
0,0,0,0,-999,0,0,0,0,0,0,0,0,5.0,4.0,40,5,1000
0,0,0,0,-999,0,0,0,0,0,0,0,0,5.0,4.0,40,7,100
0,0,0,0,-999,0,0,0,0,0,0,0,0,5.0,4.0,40,7,150
0,0,0,0,-999,0,0,0,0,0,0,0,0,5.0,4.0,40,7,200
0,0,0,0,-999,0,0,0,0,0,0,0,0,5.0,4.0,40,7,300
0,0,0,0,-999,0,0,0,0,0,0,0,0,5.0,4.0,40,7,500
0,0,0,0,-999,0,0,0,0,0,0,0,0,5.0,4.0,40,7,1000
0,0,0,0,-999,0,0,0,0,0,0,0,0,8.0,2.0,40,1,100
0,0,0,0,-999,0,0,0,0,0,0,0,0,8.0,2.0,40,1,150
0,0,0,0,-999,0,0,0,0,0,0,0,0,8.0,2.0,40,1,200
0,0,0,0,-999,0,0,0,0,0,0,0,0,8.0,2.0,40,1,300
0,0,0,0,-999,0,0,0,0,0,0,0,0,8.0,2.0,40,1,500
0,0,0,0,-999,0,0,0,0,0,0,0,0,8.0,2.0,40,1,1000
0,0,0,0,-999,0,0,0,0,0,0,0,0,8.0,2.0,40,2,100
0,0,0,0,-999,0,0,0,0,0,0,0,0,8.0,2.0,40,2,150
0,0,0,0,-999,0,0,0,0,0,0,0,0,8.0,2.0,40,2,200
0,0,0,0,-999,0,0,0,0,0,0,0,0,8.0,2.0,40,2,300
0,0,0,0,-999,0,0,0,0,0,0,0,0,8.0,2.0,40,2,500
0,0,0,0,-999,0,0,0,0,0,0,0,0,8.0,2.0,40,2,1000
0,0,0,0,-999,0,0,0,0,0,0,0,0,8.0,2.0,40,3,100
0,0,0,0,-999,0,0,0,0,0,0,0,0,8.0,2.0,40,3,150
0,0,0,0,-999,0,0,0,0,0,0,0,0,8.0,2.0,40,3,200
0,0,0,0,-999,0,0,0,0,0,0,0,0,8.0,2.0,40,3,300
0,0,0,0,-999,0,0,0,0,0,0,0,0,8.0,2.0,40,3,500
0,0,0,0,-999,0,0,0,0,0,0,0,0,8.0,2.0,40,3,1000
0,0,0,0,-999,0,0,0,0,0,0,0,0,8.0,2.0,40,4,100
0,0,0,0,-999,0,0,0,0,0,0,0,0,8.0,2.0,40,4,150
0,0,0,0,-999,0,0,0,0,0,0,0,0,8.0,2.0,40,4,200
0,0,0,0,-999,0,0,0,0,0,0,0,0,8.0,2.0,40,4,300
0,0,0,0,-999,0,0,0,0,0,0,0,0,8.0,2.0,40,4,500
0,0,0,0,-999,0,0,0,0,0,0,0,0,8.0,2.0,40,4,1000
0,0,0,0,-999,0,0,0,0,0,0,0,0,8.0,2.0,40,5,100
0,0,0,0,-999,0,0,0,0,0,0,0,0,8.0,2.0,40,5,150
0,0,0,0,-999,0,0,0,0,0,0,0,0,8.0,2.0,40,5,200
0,0,0,0,-999,0,0,0,0,0,0,0,0,8.0,2.0,40,5,300
0,0,0,0,-999,0,0,0,0,0,0,0,0,8.0,2.0,40,5,500
0,0,0,0,-999,0,0,0,0,0,0,0,0,8.0,2.0,40,5,1000
0,0,0,0,-999,0,0,0,0,0,0,0,0,8.0,2.0,40,7,100
0,0,0,0,-999,0,0,0,0,0,0,0,0,8.0,2.0,40,7,150
0,0,0,0,-999,0,0,0,0,0,0,0,0,8.0,2.0,40,7,200
0,0,0,0,-999,0,0,0,0,0,0,0,0,8.0,2.0,40,7,300
0,0,0,0,-999,0,0,0,0,0,0,0,0,8.0,2.0,40,7,500
0,0,0,0,-999,0,0,0,0,0,0,0,0,8.0,2.0,40,7,1000
0,0,0,0,-999,0,0,0,0,0,0,0,0,8.0,3.0,40,1,100
0,0,0,0,-999,0,0,0,0,0,0,0,0,8.0,3.0,40,1,150
0,0,0,0,-999,0,0,0,0,0,0,0,0,8.0,3.0,40,1,200
0,0,0,0,-999,0,0,0,0,0,0,0,0,8.0,3.0,40,1,300
0,0,0,0,-999,0,0,0,0,0,0,0,0,8.0,3.0,40,1,500
0,0,0,0,-999,0,0,0,0,0,0,0,0,8.0,3.0,40,1,1000
0,0,0,0,-999,0,0,0,0,0,0,0,0,8.0,3.0,40,2,100
0,0,0,0,-999,0,0,0,0,0,0,0,0,8.0,3.0,40,2,150
0,0,0,0,-999,0,0,0,0,0,0,0,0,8.0,3.0,40,2,200
0,0,0,0,-999,0,0,0,0,0,0,0,0,8.0,3.0,40,2,300
0,0,0,0,-999,0,0,0,0,0,0,0,0,8.0,3.0,40,2,500
0,0,0,0,-999,0,0,0,0,0,0,0,0,8.0,3.0,40,2,1000
0,0,0,0,-999,0,0,0,0,0,0,0,0,8.0,3.0,40,3,100
0,0,0,0,-999,0,0,0,0,0,0,0,0,8.0,3.0,40,3,150
0,0,0,0,-999,0,0,0,0,0,0,0,0,8.0,3.0,40,3,200
0,0,0,0,-999,0,0,0,0,0,0,0,0,8.0,3.0,40,3,300
0,0,0,0,-999,0,0,0,0,0,0,0,0,8.0,3.0,40,3,500
0,0,0,0,-999,0,0,0,0,0,0,0,0,8.0,3.0,40,3,1000
0,0,0,0,-999,0,0,0,0,0,0,0,0,8.0,3.0,40,4,100
0,0,0,0,-999,0,0,0,0,0,0,0,0,8.0,3.0,40,4,150
0,0,0,0,-999,0,0,0,0,0,0,0,0,8.0,3.0,40,4,200
0,0,0,0,-999,0,0,0,0,0,0,0,0,8.0,3.0,40,4,300
0,0,0,0,-999,0,0,0,0,0,0,0,0,8.0,3.0,40,4,500
0,0,0,0,-999,0,0,0,0,0,0,0,0,8.0,3.0,40,4,1000
0,0,0,0,-999,0,0,0,0,0,0,0,0,8.0,3.0,40,5,100
0,0,0,0,-999,0,0,0,0,0,0,0,0,8.0,3.0,40,5,150
0,0,0,0,-999,0,0,0,0,0,0,0,0,8.0,3.0,40,5,200
0,0,0,0,-999,0,0,0,0,0,0,0,0,8.0,3.0,40,5,300
0,0,0,0,-999,0,0,0,0,0,0,0,0,8.0,3.0,40,5,500
0,0,0,0,-999,0,0,0,0,0,0,0,0,8.0,3.0,40,5,1000
0,0,0,0,-999,0,0,0,0,0,0,0,0,8.0,3.0,40,7,100
0,0,0,0,-999,0,0,0,0,0,0,0,0,8.0,3.0,40,7,150
0,0,0,0,-999,0,0,0,0,0,0,0,0,8.0,3.0,40,7,200
0,0,0,0,-999,0,0,0,0,0,0,0,0,8.0,3.0,40,7,300
0,0,0,0,-999,0,0,0,0,0,0,0,0,8.0,3.0,40,7,500
0,0,0,0,-999,0,0,0,0,0,0,0,0,8.0,3.0,40,7,1000
0,0,0,0,-999,0,0,0,0,0,0,0,0,8.0,4.0,40,1,100
0,0,0,0,-999,0,0,0,0,0,0,0,0,8.0,4.0,40,1,150
0,0,0,0,-999,0,0,0,0,0,0,0,0,8.0,4.0,40,1,200
0,0,0,0,-999,0,0,0,0,0,0,0,0,8.0,4.0,40,1,300
0,0,0,0,-999,0,0,0,0,0,0,0,0,8.0,4.0,40,1,500
0,0,0,0,-999,0,0,0,0,0,0,0,0,8.0,4.0,40,1,1000
0,0,0,0,-999,0,0,0,0,0,0,0,0,8.0,4.0,40,2,100
0,0,0,0,-999,0,0,0,0,0,0,0,0,8.0,4.0,40,2,150
0,0,0,0,-999,0,0,0,0,0,0,0,0,8.0,4.0,40,2,200
0,0,0,0,-999,0,0,0,0,0,0,0,0,8.0,4.0,40,2,300
0,0,0,0,-999,0,0,0,0,0,0,0,0,8.0,4.0,40,2,500
0,0,0,0,-999,0,0,0,0,0,0,0,0,8.0,4.0,40,2,1000
0,0,0,0,-999,0,0,0,0,0,0,0,0,8.0,4.0,40,3,100
0,0,0,0,-999,0,0,0,0,0,0,0,0,8.0,4.0,40,3,150
0,0,0,0,-999,0,0,0,0,0,0,0,0,8.0,4.0,40,3,200
0,0,0,0,-999,0,0,0,0,0,0,0,0,8.0,4.0,40,3,300
0,0,0,0,-999,0,0,0,0,0,0,0,0,8.0,4.0,40,3,500
0,0,0,0,-999,0,0,0,0,0,0,0,0,8.0,4.0,40,3,1000
0,0,0,0,-999,0,0,0,0,0,0,0,0,8.0,4.0,40,4,100
0,0,0,0,-999,0,0,0,0,0,0,0,0,8.0,4.0,40,4,150
0,0,0,0,-999,0,0,0,0,0,0,0,0,8.0,4.0,40,4,200
0,0,0,0,-999,0,0,0,0,0,0,0,0,8.0,4.0,40,4,300
0,0,0,0,-999,0,0,0,0,0,0,0,0,8.0,4.0,40,4,500
0,0,0,0,-999,0,0,0,0,0,0,0,0,8.0,4.0,40,4,1000
0,0,0,0,-999,0,0,0,0,0,0,0,0,8.0,4.0,40,5,100
0,0,0,0,-999,0,0,0,0,0,0,0,0,8.0,4.0,40,5,150
0,0,0,0,-999,0,0,0,0,0,0,0,0,8.0,4.0,40,5,200
0,0,0,0,-999,0,0,0,0,0,0,0,0,8.0,4.0,40,5,300
0,0,0,0,-999,0,0,0,0,0,0,0,0,8.0,4.0,40,5,500
0,0,0,0,-999,0,0,0,0,0,0,0,0,8.0,4.0,40,5,1000
0,0,0,0,-999,0,0,0,0,0,0,0,0,8.0,4.0,40,7,100
0,0,0,0,-999,0,0,0,0,0,0,0,0,8.0,4.0,40,7,150
0,0,0,0,-999,0,0,0,0,0,0,0,0,8.0,4.0,40,7,200
0,0,0,0,-999,0,0,0,0,0,0,0,0,8.0,4.0,40,7,300
0,0,0,0,-999,0,0,0,0,0,0,0,0,8.0,4.0,40,7,500
0,0,0,0,-999,0,0,0,0,0,0,0,0,8.0,4.0,40,7,1000
0,0,0,0,-999,0,0,0,0,0,0,0,0,8.0,5.0,40,1,100
0,0,0,0,-999,0,0,0,0,0,0,0,0,8.0,5.0,40,1,150
0,0,0,0,-999,0,0,0,0,0,0,0,0,8.0,5.0,40,1,200
0,0,0,0,-999,0,0,0,0,0,0,0,0,8.0,5.0,40,1,300
0,0,0,0,-999,0,0,0,0,0,0,0,0,8.0,5.0,40,1,500
0,0,0,0,-999,0,0,0,0,0,0,0,0,8.0,5.0,40,1,1000
0,0,0,0,-999,0,0,0,0,0,0,0,0,8.0,5.0,40,2,100
0,0,0,0,-999,0,0,0,0,0,0,0,0,8.0,5.0,40,2,150
0,0,0,0,-999,0,0,0,0,0,0,0,0,8.0,5.0,40,2,200
0,0,0,0,-999,0,0,0,0,0,0,0,0,8.0,5.0,40,2,300
0,0,0,0,-999,0,0,0,0,0,0,0,0,8.0,5.0,40,2,500
0,0,0,0,-999,0,0,0,0,0,0,0,0,8.0,5.0,40,2,1000
0,0,0,0,-999,0,0,0,0,0,0,0,0,8.0,5.0,40,3,100
0,0,0,0,-999,0,0,0,0,0,0,0,0,8.0,5.0,40,3,150
0,0,0,0,-999,0,0,0,0,0,0,0,0,8.0,5.0,40,3,200
0,0,0,0,-999,0,0,0,0,0,0,0,0,8.0,5.0,40,3,300
0,0,0,0,-999,0,0,0,0,0,0,0,0,8.0,5.0,40,3,500
0,0,0,0,-999,0,0,0,0,0,0,0,0,8.0,5.0,40,3,1000
0,0,0,0,-999,0,0,0,0,0,0,0,0,8.0,5.0,40,4,100
0,0,0,0,-999,0,0,0,0,0,0,0,0,8.0,5.0,40,4,150
0,0,0,0,-999,0,0,0,0,0,0,0,0,8.0,5.0,40,4,200
0,0,0,0,-999,0,0,0,0,0,0,0,0,8.0,5.0,40,4,300
0,0,0,0,-999,0,0,0,0,0,0,0,0,8.0,5.0,40,4,500
0,0,0,0,-999,0,0,0,0,0,0,0,0,8.0,5.0,40,4,1000
0,0,0,0,-999,0,0,0,0,0,0,0,0,8.0,5.0,40,5,100
0,0,0,0,-999,0,0,0,0,0,0,0,0,8.0,5.0,40,5,150
0,0,0,0,-999,0,0,0,0,0,0,0,0,8.0,5.0,40,5,200
0,0,0,0,-999,0,0,0,0,0,0,0,0,8.0,5.0,40,5,300
0,0,0,0,-999,0,0,0,0,0,0,0,0,8.0,5.0,40,5,500
0,0,0,0,-999,0,0,0,0,0,0,0,0,8.0,5.0,40,5,1000
0,0,0,0,-999,0,0,0,0,0,0,0,0,8.0,5.0,40,7,100
0,0,0,0,-999,0,0,0,0,0,0,0,0,8.0,5.0,40,7,150
0,0,0,0,-999,0,0,0,0,0,0,0,0,8.0,5.0,40,7,200
0,0,0,0,-999,0,0,0,0,0,0,0,0,8.0,5.0,40,7,300
0,0,0,0,-999,0,0,0,0,0,0,0,0,8.0,5.0,40,7,500
0,0,0,0,-999,0,0,0,0,0,0,0,0,8.0,5.0,40,7,1000
0,0,0,0,-999,0,0,0,0,0,0,0,0,8.0,6.0,40,1,100
0,0,0,0,-999,0,0,0,0,0,0,0,0,8.0,6.0,40,1,150
0,0,0,0,-999,0,0,0,0,0,0,0,0,8.0,6.0,40,1,200
0,0,0,0,-999,0,0,0,0,0,0,0,0,8.0,6.0,40,1,300
0,0,0,0,-999,0,0,0,0,0,0,0,0,8.0,6.0,40,1,500
0,0,0,0,-999,0,0,0,0,0,0,0,0,8.0,6.0,40,1,1000
0,0,0,0,-999,0,0,0,0,0,0,0,0,8.0,6.0,40,2,100
0,0,0,0,-999,0,0,0,0,0,0,0,0,8.0,6.0,40,2,150
0,0,0,0,-999,0,0,0,0,0,0,0,0,8.0,6.0,40,2,200
0,0,0,0,-999,0,0,0,0,0,0,0,0,8.0,6.0,40,2,300
0,0,0,0,-999,0,0,0,0,0,0,0,0,8.0,6.0,40,2,500
0,0,0,0,-999,0,0,0,0,0,0,0,0,8.0,6.0,40,2,1000
0,0,0,0,-999,0,0,0,0,0,0,0,0,8.0,6.0,40,3,100
0,0,0,0,-999,0,0,0,0,0,0,0,0,8.0,6.0,40,3,150
0,0,0,0,-999,0,0,0,0,0,0,0,0,8.0,6.0,40,3,200
0,0,0,0,-999,0,0,0,0,0,0,0,0,8.0,6.0,40,3,300
0,0,0,0,-999,0,0,0,0,0,0,0,0,8.0,6.0,40,3,500
0,0,0,0,-999,0,0,0,0,0,0,0,0,8.0,6.0,40,3,1000
0,0,0,0,-999,0,0,0,0,0,0,0,0,8.0,6.0,40,4,100
0,0,0,0,-999,0,0,0,0,0,0,0,0,8.0,6.0,40,4,150
0,0,0,0,-999,0,0,0,0,0,0,0,0,8.0,6.0,40,4,200
0,0,0,0,-999,0,0,0,0,0,0,0,0,8.0,6.0,40,4,300
0,0,0,0,-999,0,0,0,0,0,0,0,0,8.0,6.0,40,4,500
0,0,0,0,-999,0,0,0,0,0,0,0,0,8.0,6.0,40,4,1000
0,0,0,0,-999,0,0,0,0,0,0,0,0,8.0,6.0,40,5,100
0,0,0,0,-999,0,0,0,0,0,0,0,0,8.0,6.0,40,5,150
0,0,0,0,-999,0,0,0,0,0,0,0,0,8.0,6.0,40,5,200
0,0,0,0,-999,0,0,0,0,0,0,0,0,8.0,6.0,40,5,300
0,0,0,0,-999,0,0,0,0,0,0,0,0,8.0,6.0,40,5,500
0,0,0,0,-999,0,0,0,0,0,0,0,0,8.0,6.0,40,5,1000
0,0,0,0,-999,0,0,0,0,0,0,0,0,8.0,6.0,40,7,100
0,0,0,0,-999,0,0,0,0,0,0,0,0,8.0,6.0,40,7,150
0,0,0,0,-999,0,0,0,0,0,0,0,0,8.0,6.0,40,7,200
0,0,0,0,-999,0,0,0,0,0,0,0,0,8.0,6.0,40,7,300
0,0,0,0,-999,0,0,0,0,0,0,0,0,8.0,6.0,40,7,500
0,0,0,0,-999,0,0,0,0,0,0,0,0,8.0,6.0,40,7,1000
0,0,0,0,-999,0,0,0,0,0,0,0,0,10.0,2.0,40,1,100
0,0,0,0,-999,0,0,0,0,0,0,0,0,10.0,2.0,40,1,150
0,0,0,0,-999,0,0,0,0,0,0,0,0,10.0,2.0,40,1,200
0,0,0,0,-999,0,0,0,0,0,0,0,0,10.0,2.0,40,1,300
0,0,0,0,-999,0,0,0,0,0,0,0,0,10.0,2.0,40,1,500
0,0,0,0,-999,0,0,0,0,0,0,0,0,10.0,2.0,40,1,1000
0,0,0,0,-999,0,0,0,0,0,0,0,0,10.0,2.0,40,2,100
0,0,0,0,-999,0,0,0,0,0,0,0,0,10.0,2.0,40,2,150
0,0,0,0,-999,0,0,0,0,0,0,0,0,10.0,2.0,40,2,200
0,0,0,0,-999,0,0,0,0,0,0,0,0,10.0,2.0,40,2,300
0,0,0,0,-999,0,0,0,0,0,0,0,0,10.0,2.0,40,2,500
0,0,0,0,-999,0,0,0,0,0,0,0,0,10.0,2.0,40,2,1000
0,0,0,0,-999,0,0,0,0,0,0,0,0,10.0,2.0,40,3,100
0,0,0,0,-999,0,0,0,0,0,0,0,0,10.0,2.0,40,3,150
0,0,0,0,-999,0,0,0,0,0,0,0,0,10.0,2.0,40,3,200
0,0,0,0,-999,0,0,0,0,0,0,0,0,10.0,2.0,40,3,300
0,0,0,0,-999,0,0,0,0,0,0,0,0,10.0,2.0,40,3,500
0,0,0,0,-999,0,0,0,0,0,0,0,0,10.0,2.0,40,3,1000
0,0,0,0,-999,0,0,0,0,0,0,0,0,10.0,2.0,40,4,100
0,0,0,0,-999,0,0,0,0,0,0,0,0,10.0,2.0,40,4,150
0,0,0,0,-999,0,0,0,0,0,0,0,0,10.0,2.0,40,4,200
0,0,0,0,-999,0,0,0,0,0,0,0,0,10.0,2.0,40,4,300
0,0,0,0,-999,0,0,0,0,0,0,0,0,10.0,2.0,40,4,500
0,0,0,0,-999,0,0,0,0,0,0,0,0,10.0,2.0,40,4,1000
0,0,0,0,-999,0,0,0,0,0,0,0,0,10.0,2.0,40,5,100
0,0,0,0,-999,0,0,0,0,0,0,0,0,10.0,2.0,40,5,150
0,0,0,0,-999,0,0,0,0,0,0,0,0,10.0,2.0,40,5,200
0,0,0,0,-999,0,0,0,0,0,0,0,0,10.0,2.0,40,5,300
0,0,0,0,-999,0,0,0,0,0,0,0,0,10.0,2.0,40,5,500
0,0,0,0,-999,0,0,0,0,0,0,0,0,10.0,2.0,40,5,1000
0,0,0,0,-999,0,0,0,0,0,0,0,0,10.0,2.0,40,7,100
0,0,0,0,-999,0,0,0,0,0,0,0,0,10.0,2.0,40,7,150
0,0,0,0,-999,0,0,0,0,0,0,0,0,10.0,2.0,40,7,200
0,0,0,0,-999,0,0,0,0,0,0,0,0,10.0,2.0,40,7,300
0,0,0,0,-999,0,0,0,0,0,0,0,0,10.0,2.0,40,7,500
0,0,0,0,-999,0,0,0,0,0,0,0,0,10.0,2.0,40,7,1000
0,0,0,0,-999,0,0,0,0,0,0,0,0,10.0,3.0,40,1,100
0,0,0,0,-999,0,0,0,0,0,0,0,0,10.0,3.0,40,1,150
0,0,0,0,-999,0,0,0,0,0,0,0,0,10.0,3.0,40,1,200
0,0,0,0,-999,0,0,0,0,0,0,0,0,10.0,3.0,40,1,300
0,0,0,0,-999,0,0,0,0,0,0,0,0,10.0,3.0,40,1,500
0,0,0,0,-999,0,0,0,0,0,0,0,0,10.0,3.0,40,1,1000
0,0,0,0,-999,0,0,0,0,0,0,0,0,10.0,3.0,40,2,100
0,0,0,0,-999,0,0,0,0,0,0,0,0,10.0,3.0,40,2,150
0,0,0,0,-999,0,0,0,0,0,0,0,0,10.0,3.0,40,2,200
0,0,0,0,-999,0,0,0,0,0,0,0,0,10.0,3.0,40,2,300
0,0,0,0,-999,0,0,0,0,0,0,0,0,10.0,3.0,40,2,500
0,0,0,0,-999,0,0,0,0,0,0,0,0,10.0,3.0,40,2,1000
0,0,0,0,-999,0,0,0,0,0,0,0,0,10.0,3.0,40,3,100
0,0,0,0,-999,0,0,0,0,0,0,0,0,10.0,3.0,40,3,150
0,0,0,0,-999,0,0,0,0,0,0,0,0,10.0,3.0,40,3,200
0,0,0,0,-999,0,0,0,0,0,0,0,0,10.0,3.0,40,3,300
0,0,0,0,-999,0,0,0,0,0,0,0,0,10.0,3.0,40,3,500
0,0,0,0,-999,0,0,0,0,0,0,0,0,10.0,3.0,40,3,1000
0,0,0,0,-999,0,0,0,0,0,0,0,0,10.0,3.0,40,4,100
0,0,0,0,-999,0,0,0,0,0,0,0,0,10.0,3.0,40,4,150
0,0,0,0,-999,0,0,0,0,0,0,0,0,10.0,3.0,40,4,200
0,0,0,0,-999,0,0,0,0,0,0,0,0,10.0,3.0,40,4,300
0,0,0,0,-999,0,0,0,0,0,0,0,0,10.0,3.0,40,4,500
0,0,0,0,-999,0,0,0,0,0,0,0,0,10.0,3.0,40,4,1000
0,0,0,0,-999,0,0,0,0,0,0,0,0,10.0,3.0,40,5,100
0,0,0,0,-999,0,0,0,0,0,0,0,0,10.0,3.0,40,5,150
0,0,0,0,-999,0,0,0,0,0,0,0,0,10.0,3.0,40,5,200
0,0,0,0,-999,0,0,0,0,0,0,0,0,10.0,3.0,40,5,300
0,0,0,0,-999,0,0,0,0,0,0,0,0,10.0,3.0,40,5,500
0,0,0,0,-999,0,0,0,0,0,0,0,0,10.0,3.0,40,5,1000
0,0,0,0,-999,0,0,0,0,0,0,0,0,10.0,3.0,40,7,100
0,0,0,0,-999,0,0,0,0,0,0,0,0,10.0,3.0,40,7,150
0,0,0,0,-999,0,0,0,0,0,0,0,0,10.0,3.0,40,7,200
0,0,0,0,-999,0,0,0,0,0,0,0,0,10.0,3.0,40,7,300
0,0,0,0,-999,0,0,0,0,0,0,0,0,10.0,3.0,40,7,500
0,0,0,0,-999,0,0,0,0,0,0,0,0,10.0,3.0,40,7,1000
0,0,0,0,-999,0,0,0,0,0,0,0,0,10.0,4.0,40,1,100
0,0,0,0,-999,0,0,0,0,0,0,0,0,10.0,4.0,40,1,150
0,0,0,0,-999,0,0,0,0,0,0,0,0,10.0,4.0,40,1,200
0,0,0,0,-999,0,0,0,0,0,0,0,0,10.0,4.0,40,1,300
0,0,0,0,-999,0,0,0,0,0,0,0,0,10.0,4.0,40,1,500
0,0,0,0,-999,0,0,0,0,0,0,0,0,10.0,4.0,40,1,1000
0,0,0,0,-999,0,0,0,0,0,0,0,0,10.0,4.0,40,2,100
0,0,0,0,-999,0,0,0,0,0,0,0,0,10.0,4.0,40,2,150
0,0,0,0,-999,0,0,0,0,0,0,0,0,10.0,4.0,40,2,200
0,0,0,0,-999,0,0,0,0,0,0,0,0,10.0,4.0,40,2,300
0,0,0,0,-999,0,0,0,0,0,0,0,0,10.0,4.0,40,2,500
0,0,0,0,-999,0,0,0,0,0,0,0,0,10.0,4.0,40,2,1000
0,0,0,0,-999,0,0,0,0,0,0,0,0,10.0,4.0,40,3,100
0,0,0,0,-999,0,0,0,0,0,0,0,0,10.0,4.0,40,3,150
0,0,0,0,-999,0,0,0,0,0,0,0,0,10.0,4.0,40,3,200
0,0,0,0,-999,0,0,0,0,0,0,0,0,10.0,4.0,40,3,300
0,0,0,0,-999,0,0,0,0,0,0,0,0,10.0,4.0,40,3,500
0,0,0,0,-999,0,0,0,0,0,0,0,0,10.0,4.0,40,3,1000
0,0,0,0,-999,0,0,0,0,0,0,0,0,10.0,4.0,40,4,100
0,0,0,0,-999,0,0,0,0,0,0,0,0,10.0,4.0,40,4,150
0,0,0,0,-999,0,0,0,0,0,0,0,0,10.0,4.0,40,4,200
0,0,0,0,-999,0,0,0,0,0,0,0,0,10.0,4.0,40,4,300
0,0,0,0,-999,0,0,0,0,0,0,0,0,10.0,4.0,40,4,500
0,0,0,0,-999,0,0,0,0,0,0,0,0,10.0,4.0,40,4,1000
0,0,0,0,-999,0,0,0,0,0,0,0,0,10.0,4.0,40,5,100
0,0,0,0,-999,0,0,0,0,0,0,0,0,10.0,4.0,40,5,150
0,0,0,0,-999,0,0,0,0,0,0,0,0,10.0,4.0,40,5,200
0,0,0,0,-999,0,0,0,0,0,0,0,0,10.0,4.0,40,5,300
0,0,0,0,-999,0,0,0,0,0,0,0,0,10.0,4.0,40,5,500
0,0,0,0,-999,0,0,0,0,0,0,0,0,10.0,4.0,40,5,1000
0,0,0,0,-999,0,0,0,0,0,0,0,0,10.0,4.0,40,7,100
0,0,0,0,-999,0,0,0,0,0,0,0,0,10.0,4.0,40,7,150
0,0,0,0,-999,0,0,0,0,0,0,0,0,10.0,4.0,40,7,200
0,0,0,0,-999,0,0,0,0,0,0,0,0,10.0,4.0,40,7,300
0,0,0,0,-999,0,0,0,0,0,0,0,0,10.0,4.0,40,7,500
0,0,0,0,-999,0,0,0,0,0,0,0,0,10.0,4.0,40,7,1000
0,0,0,0,-999,0,0,0,0,0,0,0,0,10.0,5.0,40,1,100
0,0,0,0,-999,0,0,0,0,0,0,0,0,10.0,5.0,40,1,150
0,0,0,0,-999,0,0,0,0,0,0,0,0,10.0,5.0,40,1,200
0,0,0,0,-999,0,0,0,0,0,0,0,0,10.0,5.0,40,1,300
0,0,0,0,-999,0,0,0,0,0,0,0,0,10.0,5.0,40,1,500
0,0,0,0,-999,0,0,0,0,0,0,0,0,10.0,5.0,40,1,1000
0,0,0,0,-999,0,0,0,0,0,0,0,0,10.0,5.0,40,2,100
0,0,0,0,-999,0,0,0,0,0,0,0,0,10.0,5.0,40,2,150
0,0,0,0,-999,0,0,0,0,0,0,0,0,10.0,5.0,40,2,200
0,0,0,0,-999,0,0,0,0,0,0,0,0,10.0,5.0,40,2,300
0,0,0,0,-999,0,0,0,0,0,0,0,0,10.0,5.0,40,2,500
0,0,0,0,-999,0,0,0,0,0,0,0,0,10.0,5.0,40,2,1000
0,0,0,0,-999,0,0,0,0,0,0,0,0,10.0,5.0,40,3,100
0,0,0,0,-999,0,0,0,0,0,0,0,0,10.0,5.0,40,3,150
0,0,0,0,-999,0,0,0,0,0,0,0,0,10.0,5.0,40,3,200
0,0,0,0,-999,0,0,0,0,0,0,0,0,10.0,5.0,40,3,300
0,0,0,0,-999,0,0,0,0,0,0,0,0,10.0,5.0,40,3,500
0,0,0,0,-999,0,0,0,0,0,0,0,0,10.0,5.0,40,3,1000
0,0,0,0,-999,0,0,0,0,0,0,0,0,10.0,5.0,40,4,100
0,0,0,0,-999,0,0,0,0,0,0,0,0,10.0,5.0,40,4,150
0,0,0,0,-999,0,0,0,0,0,0,0,0,10.0,5.0,40,4,200
0,0,0,0,-999,0,0,0,0,0,0,0,0,10.0,5.0,40,4,300
0,0,0,0,-999,0,0,0,0,0,0,0,0,10.0,5.0,40,4,500
0,0,0,0,-999,0,0,0,0,0,0,0,0,10.0,5.0,40,4,1000
0,0,0,0,-999,0,0,0,0,0,0,0,0,10.0,5.0,40,5,100
0,0,0,0,-999,0,0,0,0,0,0,0,0,10.0,5.0,40,5,150
0,0,0,0,-999,0,0,0,0,0,0,0,0,10.0,5.0,40,5,200
0,0,0,0,-999,0,0,0,0,0,0,0,0,10.0,5.0,40,5,300
0,0,0,0,-999,0,0,0,0,0,0,0,0,10.0,5.0,40,5,500
0,0,0,0,-999,0,0,0,0,0,0,0,0,10.0,5.0,40,5,1000
0,0,0,0,-999,0,0,0,0,0,0,0,0,10.0,5.0,40,7,100
0,0,0,0,-999,0,0,0,0,0,0,0,0,10.0,5.0,40,7,150
0,0,0,0,-999,0,0,0,0,0,0,0,0,10.0,5.0,40,7,200
0,0,0,0,-999,0,0,0,0,0,0,0,0,10.0,5.0,40,7,300
0,0,0,0,-999,0,0,0,0,0,0,0,0,10.0,5.0,40,7,500
0,0,0,0,-999,0,0,0,0,0,0,0,0,10.0,5.0,40,7,1000
0,0,0,0,-999,0,0,0,0,0,0,0,0,10.0,6.0,40,1,100
0,0,0,0,-999,0,0,0,0,0,0,0,0,10.0,6.0,40,1,150
0,0,0,0,-999,0,0,0,0,0,0,0,0,10.0,6.0,40,1,200
0,0,0,0,-999,0,0,0,0,0,0,0,0,10.0,6.0,40,1,300
0,0,0,0,-999,0,0,0,0,0,0,0,0,10.0,6.0,40,1,500
0,0,0,0,-999,0,0,0,0,0,0,0,0,10.0,6.0,40,1,1000
0,0,0,0,-999,0,0,0,0,0,0,0,0,10.0,6.0,40,2,100
0,0,0,0,-999,0,0,0,0,0,0,0,0,10.0,6.0,40,2,150
0,0,0,0,-999,0,0,0,0,0,0,0,0,10.0,6.0,40,2,200
0,0,0,0,-999,0,0,0,0,0,0,0,0,10.0,6.0,40,2,300
0,0,0,0,-999,0,0,0,0,0,0,0,0,10.0,6.0,40,2,500
0,0,0,0,-999,0,0,0,0,0,0,0,0,10.0,6.0,40,2,1000
0,0,0,0,-999,0,0,0,0,0,0,0,0,10.0,6.0,40,3,100
0,0,0,0,-999,0,0,0,0,0,0,0,0,10.0,6.0,40,3,150
0,0,0,0,-999,0,0,0,0,0,0,0,0,10.0,6.0,40,3,200
0,0,0,0,-999,0,0,0,0,0,0,0,0,10.0,6.0,40,3,300
0,0,0,0,-999,0,0,0,0,0,0,0,0,10.0,6.0,40,3,500
0,0,0,0,-999,0,0,0,0,0,0,0,0,10.0,6.0,40,3,1000
0,0,0,0,-999,0,0,0,0,0,0,0,0,10.0,6.0,40,4,100
0,0,0,0,-999,0,0,0,0,0,0,0,0,10.0,6.0,40,4,150
0,0,0,0,-999,0,0,0,0,0,0,0,0,10.0,6.0,40,4,200
0,0,0,0,-999,0,0,0,0,0,0,0,0,10.0,6.0,40,4,300
0,0,0,0,-999,0,0,0,0,0,0,0,0,10.0,6.0,40,4,500
0,0,0,0,-999,0,0,0,0,0,0,0,0,10.0,6.0,40,4,1000
0,0,0,0,-999,0,0,0,0,0,0,0,0,10.0,6.0,40,5,100
0,0,0,0,-999,0,0,0,0,0,0,0,0,10.0,6.0,40,5,150
0,0,0,0,-999,0,0,0,0,0,0,0,0,10.0,6.0,40,5,200
0,0,0,0,-999,0,0,0,0,0,0,0,0,10.0,6.0,40,5,300
0,0,0,0,-999,0,0,0,0,0,0,0,0,10.0,6.0,40,5,500
0,0,0,0,-999,0,0,0,0,0,0,0,0,10.0,6.0,40,5,1000
0,0,0,0,-999,0,0,0,0,0,0,0,0,10.0,6.0,40,7,100
0,0,0,0,-999,0,0,0,0,0,0,0,0,10.0,6.0,40,7,150
0,0,0,0,-999,0,0,0,0,0,0,0,0,10.0,6.0,40,7,200
0,0,0,0,-999,0,0,0,0,0,0,0,0,10.0,6.0,40,7,300
0,0,0,0,-999,0,0,0,0,0,0,0,0,10.0,6.0,40,7,500
0,0,0,0,-999,0,0,0,0,0,0,0,0,10.0,6.0,40,7,1000
0,0,0,0,-999,0,0,0,0,0,0,0,0,12.0,2.0,40,1,100
0,0,0,0,-999,0,0,0,0,0,0,0,0,12.0,2.0,40,1,150
0,0,0,0,-999,0,0,0,0,0,0,0,0,12.0,2.0,40,1,200
0,0,0,0,-999,0,0,0,0,0,0,0,0,12.0,2.0,40,1,300
0,0,0,0,-999,0,0,0,0,0,0,0,0,12.0,2.0,40,1,500
0,0,0,0,-999,0,0,0,0,0,0,0,0,12.0,2.0,40,1,1000
0,0,0,0,-999,0,0,0,0,0,0,0,0,12.0,2.0,40,2,100
0,0,0,0,-999,0,0,0,0,0,0,0,0,12.0,2.0,40,2,150
0,0,0,0,-999,0,0,0,0,0,0,0,0,12.0,2.0,40,2,200
0,0,0,0,-999,0,0,0,0,0,0,0,0,12.0,2.0,40,2,300
0,0,0,0,-999,0,0,0,0,0,0,0,0,12.0,2.0,40,2,500
0,0,0,0,-999,0,0,0,0,0,0,0,0,12.0,2.0,40,2,1000
0,0,0,0,-999,0,0,0,0,0,0,0,0,12.0,2.0,40,3,100
0,0,0,0,-999,0,0,0,0,0,0,0,0,12.0,2.0,40,3,150
0,0,0,0,-999,0,0,0,0,0,0,0,0,12.0,2.0,40,3,200
0,0,0,0,-999,0,0,0,0,0,0,0,0,12.0,2.0,40,3,300
0,0,0,0,-999,0,0,0,0,0,0,0,0,12.0,2.0,40,3,500
0,0,0,0,-999,0,0,0,0,0,0,0,0,12.0,2.0,40,3,1000
0,0,0,0,-999,0,0,0,0,0,0,0,0,12.0,2.0,40,4,100
0,0,0,0,-999,0,0,0,0,0,0,0,0,12.0,2.0,40,4,150
0,0,0,0,-999,0,0,0,0,0,0,0,0,12.0,2.0,40,4,200
0,0,0,0,-999,0,0,0,0,0,0,0,0,12.0,2.0,40,4,300
0,0,0,0,-999,0,0,0,0,0,0,0,0,12.0,2.0,40,4,500
0,0,0,0,-999,0,0,0,0,0,0,0,0,12.0,2.0,40,4,1000
0,0,0,0,-999,0,0,0,0,0,0,0,0,12.0,2.0,40,5,100
0,0,0,0,-999,0,0,0,0,0,0,0,0,12.0,2.0,40,5,150
0,0,0,0,-999,0,0,0,0,0,0,0,0,12.0,2.0,40,5,200
0,0,0,0,-999,0,0,0,0,0,0,0,0,12.0,2.0,40,5,300
0,0,0,0,-999,0,0,0,0,0,0,0,0,12.0,2.0,40,5,500
0,0,0,0,-999,0,0,0,0,0,0,0,0,12.0,2.0,40,5,1000
0,0,0,0,-999,0,0,0,0,0,0,0,0,12.0,2.0,40,7,100
0,0,0,0,-999,0,0,0,0,0,0,0,0,12.0,2.0,40,7,150
0,0,0,0,-999,0,0,0,0,0,0,0,0,12.0,2.0,40,7,200
0,0,0,0,-999,0,0,0,0,0,0,0,0,12.0,2.0,40,7,300
0,0,0,0,-999,0,0,0,0,0,0,0,0,12.0,2.0,40,7,500
0,0,0,0,-999,0,0,0,0,0,0,0,0,12.0,2.0,40,7,1000
0,0,0,0,-999,0,0,0,0,0,0,0,0,12.0,3.0,40,1,100
0,0,0,0,-999,0,0,0,0,0,0,0,0,12.0,3.0,40,1,150
0,0,0,0,-999,0,0,0,0,0,0,0,0,12.0,3.0,40,1,200
0,0,0,0,-999,0,0,0,0,0,0,0,0,12.0,3.0,40,1,300
0,0,0,0,-999,0,0,0,0,0,0,0,0,12.0,3.0,40,1,500
0,0,0,0,-999,0,0,0,0,0,0,0,0,12.0,3.0,40,1,1000
0,0,0,0,-999,0,0,0,0,0,0,0,0,12.0,3.0,40,2,100
0,0,0,0,-999,0,0,0,0,0,0,0,0,12.0,3.0,40,2,150
0,0,0,0,-999,0,0,0,0,0,0,0,0,12.0,3.0,40,2,200
0,0,0,0,-999,0,0,0,0,0,0,0,0,12.0,3.0,40,2,300
0,0,0,0,-999,0,0,0,0,0,0,0,0,12.0,3.0,40,2,500
0,0,0,0,-999,0,0,0,0,0,0,0,0,12.0,3.0,40,2,1000
0,0,0,0,-999,0,0,0,0,0,0,0,0,12.0,3.0,40,3,100
0,0,0,0,-999,0,0,0,0,0,0,0,0,12.0,3.0,40,3,150
0,0,0,0,-999,0,0,0,0,0,0,0,0,12.0,3.0,40,3,200
0,0,0,0,-999,0,0,0,0,0,0,0,0,12.0,3.0,40,3,300
0,0,0,0,-999,0,0,0,0,0,0,0,0,12.0,3.0,40,3,500
0,0,0,0,-999,0,0,0,0,0,0,0,0,12.0,3.0,40,3,1000
0,0,0,0,-999,0,0,0,0,0,0,0,0,12.0,3.0,40,4,100
0,0,0,0,-999,0,0,0,0,0,0,0,0,12.0,3.0,40,4,150
0,0,0,0,-999,0,0,0,0,0,0,0,0,12.0,3.0,40,4,200
0,0,0,0,-999,0,0,0,0,0,0,0,0,12.0,3.0,40,4,300
0,0,0,0,-999,0,0,0,0,0,0,0,0,12.0,3.0,40,4,500
0,0,0,0,-999,0,0,0,0,0,0,0,0,12.0,3.0,40,4,1000
0,0,0,0,-999,0,0,0,0,0,0,0,0,12.0,3.0,40,5,100
0,0,0,0,-999,0,0,0,0,0,0,0,0,12.0,3.0,40,5,150
0,0,0,0,-999,0,0,0,0,0,0,0,0,12.0,3.0,40,5,200
0,0,0,0,-999,0,0,0,0,0,0,0,0,12.0,3.0,40,5,300
0,0,0,0,-999,0,0,0,0,0,0,0,0,12.0,3.0,40,5,500
0,0,0,0,-999,0,0,0,0,0,0,0,0,12.0,3.0,40,5,1000
0,0,0,0,-999,0,0,0,0,0,0,0,0,12.0,3.0,40,7,100
0,0,0,0,-999,0,0,0,0,0,0,0,0,12.0,3.0,40,7,150
0,0,0,0,-999,0,0,0,0,0,0,0,0,12.0,3.0,40,7,200
0,0,0,0,-999,0,0,0,0,0,0,0,0,12.0,3.0,40,7,300
0,0,0,0,-999,0,0,0,0,0,0,0,0,12.0,3.0,40,7,500
0,0,0,0,-999,0,0,0,0,0,0,0,0,12.0,3.0,40,7,1000
0,0,0,0,-999,0,0,0,0,0,0,0,0,12.0,4.0,40,1,100
0,0,0,0,-999,0,0,0,0,0,0,0,0,12.0,4.0,40,1,150
0,0,0,0,-999,0,0,0,0,0,0,0,0,12.0,4.0,40,1,200
0,0,0,0,-999,0,0,0,0,0,0,0,0,12.0,4.0,40,1,300
0,0,0,0,-999,0,0,0,0,0,0,0,0,12.0,4.0,40,1,500
0,0,0,0,-999,0,0,0,0,0,0,0,0,12.0,4.0,40,1,1000
0,0,0,0,-999,0,0,0,0,0,0,0,0,12.0,4.0,40,2,100
0,0,0,0,-999,0,0,0,0,0,0,0,0,12.0,4.0,40,2,150
0,0,0,0,-999,0,0,0,0,0,0,0,0,12.0,4.0,40,2,200
0,0,0,0,-999,0,0,0,0,0,0,0,0,12.0,4.0,40,2,300
0,0,0,0,-999,0,0,0,0,0,0,0,0,12.0,4.0,40,2,500
0,0,0,0,-999,0,0,0,0,0,0,0,0,12.0,4.0,40,2,1000
0,0,0,0,-999,0,0,0,0,0,0,0,0,12.0,4.0,40,3,100
0,0,0,0,-999,0,0,0,0,0,0,0,0,12.0,4.0,40,3,150
0,0,0,0,-999,0,0,0,0,0,0,0,0,12.0,4.0,40,3,200
0,0,0,0,-999,0,0,0,0,0,0,0,0,12.0,4.0,40,3,300
0,0,0,0,-999,0,0,0,0,0,0,0,0,12.0,4.0,40,3,500
0,0,0,0,-999,0,0,0,0,0,0,0,0,12.0,4.0,40,3,1000
0,0,0,0,-999,0,0,0,0,0,0,0,0,12.0,4.0,40,4,100
0,0,0,0,-999,0,0,0,0,0,0,0,0,12.0,4.0,40,4,150
0,0,0,0,-999,0,0,0,0,0,0,0,0,12.0,4.0,40,4,200
0,0,0,0,-999,0,0,0,0,0,0,0,0,12.0,4.0,40,4,300
0,0,0,0,-999,0,0,0,0,0,0,0,0,12.0,4.0,40,4,500
0,0,0,0,-999,0,0,0,0,0,0,0,0,12.0,4.0,40,4,1000
0,0,0,0,-999,0,0,0,0,0,0,0,0,12.0,4.0,40,5,100
0,0,0,0,-999,0,0,0,0,0,0,0,0,12.0,4.0,40,5,150
0,0,0,0,-999,0,0,0,0,0,0,0,0,12.0,4.0,40,5,200
0,0,0,0,-999,0,0,0,0,0,0,0,0,12.0,4.0,40,5,300
0,0,0,0,-999,0,0,0,0,0,0,0,0,12.0,4.0,40,5,500
0,0,0,0,-999,0,0,0,0,0,0,0,0,12.0,4.0,40,5,1000
0,0,0,0,-999,0,0,0,0,0,0,0,0,12.0,4.0,40,7,100
0,0,0,0,-999,0,0,0,0,0,0,0,0,12.0,4.0,40,7,150
0,0,0,0,-999,0,0,0,0,0,0,0,0,12.0,4.0,40,7,200
0,0,0,0,-999,0,0,0,0,0,0,0,0,12.0,4.0,40,7,300
0,0,0,0,-999,0,0,0,0,0,0,0,0,12.0,4.0,40,7,500
0,0,0,0,-999,0,0,0,0,0,0,0,0,12.0,4.0,40,7,1000
0,0,0,0,-999,0,0,0,0,0,0,0,0,12.0,5.0,40,1,100
0,0,0,0,-999,0,0,0,0,0,0,0,0,12.0,5.0,40,1,150
0,0,0,0,-999,0,0,0,0,0,0,0,0,12.0,5.0,40,1,200
0,0,0,0,-999,0,0,0,0,0,0,0,0,12.0,5.0,40,1,300
0,0,0,0,-999,0,0,0,0,0,0,0,0,12.0,5.0,40,1,500
0,0,0,0,-999,0,0,0,0,0,0,0,0,12.0,5.0,40,1,1000
0,0,0,0,-999,0,0,0,0,0,0,0,0,12.0,5.0,40,2,100
0,0,0,0,-999,0,0,0,0,0,0,0,0,12.0,5.0,40,2,150
0,0,0,0,-999,0,0,0,0,0,0,0,0,12.0,5.0,40,2,200
0,0,0,0,-999,0,0,0,0,0,0,0,0,12.0,5.0,40,2,300
0,0,0,0,-999,0,0,0,0,0,0,0,0,12.0,5.0,40,2,500
0,0,0,0,-999,0,0,0,0,0,0,0,0,12.0,5.0,40,2,1000
0,0,0,0,-999,0,0,0,0,0,0,0,0,12.0,5.0,40,3,100
0,0,0,0,-999,0,0,0,0,0,0,0,0,12.0,5.0,40,3,150
0,0,0,0,-999,0,0,0,0,0,0,0,0,12.0,5.0,40,3,200
0,0,0,0,-999,0,0,0,0,0,0,0,0,12.0,5.0,40,3,300
0,0,0,0,-999,0,0,0,0,0,0,0,0,12.0,5.0,40,3,500
0,0,0,0,-999,0,0,0,0,0,0,0,0,12.0,5.0,40,3,1000
0,0,0,0,-999,0,0,0,0,0,0,0,0,12.0,5.0,40,4,100
0,0,0,0,-999,0,0,0,0,0,0,0,0,12.0,5.0,40,4,150
0,0,0,0,-999,0,0,0,0,0,0,0,0,12.0,5.0,40,4,200
0,0,0,0,-999,0,0,0,0,0,0,0,0,12.0,5.0,40,4,300
0,0,0,0,-999,0,0,0,0,0,0,0,0,12.0,5.0,40,4,500
0,0,0,0,-999,0,0,0,0,0,0,0,0,12.0,5.0,40,4,1000
0,0,0,0,-999,0,0,0,0,0,0,0,0,12.0,5.0,40,5,100
0,0,0,0,-999,0,0,0,0,0,0,0,0,12.0,5.0,40,5,150
0,0,0,0,-999,0,0,0,0,0,0,0,0,12.0,5.0,40,5,200
0,0,0,0,-999,0,0,0,0,0,0,0,0,12.0,5.0,40,5,300
0,0,0,0,-999,0,0,0,0,0,0,0,0,12.0,5.0,40,5,500
0,0,0,0,-999,0,0,0,0,0,0,0,0,12.0,5.0,40,5,1000
0,0,0,0,-999,0,0,0,0,0,0,0,0,12.0,5.0,40,7,100
0,0,0,0,-999,0,0,0,0,0,0,0,0,12.0,5.0,40,7,150
0,0,0,0,-999,0,0,0,0,0,0,0,0,12.0,5.0,40,7,200
0,0,0,0,-999,0,0,0,0,0,0,0,0,12.0,5.0,40,7,300
0,0,0,0,-999,0,0,0,0,0,0,0,0,12.0,5.0,40,7,500
0,0,0,0,-999,0,0,0,0,0,0,0,0,12.0,5.0,40,7,1000
0,0,0,0,-999,0,0,0,0,0,0,0,0,12.0,6.0,40,1,100
0,0,0,0,-999,0,0,0,0,0,0,0,0,12.0,6.0,40,1,150
0,0,0,0,-999,0,0,0,0,0,0,0,0,12.0,6.0,40,1,200
0,0,0,0,-999,0,0,0,0,0,0,0,0,12.0,6.0,40,1,300
0,0,0,0,-999,0,0,0,0,0,0,0,0,12.0,6.0,40,1,500
0,0,0,0,-999,0,0,0,0,0,0,0,0,12.0,6.0,40,1,1000
0,0,0,0,-999,0,0,0,0,0,0,0,0,12.0,6.0,40,2,100
0,0,0,0,-999,0,0,0,0,0,0,0,0,12.0,6.0,40,2,150
0,0,0,0,-999,0,0,0,0,0,0,0,0,12.0,6.0,40,2,200
0,0,0,0,-999,0,0,0,0,0,0,0,0,12.0,6.0,40,2,300
0,0,0,0,-999,0,0,0,0,0,0,0,0,12.0,6.0,40,2,500
0,0,0,0,-999,0,0,0,0,0,0,0,0,12.0,6.0,40,2,1000
0,0,0,0,-999,0,0,0,0,0,0,0,0,12.0,6.0,40,3,100
0,0,0,0,-999,0,0,0,0,0,0,0,0,12.0,6.0,40,3,150
0,0,0,0,-999,0,0,0,0,0,0,0,0,12.0,6.0,40,3,200
0,0,0,0,-999,0,0,0,0,0,0,0,0,12.0,6.0,40,3,300
0,0,0,0,-999,0,0,0,0,0,0,0,0,12.0,6.0,40,3,500
0,0,0,0,-999,0,0,0,0,0,0,0,0,12.0,6.0,40,3,1000
0,0,0,0,-999,0,0,0,0,0,0,0,0,12.0,6.0,40,4,100
0,0,0,0,-999,0,0,0,0,0,0,0,0,12.0,6.0,40,4,150
0,0,0,0,-999,0,0,0,0,0,0,0,0,12.0,6.0,40,4,200
0,0,0,0,-999,0,0,0,0,0,0,0,0,12.0,6.0,40,4,300
0,0,0,0,-999,0,0,0,0,0,0,0,0,12.0,6.0,40,4,500
0,0,0,0,-999,0,0,0,0,0,0,0,0,12.0,6.0,40,4,1000
0,0,0,0,-999,0,0,0,0,0,0,0,0,12.0,6.0,40,5,100
0,0,0,0,-999,0,0,0,0,0,0,0,0,12.0,6.0,40,5,150
0,0,0,0,-999,0,0,0,0,0,0,0,0,12.0,6.0,40,5,200
0,0,0,0,-999,0,0,0,0,0,0,0,0,12.0,6.0,40,5,300
0,0,0,0,-999,0,0,0,0,0,0,0,0,12.0,6.0,40,5,500
0,0,0,0,-999,0,0,0,0,0,0,0,0,12.0,6.0,40,5,1000
0,0,0,0,-999,0,0,0,0,0,0,0,0,12.0,6.0,40,7,100
0,0,0,0,-999,0,0,0,0,0,0,0,0,12.0,6.0,40,7,150
0,0,0,0,-999,0,0,0,0,0,0,0,0,12.0,6.0,40,7,200
0,0,0,0,-999,0,0,0,0,0,0,0,0,12.0,6.0,40,7,300
0,0,0,0,-999,0,0,0,0,0,0,0,0,12.0,6.0,40,7,500
0,0,0,0,-999,0,0,0,0,0,0,0,0,12.0,6.0,40,7,1000
0,0,0,0,-999,0,0,0,0,0,0,0,0,15.0,2.0,40,1,100
0,0,0,0,-999,0,0,0,0,0,0,0,0,15.0,2.0,40,1,150
0,0,0,0,-999,0,0,0,0,0,0,0,0,15.0,2.0,40,1,200
0,0,0,0,-999,0,0,0,0,0,0,0,0,15.0,2.0,40,1,300
0,0,0,0,-999,0,0,0,0,0,0,0,0,15.0,2.0,40,1,500
0,0,0,0,-999,0,0,0,0,0,0,0,0,15.0,2.0,40,1,1000
0,0,0,0,-999,0,0,0,0,0,0,0,0,15.0,2.0,40,2,100
0,0,0,0,-999,0,0,0,0,0,0,0,0,15.0,2.0,40,2,150
0,0,0,0,-999,0,0,0,0,0,0,0,0,15.0,2.0,40,2,200
0,0,0,0,-999,0,0,0,0,0,0,0,0,15.0,2.0,40,2,300
0,0,0,0,-999,0,0,0,0,0,0,0,0,15.0,2.0,40,2,500
0,0,0,0,-999,0,0,0,0,0,0,0,0,15.0,2.0,40,2,1000
0,0,0,0,-999,0,0,0,0,0,0,0,0,15.0,2.0,40,3,100
0,0,0,0,-999,0,0,0,0,0,0,0,0,15.0,2.0,40,3,150
0,0,0,0,-999,0,0,0,0,0,0,0,0,15.0,2.0,40,3,200
0,0,0,0,-999,0,0,0,0,0,0,0,0,15.0,2.0,40,3,300
0,0,0,0,-999,0,0,0,0,0,0,0,0,15.0,2.0,40,3,500
0,0,0,0,-999,0,0,0,0,0,0,0,0,15.0,2.0,40,3,1000
0,0,0,0,-999,0,0,0,0,0,0,0,0,15.0,2.0,40,4,100
0,0,0,0,-999,0,0,0,0,0,0,0,0,15.0,2.0,40,4,150
0,0,0,0,-999,0,0,0,0,0,0,0,0,15.0,2.0,40,4,200
0,0,0,0,-999,0,0,0,0,0,0,0,0,15.0,2.0,40,4,300
0,0,0,0,-999,0,0,0,0,0,0,0,0,15.0,2.0,40,4,500
0,0,0,0,-999,0,0,0,0,0,0,0,0,15.0,2.0,40,4,1000
0,0,0,0,-999,0,0,0,0,0,0,0,0,15.0,2.0,40,5,100
0,0,0,0,-999,0,0,0,0,0,0,0,0,15.0,2.0,40,5,150
0,0,0,0,-999,0,0,0,0,0,0,0,0,15.0,2.0,40,5,200
0,0,0,0,-999,0,0,0,0,0,0,0,0,15.0,2.0,40,5,300
0,0,0,0,-999,0,0,0,0,0,0,0,0,15.0,2.0,40,5,500
0,0,0,0,-999,0,0,0,0,0,0,0,0,15.0,2.0,40,5,1000
0,0,0,0,-999,0,0,0,0,0,0,0,0,15.0,2.0,40,7,100
0,0,0,0,-999,0,0,0,0,0,0,0,0,15.0,2.0,40,7,150
0,0,0,0,-999,0,0,0,0,0,0,0,0,15.0,2.0,40,7,200
0,0,0,0,-999,0,0,0,0,0,0,0,0,15.0,2.0,40,7,300
0,0,0,0,-999,0,0,0,0,0,0,0,0,15.0,2.0,40,7,500
0,0,0,0,-999,0,0,0,0,0,0,0,0,15.0,2.0,40,7,1000
0,0,0,0,-999,0,0,0,0,0,0,0,0,15.0,3.0,40,1,100
0,0,0,0,-999,0,0,0,0,0,0,0,0,15.0,3.0,40,1,150
0,0,0,0,-999,0,0,0,0,0,0,0,0,15.0,3.0,40,1,200
0,0,0,0,-999,0,0,0,0,0,0,0,0,15.0,3.0,40,1,300
0,0,0,0,-999,0,0,0,0,0,0,0,0,15.0,3.0,40,1,500
0,0,0,0,-999,0,0,0,0,0,0,0,0,15.0,3.0,40,1,1000
0,0,0,0,-999,0,0,0,0,0,0,0,0,15.0,3.0,40,2,100
0,0,0,0,-999,0,0,0,0,0,0,0,0,15.0,3.0,40,2,150
0,0,0,0,-999,0,0,0,0,0,0,0,0,15.0,3.0,40,2,200
0,0,0,0,-999,0,0,0,0,0,0,0,0,15.0,3.0,40,2,300
0,0,0,0,-999,0,0,0,0,0,0,0,0,15.0,3.0,40,2,500
0,0,0,0,-999,0,0,0,0,0,0,0,0,15.0,3.0,40,2,1000
0,0,0,0,-999,0,0,0,0,0,0,0,0,15.0,3.0,40,3,100
0,0,0,0,-999,0,0,0,0,0,0,0,0,15.0,3.0,40,3,150
0,0,0,0,-999,0,0,0,0,0,0,0,0,15.0,3.0,40,3,200
0,0,0,0,-999,0,0,0,0,0,0,0,0,15.0,3.0,40,3,300
0,0,0,0,-999,0,0,0,0,0,0,0,0,15.0,3.0,40,3,500
0,0,0,0,-999,0,0,0,0,0,0,0,0,15.0,3.0,40,3,1000
0,0,0,0,-999,0,0,0,0,0,0,0,0,15.0,3.0,40,4,100
0,0,0,0,-999,0,0,0,0,0,0,0,0,15.0,3.0,40,4,150
0,0,0,0,-999,0,0,0,0,0,0,0,0,15.0,3.0,40,4,200
0,0,0,0,-999,0,0,0,0,0,0,0,0,15.0,3.0,40,4,300
0,0,0,0,-999,0,0,0,0,0,0,0,0,15.0,3.0,40,4,500
0,0,0,0,-999,0,0,0,0,0,0,0,0,15.0,3.0,40,4,1000
0,0,0,0,-999,0,0,0,0,0,0,0,0,15.0,3.0,40,5,100
0,0,0,0,-999,0,0,0,0,0,0,0,0,15.0,3.0,40,5,150
0,0,0,0,-999,0,0,0,0,0,0,0,0,15.0,3.0,40,5,200
0,0,0,0,-999,0,0,0,0,0,0,0,0,15.0,3.0,40,5,300
0,0,0,0,-999,0,0,0,0,0,0,0,0,15.0,3.0,40,5,500
0,0,0,0,-999,0,0,0,0,0,0,0,0,15.0,3.0,40,5,1000
0,0,0,0,-999,0,0,0,0,0,0,0,0,15.0,3.0,40,7,100
0,0,0,0,-999,0,0,0,0,0,0,0,0,15.0,3.0,40,7,150
0,0,0,0,-999,0,0,0,0,0,0,0,0,15.0,3.0,40,7,200
0,0,0,0,-999,0,0,0,0,0,0,0,0,15.0,3.0,40,7,300
0,0,0,0,-999,0,0,0,0,0,0,0,0,15.0,3.0,40,7,500
0,0,0,0,-999,0,0,0,0,0,0,0,0,15.0,3.0,40,7,1000
0,0,0,0,-999,0,0,0,0,0,0,0,0,15.0,4.0,40,1,100
0,0,0,0,-999,0,0,0,0,0,0,0,0,15.0,4.0,40,1,150
0,0,0,0,-999,0,0,0,0,0,0,0,0,15.0,4.0,40,1,200
0,0,0,0,-999,0,0,0,0,0,0,0,0,15.0,4.0,40,1,300
0,0,0,0,-999,0,0,0,0,0,0,0,0,15.0,4.0,40,1,500
0,0,0,0,-999,0,0,0,0,0,0,0,0,15.0,4.0,40,1,1000
0,0,0,0,-999,0,0,0,0,0,0,0,0,15.0,4.0,40,2,100
0,0,0,0,-999,0,0,0,0,0,0,0,0,15.0,4.0,40,2,150
0,0,0,0,-999,0,0,0,0,0,0,0,0,15.0,4.0,40,2,200
0,0,0,0,-999,0,0,0,0,0,0,0,0,15.0,4.0,40,2,300
0,0,0,0,-999,0,0,0,0,0,0,0,0,15.0,4.0,40,2,500
0,0,0,0,-999,0,0,0,0,0,0,0,0,15.0,4.0,40,2,1000
0,0,0,0,-999,0,0,0,0,0,0,0,0,15.0,4.0,40,3,100
0,0,0,0,-999,0,0,0,0,0,0,0,0,15.0,4.0,40,3,150
0,0,0,0,-999,0,0,0,0,0,0,0,0,15.0,4.0,40,3,200
0,0,0,0,-999,0,0,0,0,0,0,0,0,15.0,4.0,40,3,300
0,0,0,0,-999,0,0,0,0,0,0,0,0,15.0,4.0,40,3,500
0,0,0,0,-999,0,0,0,0,0,0,0,0,15.0,4.0,40,3,1000
0,0,0,0,-999,0,0,0,0,0,0,0,0,15.0,4.0,40,4,100
0,0,0,0,-999,0,0,0,0,0,0,0,0,15.0,4.0,40,4,150
0,0,0,0,-999,0,0,0,0,0,0,0,0,15.0,4.0,40,4,200
0,0,0,0,-999,0,0,0,0,0,0,0,0,15.0,4.0,40,4,300
0,0,0,0,-999,0,0,0,0,0,0,0,0,15.0,4.0,40,4,500
0,0,0,0,-999,0,0,0,0,0,0,0,0,15.0,4.0,40,4,1000
0,0,0,0,-999,0,0,0,0,0,0,0,0,15.0,4.0,40,5,100
0,0,0,0,-999,0,0,0,0,0,0,0,0,15.0,4.0,40,5,150
0,0,0,0,-999,0,0,0,0,0,0,0,0,15.0,4.0,40,5,200
0,0,0,0,-999,0,0,0,0,0,0,0,0,15.0,4.0,40,5,300
0,0,0,0,-999,0,0,0,0,0,0,0,0,15.0,4.0,40,5,500
0,0,0,0,-999,0,0,0,0,0,0,0,0,15.0,4.0,40,5,1000
0,0,0,0,-999,0,0,0,0,0,0,0,0,15.0,4.0,40,7,100
0,0,0,0,-999,0,0,0,0,0,0,0,0,15.0,4.0,40,7,150
0,0,0,0,-999,0,0,0,0,0,0,0,0,15.0,4.0,40,7,200
0,0,0,0,-999,0,0,0,0,0,0,0,0,15.0,4.0,40,7,300
0,0,0,0,-999,0,0,0,0,0,0,0,0,15.0,4.0,40,7,500
0,0,0,0,-999,0,0,0,0,0,0,0,0,15.0,4.0,40,7,1000
0,0,0,0,-999,0,0,0,0,0,0,0,0,15.0,5.0,40,1,100
0,0,0,0,-999,0,0,0,0,0,0,0,0,15.0,5.0,40,1,150
0,0,0,0,-999,0,0,0,0,0,0,0,0,15.0,5.0,40,1,200
0,0,0,0,-999,0,0,0,0,0,0,0,0,15.0,5.0,40,1,300
0,0,0,0,-999,0,0,0,0,0,0,0,0,15.0,5.0,40,1,500
0,0,0,0,-999,0,0,0,0,0,0,0,0,15.0,5.0,40,1,1000
0,0,0,0,-999,0,0,0,0,0,0,0,0,15.0,5.0,40,2,100
0,0,0,0,-999,0,0,0,0,0,0,0,0,15.0,5.0,40,2,150
0,0,0,0,-999,0,0,0,0,0,0,0,0,15.0,5.0,40,2,200
0,0,0,0,-999,0,0,0,0,0,0,0,0,15.0,5.0,40,2,300
0,0,0,0,-999,0,0,0,0,0,0,0,0,15.0,5.0,40,2,500
0,0,0,0,-999,0,0,0,0,0,0,0,0,15.0,5.0,40,2,1000
0,0,0,0,-999,0,0,0,0,0,0,0,0,15.0,5.0,40,3,100
0,0,0,0,-999,0,0,0,0,0,0,0,0,15.0,5.0,40,3,150
0,0,0,0,-999,0,0,0,0,0,0,0,0,15.0,5.0,40,3,200
0,0,0,0,-999,0,0,0,0,0,0,0,0,15.0,5.0,40,3,300
0,0,0,0,-999,0,0,0,0,0,0,0,0,15.0,5.0,40,3,500
0,0,0,0,-999,0,0,0,0,0,0,0,0,15.0,5.0,40,3,1000
0,0,0,0,-999,0,0,0,0,0,0,0,0,15.0,5.0,40,4,100
0,0,0,0,-999,0,0,0,0,0,0,0,0,15.0,5.0,40,4,150
0,0,0,0,-999,0,0,0,0,0,0,0,0,15.0,5.0,40,4,200
0,0,0,0,-999,0,0,0,0,0,0,0,0,15.0,5.0,40,4,300
0,0,0,0,-999,0,0,0,0,0,0,0,0,15.0,5.0,40,4,500
0,0,0,0,-999,0,0,0,0,0,0,0,0,15.0,5.0,40,4,1000
0,0,0,0,-999,0,0,0,0,0,0,0,0,15.0,5.0,40,5,100
0,0,0,0,-999,0,0,0,0,0,0,0,0,15.0,5.0,40,5,150
0,0,0,0,-999,0,0,0,0,0,0,0,0,15.0,5.0,40,5,200
0,0,0,0,-999,0,0,0,0,0,0,0,0,15.0,5.0,40,5,300
0,0,0,0,-999,0,0,0,0,0,0,0,0,15.0,5.0,40,5,500
0,0,0,0,-999,0,0,0,0,0,0,0,0,15.0,5.0,40,5,1000
0,0,0,0,-999,0,0,0,0,0,0,0,0,15.0,5.0,40,7,100
0,0,0,0,-999,0,0,0,0,0,0,0,0,15.0,5.0,40,7,150
0,0,0,0,-999,0,0,0,0,0,0,0,0,15.0,5.0,40,7,200
0,0,0,0,-999,0,0,0,0,0,0,0,0,15.0,5.0,40,7,300
0,0,0,0,-999,0,0,0,0,0,0,0,0,15.0,5.0,40,7,500
0,0,0,0,-999,0,0,0,0,0,0,0,0,15.0,5.0,40,7,1000
0,0,0,0,-999,0,0,0,0,0,0,0,0,15.0,6.0,40,1,100
0,0,0,0,-999,0,0,0,0,0,0,0,0,15.0,6.0,40,1,150
0,0,0,0,-999,0,0,0,0,0,0,0,0,15.0,6.0,40,1,200
0,0,0,0,-999,0,0,0,0,0,0,0,0,15.0,6.0,40,1,300
0,0,0,0,-999,0,0,0,0,0,0,0,0,15.0,6.0,40,1,500
0,0,0,0,-999,0,0,0,0,0,0,0,0,15.0,6.0,40,1,1000
0,0,0,0,-999,0,0,0,0,0,0,0,0,15.0,6.0,40,2,100
0,0,0,0,-999,0,0,0,0,0,0,0,0,15.0,6.0,40,2,150
0,0,0,0,-999,0,0,0,0,0,0,0,0,15.0,6.0,40,2,200
0,0,0,0,-999,0,0,0,0,0,0,0,0,15.0,6.0,40,2,300
0,0,0,0,-999,0,0,0,0,0,0,0,0,15.0,6.0,40,2,500
0,0,0,0,-999,0,0,0,0,0,0,0,0,15.0,6.0,40,2,1000
0,0,0,0,-999,0,0,0,0,0,0,0,0,15.0,6.0,40,3,100
0,0,0,0,-999,0,0,0,0,0,0,0,0,15.0,6.0,40,3,150
0,0,0,0,-999,0,0,0,0,0,0,0,0,15.0,6.0,40,3,200
0,0,0,0,-999,0,0,0,0,0,0,0,0,15.0,6.0,40,3,300
0,0,0,0,-999,0,0,0,0,0,0,0,0,15.0,6.0,40,3,500
0,0,0,0,-999,0,0,0,0,0,0,0,0,15.0,6.0,40,3,1000
0,0,0,0,-999,0,0,0,0,0,0,0,0,15.0,6.0,40,4,100
0,0,0,0,-999,0,0,0,0,0,0,0,0,15.0,6.0,40,4,150
0,0,0,0,-999,0,0,0,0,0,0,0,0,15.0,6.0,40,4,200
0,0,0,0,-999,0,0,0,0,0,0,0,0,15.0,6.0,40,4,300
0,0,0,0,-999,0,0,0,0,0,0,0,0,15.0,6.0,40,4,500
0,0,0,0,-999,0,0,0,0,0,0,0,0,15.0,6.0,40,4,1000
0,0,0,0,-999,0,0,0,0,0,0,0,0,15.0,6.0,40,5,100
0,0,0,0,-999,0,0,0,0,0,0,0,0,15.0,6.0,40,5,150
0,0,0,0,-999,0,0,0,0,0,0,0,0,15.0,6.0,40,5,200
0,0,0,0,-999,0,0,0,0,0,0,0,0,15.0,6.0,40,5,300
0,0,0,0,-999,0,0,0,0,0,0,0,0,15.0,6.0,40,5,500
0,0,0,0,-999,0,0,0,0,0,0,0,0,15.0,6.0,40,5,1000
0,0,0,0,-999,0,0,0,0,0,0,0,0,15.0,6.0,40,7,100
0,0,0,0,-999,0,0,0,0,0,0,0,0,15.0,6.0,40,7,150
0,0,0,0,-999,0,0,0,0,0,0,0,0,15.0,6.0,40,7,200
0,0,0,0,-999,0,0,0,0,0,0,0,0,15.0,6.0,40,7,300
0,0,0,0,-999,0,0,0,0,0,0,0,0,15.0,6.0,40,7,500
0,0,0,0,-999,0,0,0,0,0,0,0,0,15.0,6.0,40,7,1000
0,0,0,0,-999,0,0,0,0,0,0,0,0,20.0,2.0,40,1,100
0,0,0,0,-999,0,0,0,0,0,0,0,0,20.0,2.0,40,1,150
0,0,0,0,-999,0,0,0,0,0,0,0,0,20.0,2.0,40,1,200
0,0,0,0,-999,0,0,0,0,0,0,0,0,20.0,2.0,40,1,300
0,0,0,0,-999,0,0,0,0,0,0,0,0,20.0,2.0,40,1,500
0,0,0,0,-999,0,0,0,0,0,0,0,0,20.0,2.0,40,1,1000
0,0,0,0,-999,0,0,0,0,0,0,0,0,20.0,2.0,40,2,100
0,0,0,0,-999,0,0,0,0,0,0,0,0,20.0,2.0,40,2,150
0,0,0,0,-999,0,0,0,0,0,0,0,0,20.0,2.0,40,2,200
0,0,0,0,-999,0,0,0,0,0,0,0,0,20.0,2.0,40,2,300
0,0,0,0,-999,0,0,0,0,0,0,0,0,20.0,2.0,40,2,500
0,0,0,0,-999,0,0,0,0,0,0,0,0,20.0,2.0,40,2,1000
0,0,0,0,-999,0,0,0,0,0,0,0,0,20.0,2.0,40,3,100
0,0,0,0,-999,0,0,0,0,0,0,0,0,20.0,2.0,40,3,150
0,0,0,0,-999,0,0,0,0,0,0,0,0,20.0,2.0,40,3,200
0,0,0,0,-999,0,0,0,0,0,0,0,0,20.0,2.0,40,3,300
0,0,0,0,-999,0,0,0,0,0,0,0,0,20.0,2.0,40,3,500
0,0,0,0,-999,0,0,0,0,0,0,0,0,20.0,2.0,40,3,1000
0,0,0,0,-999,0,0,0,0,0,0,0,0,20.0,2.0,40,4,100
0,0,0,0,-999,0,0,0,0,0,0,0,0,20.0,2.0,40,4,150
0,0,0,0,-999,0,0,0,0,0,0,0,0,20.0,2.0,40,4,200
0,0,0,0,-999,0,0,0,0,0,0,0,0,20.0,2.0,40,4,300
0,0,0,0,-999,0,0,0,0,0,0,0,0,20.0,2.0,40,4,500
0,0,0,0,-999,0,0,0,0,0,0,0,0,20.0,2.0,40,4,1000
0,0,0,0,-999,0,0,0,0,0,0,0,0,20.0,2.0,40,5,100
0,0,0,0,-999,0,0,0,0,0,0,0,0,20.0,2.0,40,5,150
0,0,0,0,-999,0,0,0,0,0,0,0,0,20.0,2.0,40,5,200
0,0,0,0,-999,0,0,0,0,0,0,0,0,20.0,2.0,40,5,300
0,0,0,0,-999,0,0,0,0,0,0,0,0,20.0,2.0,40,5,500
0,0,0,0,-999,0,0,0,0,0,0,0,0,20.0,2.0,40,5,1000
0,0,0,0,-999,0,0,0,0,0,0,0,0,20.0,2.0,40,7,100
0,0,0,0,-999,0,0,0,0,0,0,0,0,20.0,2.0,40,7,150
0,0,0,0,-999,0,0,0,0,0,0,0,0,20.0,2.0,40,7,200
0,0,0,0,-999,0,0,0,0,0,0,0,0,20.0,2.0,40,7,300
0,0,0,0,-999,0,0,0,0,0,0,0,0,20.0,2.0,40,7,500
0,0,0,0,-999,0,0,0,0,0,0,0,0,20.0,2.0,40,7,1000
0,0,0,0,-999,0,0,0,0,0,0,0,0,20.0,3.0,40,1,100
0,0,0,0,-999,0,0,0,0,0,0,0,0,20.0,3.0,40,1,150
0,0,0,0,-999,0,0,0,0,0,0,0,0,20.0,3.0,40,1,200
0,0,0,0,-999,0,0,0,0,0,0,0,0,20.0,3.0,40,1,300
0,0,0,0,-999,0,0,0,0,0,0,0,0,20.0,3.0,40,1,500
0,0,0,0,-999,0,0,0,0,0,0,0,0,20.0,3.0,40,1,1000
0,0,0,0,-999,0,0,0,0,0,0,0,0,20.0,3.0,40,2,100
0,0,0,0,-999,0,0,0,0,0,0,0,0,20.0,3.0,40,2,150
0,0,0,0,-999,0,0,0,0,0,0,0,0,20.0,3.0,40,2,200
0,0,0,0,-999,0,0,0,0,0,0,0,0,20.0,3.0,40,2,300
0,0,0,0,-999,0,0,0,0,0,0,0,0,20.0,3.0,40,2,500
0,0,0,0,-999,0,0,0,0,0,0,0,0,20.0,3.0,40,2,1000
0,0,0,0,-999,0,0,0,0,0,0,0,0,20.0,3.0,40,3,100
0,0,0,0,-999,0,0,0,0,0,0,0,0,20.0,3.0,40,3,150
0,0,0,0,-999,0,0,0,0,0,0,0,0,20.0,3.0,40,3,200
0,0,0,0,-999,0,0,0,0,0,0,0,0,20.0,3.0,40,3,300
0,0,0,0,-999,0,0,0,0,0,0,0,0,20.0,3.0,40,3,500
0,0,0,0,-999,0,0,0,0,0,0,0,0,20.0,3.0,40,3,1000
0,0,0,0,-999,0,0,0,0,0,0,0,0,20.0,3.0,40,4,100
0,0,0,0,-999,0,0,0,0,0,0,0,0,20.0,3.0,40,4,150
0,0,0,0,-999,0,0,0,0,0,0,0,0,20.0,3.0,40,4,200
0,0,0,0,-999,0,0,0,0,0,0,0,0,20.0,3.0,40,4,300
0,0,0,0,-999,0,0,0,0,0,0,0,0,20.0,3.0,40,4,500
0,0,0,0,-999,0,0,0,0,0,0,0,0,20.0,3.0,40,4,1000
0,0,0,0,-999,0,0,0,0,0,0,0,0,20.0,3.0,40,5,100
0,0,0,0,-999,0,0,0,0,0,0,0,0,20.0,3.0,40,5,150
0,0,0,0,-999,0,0,0,0,0,0,0,0,20.0,3.0,40,5,200
0,0,0,0,-999,0,0,0,0,0,0,0,0,20.0,3.0,40,5,300
0,0,0,0,-999,0,0,0,0,0,0,0,0,20.0,3.0,40,5,500
0,0,0,0,-999,0,0,0,0,0,0,0,0,20.0,3.0,40,5,1000
0,0,0,0,-999,0,0,0,0,0,0,0,0,20.0,3.0,40,7,100
0,0,0,0,-999,0,0,0,0,0,0,0,0,20.0,3.0,40,7,150
0,0,0,0,-999,0,0,0,0,0,0,0,0,20.0,3.0,40,7,200
0,0,0,0,-999,0,0,0,0,0,0,0,0,20.0,3.0,40,7,300
0,0,0,0,-999,0,0,0,0,0,0,0,0,20.0,3.0,40,7,500
0,0,0,0,-999,0,0,0,0,0,0,0,0,20.0,3.0,40,7,1000
0,0,0,0,-999,0,0,0,0,0,0,0,0,20.0,4.0,40,1,100
0,0,0,0,-999,0,0,0,0,0,0,0,0,20.0,4.0,40,1,150
0,0,0,0,-999,0,0,0,0,0,0,0,0,20.0,4.0,40,1,200
0,0,0,0,-999,0,0,0,0,0,0,0,0,20.0,4.0,40,1,300
0,0,0,0,-999,0,0,0,0,0,0,0,0,20.0,4.0,40,1,500
0,0,0,0,-999,0,0,0,0,0,0,0,0,20.0,4.0,40,1,1000
0,0,0,0,-999,0,0,0,0,0,0,0,0,20.0,4.0,40,2,100
0,0,0,0,-999,0,0,0,0,0,0,0,0,20.0,4.0,40,2,150
0,0,0,0,-999,0,0,0,0,0,0,0,0,20.0,4.0,40,2,200
0,0,0,0,-999,0,0,0,0,0,0,0,0,20.0,4.0,40,2,300
0,0,0,0,-999,0,0,0,0,0,0,0,0,20.0,4.0,40,2,500
0,0,0,0,-999,0,0,0,0,0,0,0,0,20.0,4.0,40,2,1000
0,0,0,0,-999,0,0,0,0,0,0,0,0,20.0,4.0,40,3,100
0,0,0,0,-999,0,0,0,0,0,0,0,0,20.0,4.0,40,3,150
0,0,0,0,-999,0,0,0,0,0,0,0,0,20.0,4.0,40,3,200
0,0,0,0,-999,0,0,0,0,0,0,0,0,20.0,4.0,40,3,300
0,0,0,0,-999,0,0,0,0,0,0,0,0,20.0,4.0,40,3,500
0,0,0,0,-999,0,0,0,0,0,0,0,0,20.0,4.0,40,3,1000
0,0,0,0,-999,0,0,0,0,0,0,0,0,20.0,4.0,40,4,100
0,0,0,0,-999,0,0,0,0,0,0,0,0,20.0,4.0,40,4,150
0,0,0,0,-999,0,0,0,0,0,0,0,0,20.0,4.0,40,4,200
0,0,0,0,-999,0,0,0,0,0,0,0,0,20.0,4.0,40,4,300
0,0,0,0,-999,0,0,0,0,0,0,0,0,20.0,4.0,40,4,500
0,0,0,0,-999,0,0,0,0,0,0,0,0,20.0,4.0,40,4,1000
0,0,0,0,-999,0,0,0,0,0,0,0,0,20.0,4.0,40,5,100
0,0,0,0,-999,0,0,0,0,0,0,0,0,20.0,4.0,40,5,150
0,0,0,0,-999,0,0,0,0,0,0,0,0,20.0,4.0,40,5,200
0,0,0,0,-999,0,0,0,0,0,0,0,0,20.0,4.0,40,5,300
0,0,0,0,-999,0,0,0,0,0,0,0,0,20.0,4.0,40,5,500
0,0,0,0,-999,0,0,0,0,0,0,0,0,20.0,4.0,40,5,1000
0,0,0,0,-999,0,0,0,0,0,0,0,0,20.0,4.0,40,7,100
0,0,0,0,-999,0,0,0,0,0,0,0,0,20.0,4.0,40,7,150
0,0,0,0,-999,0,0,0,0,0,0,0,0,20.0,4.0,40,7,200
0,0,0,0,-999,0,0,0,0,0,0,0,0,20.0,4.0,40,7,300
0,0,0,0,-999,0,0,0,0,0,0,0,0,20.0,4.0,40,7,500
0,0,0,0,-999,0,0,0,0,0,0,0,0,20.0,4.0,40,7,1000
0,0,0,0,-999,0,0,0,0,0,0,0,0,20.0,5.0,40,1,100
0,0,0,0,-999,0,0,0,0,0,0,0,0,20.0,5.0,40,1,150
0,0,0,0,-999,0,0,0,0,0,0,0,0,20.0,5.0,40,1,200
0,0,0,0,-999,0,0,0,0,0,0,0,0,20.0,5.0,40,1,300
0,0,0,0,-999,0,0,0,0,0,0,0,0,20.0,5.0,40,1,500
0,0,0,0,-999,0,0,0,0,0,0,0,0,20.0,5.0,40,1,1000
0,0,0,0,-999,0,0,0,0,0,0,0,0,20.0,5.0,40,2,100
0,0,0,0,-999,0,0,0,0,0,0,0,0,20.0,5.0,40,2,150
0,0,0,0,-999,0,0,0,0,0,0,0,0,20.0,5.0,40,2,200
0,0,0,0,-999,0,0,0,0,0,0,0,0,20.0,5.0,40,2,300
0,0,0,0,-999,0,0,0,0,0,0,0,0,20.0,5.0,40,2,500
0,0,0,0,-999,0,0,0,0,0,0,0,0,20.0,5.0,40,2,1000
0,0,0,0,-999,0,0,0,0,0,0,0,0,20.0,5.0,40,3,100
0,0,0,0,-999,0,0,0,0,0,0,0,0,20.0,5.0,40,3,150
0,0,0,0,-999,0,0,0,0,0,0,0,0,20.0,5.0,40,3,200
0,0,0,0,-999,0,0,0,0,0,0,0,0,20.0,5.0,40,3,300
0,0,0,0,-999,0,0,0,0,0,0,0,0,20.0,5.0,40,3,500
0,0,0,0,-999,0,0,0,0,0,0,0,0,20.0,5.0,40,3,1000
0,0,0,0,-999,0,0,0,0,0,0,0,0,20.0,5.0,40,4,100
0,0,0,0,-999,0,0,0,0,0,0,0,0,20.0,5.0,40,4,150
0,0,0,0,-999,0,0,0,0,0,0,0,0,20.0,5.0,40,4,200
0,0,0,0,-999,0,0,0,0,0,0,0,0,20.0,5.0,40,4,300
0,0,0,0,-999,0,0,0,0,0,0,0,0,20.0,5.0,40,4,500
0,0,0,0,-999,0,0,0,0,0,0,0,0,20.0,5.0,40,4,1000
0,0,0,0,-999,0,0,0,0,0,0,0,0,20.0,5.0,40,5,100
0,0,0,0,-999,0,0,0,0,0,0,0,0,20.0,5.0,40,5,150
0,0,0,0,-999,0,0,0,0,0,0,0,0,20.0,5.0,40,5,200
0,0,0,0,-999,0,0,0,0,0,0,0,0,20.0,5.0,40,5,300
0,0,0,0,-999,0,0,0,0,0,0,0,0,20.0,5.0,40,5,500
0,0,0,0,-999,0,0,0,0,0,0,0,0,20.0,5.0,40,5,1000
0,0,0,0,-999,0,0,0,0,0,0,0,0,20.0,5.0,40,7,100
0,0,0,0,-999,0,0,0,0,0,0,0,0,20.0,5.0,40,7,150
0,0,0,0,-999,0,0,0,0,0,0,0,0,20.0,5.0,40,7,200
0,0,0,0,-999,0,0,0,0,0,0,0,0,20.0,5.0,40,7,300
0,0,0,0,-999,0,0,0,0,0,0,0,0,20.0,5.0,40,7,500
0,0,0,0,-999,0,0,0,0,0,0,0,0,20.0,5.0,40,7,1000
0,0,0,0,-999,0,0,0,0,0,0,0,0,20.0,6.0,40,1,100
0,0,0,0,-999,0,0,0,0,0,0,0,0,20.0,6.0,40,1,150
0,0,0,0,-999,0,0,0,0,0,0,0,0,20.0,6.0,40,1,200
0,0,0,0,-999,0,0,0,0,0,0,0,0,20.0,6.0,40,1,300
0,0,0,0,-999,0,0,0,0,0,0,0,0,20.0,6.0,40,1,500
0,0,0,0,-999,0,0,0,0,0,0,0,0,20.0,6.0,40,1,1000
0,0,0,0,-999,0,0,0,0,0,0,0,0,20.0,6.0,40,2,100
0,0,0,0,-999,0,0,0,0,0,0,0,0,20.0,6.0,40,2,150
0,0,0,0,-999,0,0,0,0,0,0,0,0,20.0,6.0,40,2,200
0,0,0,0,-999,0,0,0,0,0,0,0,0,20.0,6.0,40,2,300
0,0,0,0,-999,0,0,0,0,0,0,0,0,20.0,6.0,40,2,500
0,0,0,0,-999,0,0,0,0,0,0,0,0,20.0,6.0,40,2,1000
0,0,0,0,-999,0,0,0,0,0,0,0,0,20.0,6.0,40,3,100
0,0,0,0,-999,0,0,0,0,0,0,0,0,20.0,6.0,40,3,150
0,0,0,0,-999,0,0,0,0,0,0,0,0,20.0,6.0,40,3,200
0,0,0,0,-999,0,0,0,0,0,0,0,0,20.0,6.0,40,3,300
0,0,0,0,-999,0,0,0,0,0,0,0,0,20.0,6.0,40,3,500
0,0,0,0,-999,0,0,0,0,0,0,0,0,20.0,6.0,40,3,1000
0,0,0,0,-999,0,0,0,0,0,0,0,0,20.0,6.0,40,4,100
0,0,0,0,-999,0,0,0,0,0,0,0,0,20.0,6.0,40,4,150
0,0,0,0,-999,0,0,0,0,0,0,0,0,20.0,6.0,40,4,200
0,0,0,0,-999,0,0,0,0,0,0,0,0,20.0,6.0,40,4,300
0,0,0,0,-999,0,0,0,0,0,0,0,0,20.0,6.0,40,4,500
0,0,0,0,-999,0,0,0,0,0,0,0,0,20.0,6.0,40,4,1000
0,0,0,0,-999,0,0,0,0,0,0,0,0,20.0,6.0,40,5,100
0,0,0,0,-999,0,0,0,0,0,0,0,0,20.0,6.0,40,5,150
0,0,0,0,-999,0,0,0,0,0,0,0,0,20.0,6.0,40,5,200
0,0,0,0,-999,0,0,0,0,0,0,0,0,20.0,6.0,40,5,300
0,0,0,0,-999,0,0,0,0,0,0,0,0,20.0,6.0,40,5,500
0,0,0,0,-999,0,0,0,0,0,0,0,0,20.0,6.0,40,5,1000
0,0,0,0,-999,0,0,0,0,0,0,0,0,20.0,6.0,40,7,100
0,0,0,0,-999,0,0,0,0,0,0,0,0,20.0,6.0,40,7,150
0,0,0,0,-999,0,0,0,0,0,0,0,0,20.0,6.0,40,7,200
0,0,0,0,-999,0,0,0,0,0,0,0,0,20.0,6.0,40,7,300
0,0,0,0,-999,0,0,0,0,0,0,0,0,20.0,6.0,40,7,500
0,0,0,0,-999,0,0,0,0,0,0,0,0,20.0,6.0,40,7,1000
0,0,0,0,-999,0,0,0,0,0,0,0,0,5.0,2.0,50,1,100
0,0,0,0,-999,0,0,0,0,0,0,0,0,5.0,2.0,50,1,150
0,0,0,0,-999,0,0,0,0,0,0,0,0,5.0,2.0,50,1,200
0,0,0,0,-999,0,0,0,0,0,0,0,0,5.0,2.0,50,1,300
0,0,0,0,-999,0,0,0,0,0,0,0,0,5.0,2.0,50,1,500
0,0,0,0,-999,0,0,0,0,0,0,0,0,5.0,2.0,50,1,1000
0,0,0,0,-999,0,0,0,0,0,0,0,0,5.0,2.0,50,2,100
0,0,0,0,-999,0,0,0,0,0,0,0,0,5.0,2.0,50,2,150
0,0,0,0,-999,0,0,0,0,0,0,0,0,5.0,2.0,50,2,200
0,0,0,0,-999,0,0,0,0,0,0,0,0,5.0,2.0,50,2,300
0,0,0,0,-999,0,0,0,0,0,0,0,0,5.0,2.0,50,2,500
0,0,0,0,-999,0,0,0,0,0,0,0,0,5.0,2.0,50,2,1000
0,0,0,0,-999,0,0,0,0,0,0,0,0,5.0,2.0,50,3,100
0,0,0,0,-999,0,0,0,0,0,0,0,0,5.0,2.0,50,3,150
0,0,0,0,-999,0,0,0,0,0,0,0,0,5.0,2.0,50,3,200
0,0,0,0,-999,0,0,0,0,0,0,0,0,5.0,2.0,50,3,300
0,0,0,0,-999,0,0,0,0,0,0,0,0,5.0,2.0,50,3,500
0,0,0,0,-999,0,0,0,0,0,0,0,0,5.0,2.0,50,3,1000
0,0,0,0,-999,0,0,0,0,0,0,0,0,5.0,2.0,50,4,100
0,0,0,0,-999,0,0,0,0,0,0,0,0,5.0,2.0,50,4,150
0,0,0,0,-999,0,0,0,0,0,0,0,0,5.0,2.0,50,4,200
0,0,0,0,-999,0,0,0,0,0,0,0,0,5.0,2.0,50,4,300
0,0,0,0,-999,0,0,0,0,0,0,0,0,5.0,2.0,50,4,500
0,0,0,0,-999,0,0,0,0,0,0,0,0,5.0,2.0,50,4,1000
0,0,0,0,-999,0,0,0,0,0,0,0,0,5.0,2.0,50,5,100
0,0,0,0,-999,0,0,0,0,0,0,0,0,5.0,2.0,50,5,150
0,0,0,0,-999,0,0,0,0,0,0,0,0,5.0,2.0,50,5,200
0,0,0,0,-999,0,0,0,0,0,0,0,0,5.0,2.0,50,5,300
0,0,0,0,-999,0,0,0,0,0,0,0,0,5.0,2.0,50,5,500
0,0,0,0,-999,0,0,0,0,0,0,0,0,5.0,2.0,50,5,1000
0,0,0,0,-999,0,0,0,0,0,0,0,0,5.0,2.0,50,7,100
0,0,0,0,-999,0,0,0,0,0,0,0,0,5.0,2.0,50,7,150
0,0,0,0,-999,0,0,0,0,0,0,0,0,5.0,2.0,50,7,200
0,0,0,0,-999,0,0,0,0,0,0,0,0,5.0,2.0,50,7,300
0,0,0,0,-999,0,0,0,0,0,0,0,0,5.0,2.0,50,7,500
0,0,0,0,-999,0,0,0,0,0,0,0,0,5.0,2.0,50,7,1000
0,0,0,0,-999,0,0,0,0,0,0,0,0,5.0,3.0,50,1,100
0,0,0,0,-999,0,0,0,0,0,0,0,0,5.0,3.0,50,1,150
0,0,0,0,-999,0,0,0,0,0,0,0,0,5.0,3.0,50,1,200
0,0,0,0,-999,0,0,0,0,0,0,0,0,5.0,3.0,50,1,300
0,0,0,0,-999,0,0,0,0,0,0,0,0,5.0,3.0,50,1,500
0,0,0,0,-999,0,0,0,0,0,0,0,0,5.0,3.0,50,1,1000
0,0,0,0,-999,0,0,0,0,0,0,0,0,5.0,3.0,50,2,100
0,0,0,0,-999,0,0,0,0,0,0,0,0,5.0,3.0,50,2,150
0,0,0,0,-999,0,0,0,0,0,0,0,0,5.0,3.0,50,2,200
0,0,0,0,-999,0,0,0,0,0,0,0,0,5.0,3.0,50,2,300
0,0,0,0,-999,0,0,0,0,0,0,0,0,5.0,3.0,50,2,500
0,0,0,0,-999,0,0,0,0,0,0,0,0,5.0,3.0,50,2,1000
0,0,0,0,-999,0,0,0,0,0,0,0,0,5.0,3.0,50,3,100
0,0,0,0,-999,0,0,0,0,0,0,0,0,5.0,3.0,50,3,150
0,0,0,0,-999,0,0,0,0,0,0,0,0,5.0,3.0,50,3,200
0,0,0,0,-999,0,0,0,0,0,0,0,0,5.0,3.0,50,3,300
0,0,0,0,-999,0,0,0,0,0,0,0,0,5.0,3.0,50,3,500
0,0,0,0,-999,0,0,0,0,0,0,0,0,5.0,3.0,50,3,1000
0,0,0,0,-999,0,0,0,0,0,0,0,0,5.0,3.0,50,4,100
0,0,0,0,-999,0,0,0,0,0,0,0,0,5.0,3.0,50,4,150
0,0,0,0,-999,0,0,0,0,0,0,0,0,5.0,3.0,50,4,200
0,0,0,0,-999,0,0,0,0,0,0,0,0,5.0,3.0,50,4,300
0,0,0,0,-999,0,0,0,0,0,0,0,0,5.0,3.0,50,4,500
0,0,0,0,-999,0,0,0,0,0,0,0,0,5.0,3.0,50,4,1000
0,0,0,0,-999,0,0,0,0,0,0,0,0,5.0,3.0,50,5,100
0,0,0,0,-999,0,0,0,0,0,0,0,0,5.0,3.0,50,5,150
0,0,0,0,-999,0,0,0,0,0,0,0,0,5.0,3.0,50,5,200
0,0,0,0,-999,0,0,0,0,0,0,0,0,5.0,3.0,50,5,300
0,0,0,0,-999,0,0,0,0,0,0,0,0,5.0,3.0,50,5,500
0,0,0,0,-999,0,0,0,0,0,0,0,0,5.0,3.0,50,5,1000
0,0,0,0,-999,0,0,0,0,0,0,0,0,5.0,3.0,50,7,100
0,0,0,0,-999,0,0,0,0,0,0,0,0,5.0,3.0,50,7,150
0,0,0,0,-999,0,0,0,0,0,0,0,0,5.0,3.0,50,7,200
0,0,0,0,-999,0,0,0,0,0,0,0,0,5.0,3.0,50,7,300
0,0,0,0,-999,0,0,0,0,0,0,0,0,5.0,3.0,50,7,500
0,0,0,0,-999,0,0,0,0,0,0,0,0,5.0,3.0,50,7,1000
0,0,0,0,-999,0,0,0,0,0,0,0,0,5.0,4.0,50,1,100
0,0,0,0,-999,0,0,0,0,0,0,0,0,5.0,4.0,50,1,150
0,0,0,0,-999,0,0,0,0,0,0,0,0,5.0,4.0,50,1,200
0,0,0,0,-999,0,0,0,0,0,0,0,0,5.0,4.0,50,1,300
0,0,0,0,-999,0,0,0,0,0,0,0,0,5.0,4.0,50,1,500
0,0,0,0,-999,0,0,0,0,0,0,0,0,5.0,4.0,50,1,1000
0,0,0,0,-999,0,0,0,0,0,0,0,0,5.0,4.0,50,2,100
0,0,0,0,-999,0,0,0,0,0,0,0,0,5.0,4.0,50,2,150
0,0,0,0,-999,0,0,0,0,0,0,0,0,5.0,4.0,50,2,200
0,0,0,0,-999,0,0,0,0,0,0,0,0,5.0,4.0,50,2,300
0,0,0,0,-999,0,0,0,0,0,0,0,0,5.0,4.0,50,2,500
0,0,0,0,-999,0,0,0,0,0,0,0,0,5.0,4.0,50,2,1000
0,0,0,0,-999,0,0,0,0,0,0,0,0,5.0,4.0,50,3,100
0,0,0,0,-999,0,0,0,0,0,0,0,0,5.0,4.0,50,3,150
0,0,0,0,-999,0,0,0,0,0,0,0,0,5.0,4.0,50,3,200
0,0,0,0,-999,0,0,0,0,0,0,0,0,5.0,4.0,50,3,300
0,0,0,0,-999,0,0,0,0,0,0,0,0,5.0,4.0,50,3,500
0,0,0,0,-999,0,0,0,0,0,0,0,0,5.0,4.0,50,3,1000
0,0,0,0,-999,0,0,0,0,0,0,0,0,5.0,4.0,50,4,100
0,0,0,0,-999,0,0,0,0,0,0,0,0,5.0,4.0,50,4,150
0,0,0,0,-999,0,0,0,0,0,0,0,0,5.0,4.0,50,4,200
0,0,0,0,-999,0,0,0,0,0,0,0,0,5.0,4.0,50,4,300
0,0,0,0,-999,0,0,0,0,0,0,0,0,5.0,4.0,50,4,500
0,0,0,0,-999,0,0,0,0,0,0,0,0,5.0,4.0,50,4,1000
0,0,0,0,-999,0,0,0,0,0,0,0,0,5.0,4.0,50,5,100
0,0,0,0,-999,0,0,0,0,0,0,0,0,5.0,4.0,50,5,150
0,0,0,0,-999,0,0,0,0,0,0,0,0,5.0,4.0,50,5,200
0,0,0,0,-999,0,0,0,0,0,0,0,0,5.0,4.0,50,5,300
0,0,0,0,-999,0,0,0,0,0,0,0,0,5.0,4.0,50,5,500
0,0,0,0,-999,0,0,0,0,0,0,0,0,5.0,4.0,50,5,1000
0,0,0,0,-999,0,0,0,0,0,0,0,0,5.0,4.0,50,7,100
0,0,0,0,-999,0,0,0,0,0,0,0,0,5.0,4.0,50,7,150
0,0,0,0,-999,0,0,0,0,0,0,0,0,5.0,4.0,50,7,200
0,0,0,0,-999,0,0,0,0,0,0,0,0,5.0,4.0,50,7,300
0,0,0,0,-999,0,0,0,0,0,0,0,0,5.0,4.0,50,7,500
0,0,0,0,-999,0,0,0,0,0,0,0,0,5.0,4.0,50,7,1000
0,0,0,0,-999,0,0,0,0,0,0,0,0,8.0,2.0,50,1,100
0,0,0,0,-999,0,0,0,0,0,0,0,0,8.0,2.0,50,1,150
0,0,0,0,-999,0,0,0,0,0,0,0,0,8.0,2.0,50,1,200
0,0,0,0,-999,0,0,0,0,0,0,0,0,8.0,2.0,50,1,300
0,0,0,0,-999,0,0,0,0,0,0,0,0,8.0,2.0,50,1,500
0,0,0,0,-999,0,0,0,0,0,0,0,0,8.0,2.0,50,1,1000
0,0,0,0,-999,0,0,0,0,0,0,0,0,8.0,2.0,50,2,100
0,0,0,0,-999,0,0,0,0,0,0,0,0,8.0,2.0,50,2,150
0,0,0,0,-999,0,0,0,0,0,0,0,0,8.0,2.0,50,2,200
0,0,0,0,-999,0,0,0,0,0,0,0,0,8.0,2.0,50,2,300
0,0,0,0,-999,0,0,0,0,0,0,0,0,8.0,2.0,50,2,500
0,0,0,0,-999,0,0,0,0,0,0,0,0,8.0,2.0,50,2,1000
0,0,0,0,-999,0,0,0,0,0,0,0,0,8.0,2.0,50,3,100
0,0,0,0,-999,0,0,0,0,0,0,0,0,8.0,2.0,50,3,150
0,0,0,0,-999,0,0,0,0,0,0,0,0,8.0,2.0,50,3,200
0,0,0,0,-999,0,0,0,0,0,0,0,0,8.0,2.0,50,3,300
0,0,0,0,-999,0,0,0,0,0,0,0,0,8.0,2.0,50,3,500
0,0,0,0,-999,0,0,0,0,0,0,0,0,8.0,2.0,50,3,1000
0,0,0,0,-999,0,0,0,0,0,0,0,0,8.0,2.0,50,4,100
0,0,0,0,-999,0,0,0,0,0,0,0,0,8.0,2.0,50,4,150
0,0,0,0,-999,0,0,0,0,0,0,0,0,8.0,2.0,50,4,200
0,0,0,0,-999,0,0,0,0,0,0,0,0,8.0,2.0,50,4,300
0,0,0,0,-999,0,0,0,0,0,0,0,0,8.0,2.0,50,4,500
0,0,0,0,-999,0,0,0,0,0,0,0,0,8.0,2.0,50,4,1000
0,0,0,0,-999,0,0,0,0,0,0,0,0,8.0,2.0,50,5,100
0,0,0,0,-999,0,0,0,0,0,0,0,0,8.0,2.0,50,5,150
0,0,0,0,-999,0,0,0,0,0,0,0,0,8.0,2.0,50,5,200
0,0,0,0,-999,0,0,0,0,0,0,0,0,8.0,2.0,50,5,300
0,0,0,0,-999,0,0,0,0,0,0,0,0,8.0,2.0,50,5,500
0,0,0,0,-999,0,0,0,0,0,0,0,0,8.0,2.0,50,5,1000
0,0,0,0,-999,0,0,0,0,0,0,0,0,8.0,2.0,50,7,100
0,0,0,0,-999,0,0,0,0,0,0,0,0,8.0,2.0,50,7,150
0,0,0,0,-999,0,0,0,0,0,0,0,0,8.0,2.0,50,7,200
0,0,0,0,-999,0,0,0,0,0,0,0,0,8.0,2.0,50,7,300
0,0,0,0,-999,0,0,0,0,0,0,0,0,8.0,2.0,50,7,500
0,0,0,0,-999,0,0,0,0,0,0,0,0,8.0,2.0,50,7,1000
0,0,0,0,-999,0,0,0,0,0,0,0,0,8.0,3.0,50,1,100
0,0,0,0,-999,0,0,0,0,0,0,0,0,8.0,3.0,50,1,150
0,0,0,0,-999,0,0,0,0,0,0,0,0,8.0,3.0,50,1,200
0,0,0,0,-999,0,0,0,0,0,0,0,0,8.0,3.0,50,1,300
0,0,0,0,-999,0,0,0,0,0,0,0,0,8.0,3.0,50,1,500
0,0,0,0,-999,0,0,0,0,0,0,0,0,8.0,3.0,50,1,1000
0,0,0,0,-999,0,0,0,0,0,0,0,0,8.0,3.0,50,2,100
0,0,0,0,-999,0,0,0,0,0,0,0,0,8.0,3.0,50,2,150
0,0,0,0,-999,0,0,0,0,0,0,0,0,8.0,3.0,50,2,200
0,0,0,0,-999,0,0,0,0,0,0,0,0,8.0,3.0,50,2,300
0,0,0,0,-999,0,0,0,0,0,0,0,0,8.0,3.0,50,2,500
0,0,0,0,-999,0,0,0,0,0,0,0,0,8.0,3.0,50,2,1000
0,0,0,0,-999,0,0,0,0,0,0,0,0,8.0,3.0,50,3,100
0,0,0,0,-999,0,0,0,0,0,0,0,0,8.0,3.0,50,3,150
0,0,0,0,-999,0,0,0,0,0,0,0,0,8.0,3.0,50,3,200
0,0,0,0,-999,0,0,0,0,0,0,0,0,8.0,3.0,50,3,300
0,0,0,0,-999,0,0,0,0,0,0,0,0,8.0,3.0,50,3,500
0,0,0,0,-999,0,0,0,0,0,0,0,0,8.0,3.0,50,3,1000
0,0,0,0,-999,0,0,0,0,0,0,0,0,8.0,3.0,50,4,100
0,0,0,0,-999,0,0,0,0,0,0,0,0,8.0,3.0,50,4,150
0,0,0,0,-999,0,0,0,0,0,0,0,0,8.0,3.0,50,4,200
0,0,0,0,-999,0,0,0,0,0,0,0,0,8.0,3.0,50,4,300
0,0,0,0,-999,0,0,0,0,0,0,0,0,8.0,3.0,50,4,500
0,0,0,0,-999,0,0,0,0,0,0,0,0,8.0,3.0,50,4,1000
0,0,0,0,-999,0,0,0,0,0,0,0,0,8.0,3.0,50,5,100
0,0,0,0,-999,0,0,0,0,0,0,0,0,8.0,3.0,50,5,150
0,0,0,0,-999,0,0,0,0,0,0,0,0,8.0,3.0,50,5,200
0,0,0,0,-999,0,0,0,0,0,0,0,0,8.0,3.0,50,5,300
0,0,0,0,-999,0,0,0,0,0,0,0,0,8.0,3.0,50,5,500
0,0,0,0,-999,0,0,0,0,0,0,0,0,8.0,3.0,50,5,1000
0,0,0,0,-999,0,0,0,0,0,0,0,0,8.0,3.0,50,7,100
0,0,0,0,-999,0,0,0,0,0,0,0,0,8.0,3.0,50,7,150
0,0,0,0,-999,0,0,0,0,0,0,0,0,8.0,3.0,50,7,200
0,0,0,0,-999,0,0,0,0,0,0,0,0,8.0,3.0,50,7,300
0,0,0,0,-999,0,0,0,0,0,0,0,0,8.0,3.0,50,7,500
0,0,0,0,-999,0,0,0,0,0,0,0,0,8.0,3.0,50,7,1000
0,0,0,0,-999,0,0,0,0,0,0,0,0,8.0,4.0,50,1,100
0,0,0,0,-999,0,0,0,0,0,0,0,0,8.0,4.0,50,1,150
0,0,0,0,-999,0,0,0,0,0,0,0,0,8.0,4.0,50,1,200
0,0,0,0,-999,0,0,0,0,0,0,0,0,8.0,4.0,50,1,300
0,0,0,0,-999,0,0,0,0,0,0,0,0,8.0,4.0,50,1,500
0,0,0,0,-999,0,0,0,0,0,0,0,0,8.0,4.0,50,1,1000
0,0,0,0,-999,0,0,0,0,0,0,0,0,8.0,4.0,50,2,100
0,0,0,0,-999,0,0,0,0,0,0,0,0,8.0,4.0,50,2,150
0,0,0,0,-999,0,0,0,0,0,0,0,0,8.0,4.0,50,2,200
0,0,0,0,-999,0,0,0,0,0,0,0,0,8.0,4.0,50,2,300
0,0,0,0,-999,0,0,0,0,0,0,0,0,8.0,4.0,50,2,500
0,0,0,0,-999,0,0,0,0,0,0,0,0,8.0,4.0,50,2,1000
0,0,0,0,-999,0,0,0,0,0,0,0,0,8.0,4.0,50,3,100
0,0,0,0,-999,0,0,0,0,0,0,0,0,8.0,4.0,50,3,150
0,0,0,0,-999,0,0,0,0,0,0,0,0,8.0,4.0,50,3,200
0,0,0,0,-999,0,0,0,0,0,0,0,0,8.0,4.0,50,3,300
0,0,0,0,-999,0,0,0,0,0,0,0,0,8.0,4.0,50,3,500
0,0,0,0,-999,0,0,0,0,0,0,0,0,8.0,4.0,50,3,1000
0,0,0,0,-999,0,0,0,0,0,0,0,0,8.0,4.0,50,4,100
0,0,0,0,-999,0,0,0,0,0,0,0,0,8.0,4.0,50,4,150
0,0,0,0,-999,0,0,0,0,0,0,0,0,8.0,4.0,50,4,200
0,0,0,0,-999,0,0,0,0,0,0,0,0,8.0,4.0,50,4,300
0,0,0,0,-999,0,0,0,0,0,0,0,0,8.0,4.0,50,4,500
0,0,0,0,-999,0,0,0,0,0,0,0,0,8.0,4.0,50,4,1000
0,0,0,0,-999,0,0,0,0,0,0,0,0,8.0,4.0,50,5,100
0,0,0,0,-999,0,0,0,0,0,0,0,0,8.0,4.0,50,5,150
0,0,0,0,-999,0,0,0,0,0,0,0,0,8.0,4.0,50,5,200
0,0,0,0,-999,0,0,0,0,0,0,0,0,8.0,4.0,50,5,300
0,0,0,0,-999,0,0,0,0,0,0,0,0,8.0,4.0,50,5,500
0,0,0,0,-999,0,0,0,0,0,0,0,0,8.0,4.0,50,5,1000
0,0,0,0,-999,0,0,0,0,0,0,0,0,8.0,4.0,50,7,100
0,0,0,0,-999,0,0,0,0,0,0,0,0,8.0,4.0,50,7,150
0,0,0,0,-999,0,0,0,0,0,0,0,0,8.0,4.0,50,7,200
0,0,0,0,-999,0,0,0,0,0,0,0,0,8.0,4.0,50,7,300
0,0,0,0,-999,0,0,0,0,0,0,0,0,8.0,4.0,50,7,500
0,0,0,0,-999,0,0,0,0,0,0,0,0,8.0,4.0,50,7,1000
0,0,0,0,-999,0,0,0,0,0,0,0,0,8.0,5.0,50,1,100
0,0,0,0,-999,0,0,0,0,0,0,0,0,8.0,5.0,50,1,150
0,0,0,0,-999,0,0,0,0,0,0,0,0,8.0,5.0,50,1,200
0,0,0,0,-999,0,0,0,0,0,0,0,0,8.0,5.0,50,1,300
0,0,0,0,-999,0,0,0,0,0,0,0,0,8.0,5.0,50,1,500
0,0,0,0,-999,0,0,0,0,0,0,0,0,8.0,5.0,50,1,1000
0,0,0,0,-999,0,0,0,0,0,0,0,0,8.0,5.0,50,2,100
0,0,0,0,-999,0,0,0,0,0,0,0,0,8.0,5.0,50,2,150
0,0,0,0,-999,0,0,0,0,0,0,0,0,8.0,5.0,50,2,200
0,0,0,0,-999,0,0,0,0,0,0,0,0,8.0,5.0,50,2,300
0,0,0,0,-999,0,0,0,0,0,0,0,0,8.0,5.0,50,2,500
0,0,0,0,-999,0,0,0,0,0,0,0,0,8.0,5.0,50,2,1000
0,0,0,0,-999,0,0,0,0,0,0,0,0,8.0,5.0,50,3,100
0,0,0,0,-999,0,0,0,0,0,0,0,0,8.0,5.0,50,3,150
0,0,0,0,-999,0,0,0,0,0,0,0,0,8.0,5.0,50,3,200
0,0,0,0,-999,0,0,0,0,0,0,0,0,8.0,5.0,50,3,300
0,0,0,0,-999,0,0,0,0,0,0,0,0,8.0,5.0,50,3,500
0,0,0,0,-999,0,0,0,0,0,0,0,0,8.0,5.0,50,3,1000
0,0,0,0,-999,0,0,0,0,0,0,0,0,8.0,5.0,50,4,100
0,0,0,0,-999,0,0,0,0,0,0,0,0,8.0,5.0,50,4,150
0,0,0,0,-999,0,0,0,0,0,0,0,0,8.0,5.0,50,4,200
0,0,0,0,-999,0,0,0,0,0,0,0,0,8.0,5.0,50,4,300
0,0,0,0,-999,0,0,0,0,0,0,0,0,8.0,5.0,50,4,500
0,0,0,0,-999,0,0,0,0,0,0,0,0,8.0,5.0,50,4,1000
0,0,0,0,-999,0,0,0,0,0,0,0,0,8.0,5.0,50,5,100
0,0,0,0,-999,0,0,0,0,0,0,0,0,8.0,5.0,50,5,150
0,0,0,0,-999,0,0,0,0,0,0,0,0,8.0,5.0,50,5,200
0,0,0,0,-999,0,0,0,0,0,0,0,0,8.0,5.0,50,5,300
0,0,0,0,-999,0,0,0,0,0,0,0,0,8.0,5.0,50,5,500
0,0,0,0,-999,0,0,0,0,0,0,0,0,8.0,5.0,50,5,1000
0,0,0,0,-999,0,0,0,0,0,0,0,0,8.0,5.0,50,7,100
0,0,0,0,-999,0,0,0,0,0,0,0,0,8.0,5.0,50,7,150
0,0,0,0,-999,0,0,0,0,0,0,0,0,8.0,5.0,50,7,200
0,0,0,0,-999,0,0,0,0,0,0,0,0,8.0,5.0,50,7,300
0,0,0,0,-999,0,0,0,0,0,0,0,0,8.0,5.0,50,7,500
0,0,0,0,-999,0,0,0,0,0,0,0,0,8.0,5.0,50,7,1000
0,0,0,0,-999,0,0,0,0,0,0,0,0,8.0,6.0,50,1,100
0,0,0,0,-999,0,0,0,0,0,0,0,0,8.0,6.0,50,1,150
0,0,0,0,-999,0,0,0,0,0,0,0,0,8.0,6.0,50,1,200
0,0,0,0,-999,0,0,0,0,0,0,0,0,8.0,6.0,50,1,300
0,0,0,0,-999,0,0,0,0,0,0,0,0,8.0,6.0,50,1,500
0,0,0,0,-999,0,0,0,0,0,0,0,0,8.0,6.0,50,1,1000
0,0,0,0,-999,0,0,0,0,0,0,0,0,8.0,6.0,50,2,100
0,0,0,0,-999,0,0,0,0,0,0,0,0,8.0,6.0,50,2,150
0,0,0,0,-999,0,0,0,0,0,0,0,0,8.0,6.0,50,2,200
0,0,0,0,-999,0,0,0,0,0,0,0,0,8.0,6.0,50,2,300
0,0,0,0,-999,0,0,0,0,0,0,0,0,8.0,6.0,50,2,500
0,0,0,0,-999,0,0,0,0,0,0,0,0,8.0,6.0,50,2,1000
0,0,0,0,-999,0,0,0,0,0,0,0,0,8.0,6.0,50,3,100
0,0,0,0,-999,0,0,0,0,0,0,0,0,8.0,6.0,50,3,150
0,0,0,0,-999,0,0,0,0,0,0,0,0,8.0,6.0,50,3,200
0,0,0,0,-999,0,0,0,0,0,0,0,0,8.0,6.0,50,3,300
0,0,0,0,-999,0,0,0,0,0,0,0,0,8.0,6.0,50,3,500
0,0,0,0,-999,0,0,0,0,0,0,0,0,8.0,6.0,50,3,1000
0,0,0,0,-999,0,0,0,0,0,0,0,0,8.0,6.0,50,4,100
0,0,0,0,-999,0,0,0,0,0,0,0,0,8.0,6.0,50,4,150
0,0,0,0,-999,0,0,0,0,0,0,0,0,8.0,6.0,50,4,200
0,0,0,0,-999,0,0,0,0,0,0,0,0,8.0,6.0,50,4,300
0,0,0,0,-999,0,0,0,0,0,0,0,0,8.0,6.0,50,4,500
0,0,0,0,-999,0,0,0,0,0,0,0,0,8.0,6.0,50,4,1000
0,0,0,0,-999,0,0,0,0,0,0,0,0,8.0,6.0,50,5,100
0,0,0,0,-999,0,0,0,0,0,0,0,0,8.0,6.0,50,5,150
0,0,0,0,-999,0,0,0,0,0,0,0,0,8.0,6.0,50,5,200
0,0,0,0,-999,0,0,0,0,0,0,0,0,8.0,6.0,50,5,300
0,0,0,0,-999,0,0,0,0,0,0,0,0,8.0,6.0,50,5,500
0,0,0,0,-999,0,0,0,0,0,0,0,0,8.0,6.0,50,5,1000
0,0,0,0,-999,0,0,0,0,0,0,0,0,8.0,6.0,50,7,100
0,0,0,0,-999,0,0,0,0,0,0,0,0,8.0,6.0,50,7,150
0,0,0,0,-999,0,0,0,0,0,0,0,0,8.0,6.0,50,7,200
0,0,0,0,-999,0,0,0,0,0,0,0,0,8.0,6.0,50,7,300
0,0,0,0,-999,0,0,0,0,0,0,0,0,8.0,6.0,50,7,500
0,0,0,0,-999,0,0,0,0,0,0,0,0,8.0,6.0,50,7,1000
0,0,0,0,-999,0,0,0,0,0,0,0,0,10.0,2.0,50,1,100
0,0,0,0,-999,0,0,0,0,0,0,0,0,10.0,2.0,50,1,150
0,0,0,0,-999,0,0,0,0,0,0,0,0,10.0,2.0,50,1,200
0,0,0,0,-999,0,0,0,0,0,0,0,0,10.0,2.0,50,1,300
0,0,0,0,-999,0,0,0,0,0,0,0,0,10.0,2.0,50,1,500
0,0,0,0,-999,0,0,0,0,0,0,0,0,10.0,2.0,50,1,1000
0,0,0,0,-999,0,0,0,0,0,0,0,0,10.0,2.0,50,2,100
0,0,0,0,-999,0,0,0,0,0,0,0,0,10.0,2.0,50,2,150
0,0,0,0,-999,0,0,0,0,0,0,0,0,10.0,2.0,50,2,200
0,0,0,0,-999,0,0,0,0,0,0,0,0,10.0,2.0,50,2,300
0,0,0,0,-999,0,0,0,0,0,0,0,0,10.0,2.0,50,2,500
0,0,0,0,-999,0,0,0,0,0,0,0,0,10.0,2.0,50,2,1000
0,0,0,0,-999,0,0,0,0,0,0,0,0,10.0,2.0,50,3,100
0,0,0,0,-999,0,0,0,0,0,0,0,0,10.0,2.0,50,3,150
0,0,0,0,-999,0,0,0,0,0,0,0,0,10.0,2.0,50,3,200
0,0,0,0,-999,0,0,0,0,0,0,0,0,10.0,2.0,50,3,300
0,0,0,0,-999,0,0,0,0,0,0,0,0,10.0,2.0,50,3,500
0,0,0,0,-999,0,0,0,0,0,0,0,0,10.0,2.0,50,3,1000
0,0,0,0,-999,0,0,0,0,0,0,0,0,10.0,2.0,50,4,100
0,0,0,0,-999,0,0,0,0,0,0,0,0,10.0,2.0,50,4,150
0,0,0,0,-999,0,0,0,0,0,0,0,0,10.0,2.0,50,4,200
0,0,0,0,-999,0,0,0,0,0,0,0,0,10.0,2.0,50,4,300
0,0,0,0,-999,0,0,0,0,0,0,0,0,10.0,2.0,50,4,500
0,0,0,0,-999,0,0,0,0,0,0,0,0,10.0,2.0,50,4,1000
0,0,0,0,-999,0,0,0,0,0,0,0,0,10.0,2.0,50,5,100
0,0,0,0,-999,0,0,0,0,0,0,0,0,10.0,2.0,50,5,150
0,0,0,0,-999,0,0,0,0,0,0,0,0,10.0,2.0,50,5,200
0,0,0,0,-999,0,0,0,0,0,0,0,0,10.0,2.0,50,5,300
0,0,0,0,-999,0,0,0,0,0,0,0,0,10.0,2.0,50,5,500
0,0,0,0,-999,0,0,0,0,0,0,0,0,10.0,2.0,50,5,1000
0,0,0,0,-999,0,0,0,0,0,0,0,0,10.0,2.0,50,7,100
0,0,0,0,-999,0,0,0,0,0,0,0,0,10.0,2.0,50,7,150
0,0,0,0,-999,0,0,0,0,0,0,0,0,10.0,2.0,50,7,200
0,0,0,0,-999,0,0,0,0,0,0,0,0,10.0,2.0,50,7,300
0,0,0,0,-999,0,0,0,0,0,0,0,0,10.0,2.0,50,7,500
0,0,0,0,-999,0,0,0,0,0,0,0,0,10.0,2.0,50,7,1000
0,0,0,0,-999,0,0,0,0,0,0,0,0,10.0,3.0,50,1,100
0,0,0,0,-999,0,0,0,0,0,0,0,0,10.0,3.0,50,1,150
0,0,0,0,-999,0,0,0,0,0,0,0,0,10.0,3.0,50,1,200
0,0,0,0,-999,0,0,0,0,0,0,0,0,10.0,3.0,50,1,300
0,0,0,0,-999,0,0,0,0,0,0,0,0,10.0,3.0,50,1,500
0,0,0,0,-999,0,0,0,0,0,0,0,0,10.0,3.0,50,1,1000
0,0,0,0,-999,0,0,0,0,0,0,0,0,10.0,3.0,50,2,100
0,0,0,0,-999,0,0,0,0,0,0,0,0,10.0,3.0,50,2,150
0,0,0,0,-999,0,0,0,0,0,0,0,0,10.0,3.0,50,2,200
0,0,0,0,-999,0,0,0,0,0,0,0,0,10.0,3.0,50,2,300
0,0,0,0,-999,0,0,0,0,0,0,0,0,10.0,3.0,50,2,500
0,0,0,0,-999,0,0,0,0,0,0,0,0,10.0,3.0,50,2,1000
0,0,0,0,-999,0,0,0,0,0,0,0,0,10.0,3.0,50,3,100
0,0,0,0,-999,0,0,0,0,0,0,0,0,10.0,3.0,50,3,150
0,0,0,0,-999,0,0,0,0,0,0,0,0,10.0,3.0,50,3,200
0,0,0,0,-999,0,0,0,0,0,0,0,0,10.0,3.0,50,3,300
0,0,0,0,-999,0,0,0,0,0,0,0,0,10.0,3.0,50,3,500
0,0,0,0,-999,0,0,0,0,0,0,0,0,10.0,3.0,50,3,1000
0,0,0,0,-999,0,0,0,0,0,0,0,0,10.0,3.0,50,4,100
0,0,0,0,-999,0,0,0,0,0,0,0,0,10.0,3.0,50,4,150
0,0,0,0,-999,0,0,0,0,0,0,0,0,10.0,3.0,50,4,200
0,0,0,0,-999,0,0,0,0,0,0,0,0,10.0,3.0,50,4,300
0,0,0,0,-999,0,0,0,0,0,0,0,0,10.0,3.0,50,4,500
0,0,0,0,-999,0,0,0,0,0,0,0,0,10.0,3.0,50,4,1000
0,0,0,0,-999,0,0,0,0,0,0,0,0,10.0,3.0,50,5,100
0,0,0,0,-999,0,0,0,0,0,0,0,0,10.0,3.0,50,5,150
0,0,0,0,-999,0,0,0,0,0,0,0,0,10.0,3.0,50,5,200
0,0,0,0,-999,0,0,0,0,0,0,0,0,10.0,3.0,50,5,300
0,0,0,0,-999,0,0,0,0,0,0,0,0,10.0,3.0,50,5,500
0,0,0,0,-999,0,0,0,0,0,0,0,0,10.0,3.0,50,5,1000
0,0,0,0,-999,0,0,0,0,0,0,0,0,10.0,3.0,50,7,100
0,0,0,0,-999,0,0,0,0,0,0,0,0,10.0,3.0,50,7,150
0,0,0,0,-999,0,0,0,0,0,0,0,0,10.0,3.0,50,7,200
0,0,0,0,-999,0,0,0,0,0,0,0,0,10.0,3.0,50,7,300
0,0,0,0,-999,0,0,0,0,0,0,0,0,10.0,3.0,50,7,500
0,0,0,0,-999,0,0,0,0,0,0,0,0,10.0,3.0,50,7,1000
0,0,0,0,-999,0,0,0,0,0,0,0,0,10.0,4.0,50,1,100
0,0,0,0,-999,0,0,0,0,0,0,0,0,10.0,4.0,50,1,150
0,0,0,0,-999,0,0,0,0,0,0,0,0,10.0,4.0,50,1,200
0,0,0,0,-999,0,0,0,0,0,0,0,0,10.0,4.0,50,1,300
0,0,0,0,-999,0,0,0,0,0,0,0,0,10.0,4.0,50,1,500
0,0,0,0,-999,0,0,0,0,0,0,0,0,10.0,4.0,50,1,1000
0,0,0,0,-999,0,0,0,0,0,0,0,0,10.0,4.0,50,2,100
0,0,0,0,-999,0,0,0,0,0,0,0,0,10.0,4.0,50,2,150
0,0,0,0,-999,0,0,0,0,0,0,0,0,10.0,4.0,50,2,200
0,0,0,0,-999,0,0,0,0,0,0,0,0,10.0,4.0,50,2,300
0,0,0,0,-999,0,0,0,0,0,0,0,0,10.0,4.0,50,2,500
0,0,0,0,-999,0,0,0,0,0,0,0,0,10.0,4.0,50,2,1000
0,0,0,0,-999,0,0,0,0,0,0,0,0,10.0,4.0,50,3,100
0,0,0,0,-999,0,0,0,0,0,0,0,0,10.0,4.0,50,3,150
0,0,0,0,-999,0,0,0,0,0,0,0,0,10.0,4.0,50,3,200
0,0,0,0,-999,0,0,0,0,0,0,0,0,10.0,4.0,50,3,300
0,0,0,0,-999,0,0,0,0,0,0,0,0,10.0,4.0,50,3,500
0,0,0,0,-999,0,0,0,0,0,0,0,0,10.0,4.0,50,3,1000
0,0,0,0,-999,0,0,0,0,0,0,0,0,10.0,4.0,50,4,100
0,0,0,0,-999,0,0,0,0,0,0,0,0,10.0,4.0,50,4,150
0,0,0,0,-999,0,0,0,0,0,0,0,0,10.0,4.0,50,4,200
0,0,0,0,-999,0,0,0,0,0,0,0,0,10.0,4.0,50,4,300
0,0,0,0,-999,0,0,0,0,0,0,0,0,10.0,4.0,50,4,500
0,0,0,0,-999,0,0,0,0,0,0,0,0,10.0,4.0,50,4,1000
0,0,0,0,-999,0,0,0,0,0,0,0,0,10.0,4.0,50,5,100
0,0,0,0,-999,0,0,0,0,0,0,0,0,10.0,4.0,50,5,150
0,0,0,0,-999,0,0,0,0,0,0,0,0,10.0,4.0,50,5,200
0,0,0,0,-999,0,0,0,0,0,0,0,0,10.0,4.0,50,5,300
0,0,0,0,-999,0,0,0,0,0,0,0,0,10.0,4.0,50,5,500
0,0,0,0,-999,0,0,0,0,0,0,0,0,10.0,4.0,50,5,1000
0,0,0,0,-999,0,0,0,0,0,0,0,0,10.0,4.0,50,7,100
0,0,0,0,-999,0,0,0,0,0,0,0,0,10.0,4.0,50,7,150
0,0,0,0,-999,0,0,0,0,0,0,0,0,10.0,4.0,50,7,200
0,0,0,0,-999,0,0,0,0,0,0,0,0,10.0,4.0,50,7,300
0,0,0,0,-999,0,0,0,0,0,0,0,0,10.0,4.0,50,7,500
0,0,0,0,-999,0,0,0,0,0,0,0,0,10.0,4.0,50,7,1000
0,0,0,0,-999,0,0,0,0,0,0,0,0,10.0,5.0,50,1,100
0,0,0,0,-999,0,0,0,0,0,0,0,0,10.0,5.0,50,1,150
0,0,0,0,-999,0,0,0,0,0,0,0,0,10.0,5.0,50,1,200
0,0,0,0,-999,0,0,0,0,0,0,0,0,10.0,5.0,50,1,300
0,0,0,0,-999,0,0,0,0,0,0,0,0,10.0,5.0,50,1,500
0,0,0,0,-999,0,0,0,0,0,0,0,0,10.0,5.0,50,1,1000
0,0,0,0,-999,0,0,0,0,0,0,0,0,10.0,5.0,50,2,100
0,0,0,0,-999,0,0,0,0,0,0,0,0,10.0,5.0,50,2,150
0,0,0,0,-999,0,0,0,0,0,0,0,0,10.0,5.0,50,2,200
0,0,0,0,-999,0,0,0,0,0,0,0,0,10.0,5.0,50,2,300
0,0,0,0,-999,0,0,0,0,0,0,0,0,10.0,5.0,50,2,500
0,0,0,0,-999,0,0,0,0,0,0,0,0,10.0,5.0,50,2,1000
0,0,0,0,-999,0,0,0,0,0,0,0,0,10.0,5.0,50,3,100
0,0,0,0,-999,0,0,0,0,0,0,0,0,10.0,5.0,50,3,150
0,0,0,0,-999,0,0,0,0,0,0,0,0,10.0,5.0,50,3,200
0,0,0,0,-999,0,0,0,0,0,0,0,0,10.0,5.0,50,3,300
0,0,0,0,-999,0,0,0,0,0,0,0,0,10.0,5.0,50,3,500
0,0,0,0,-999,0,0,0,0,0,0,0,0,10.0,5.0,50,3,1000
0,0,0,0,-999,0,0,0,0,0,0,0,0,10.0,5.0,50,4,100
0,0,0,0,-999,0,0,0,0,0,0,0,0,10.0,5.0,50,4,150
0,0,0,0,-999,0,0,0,0,0,0,0,0,10.0,5.0,50,4,200
0,0,0,0,-999,0,0,0,0,0,0,0,0,10.0,5.0,50,4,300
0,0,0,0,-999,0,0,0,0,0,0,0,0,10.0,5.0,50,4,500
0,0,0,0,-999,0,0,0,0,0,0,0,0,10.0,5.0,50,4,1000
0,0,0,0,-999,0,0,0,0,0,0,0,0,10.0,5.0,50,5,100
0,0,0,0,-999,0,0,0,0,0,0,0,0,10.0,5.0,50,5,150
0,0,0,0,-999,0,0,0,0,0,0,0,0,10.0,5.0,50,5,200
0,0,0,0,-999,0,0,0,0,0,0,0,0,10.0,5.0,50,5,300
0,0,0,0,-999,0,0,0,0,0,0,0,0,10.0,5.0,50,5,500
0,0,0,0,-999,0,0,0,0,0,0,0,0,10.0,5.0,50,5,1000
0,0,0,0,-999,0,0,0,0,0,0,0,0,10.0,5.0,50,7,100
0,0,0,0,-999,0,0,0,0,0,0,0,0,10.0,5.0,50,7,150
0,0,0,0,-999,0,0,0,0,0,0,0,0,10.0,5.0,50,7,200
0,0,0,0,-999,0,0,0,0,0,0,0,0,10.0,5.0,50,7,300
0,0,0,0,-999,0,0,0,0,0,0,0,0,10.0,5.0,50,7,500
0,0,0,0,-999,0,0,0,0,0,0,0,0,10.0,5.0,50,7,1000
0,0,0,0,-999,0,0,0,0,0,0,0,0,10.0,6.0,50,1,100
0,0,0,0,-999,0,0,0,0,0,0,0,0,10.0,6.0,50,1,150
0,0,0,0,-999,0,0,0,0,0,0,0,0,10.0,6.0,50,1,200
0,0,0,0,-999,0,0,0,0,0,0,0,0,10.0,6.0,50,1,300
0,0,0,0,-999,0,0,0,0,0,0,0,0,10.0,6.0,50,1,500
0,0,0,0,-999,0,0,0,0,0,0,0,0,10.0,6.0,50,1,1000
0,0,0,0,-999,0,0,0,0,0,0,0,0,10.0,6.0,50,2,100
0,0,0,0,-999,0,0,0,0,0,0,0,0,10.0,6.0,50,2,150
0,0,0,0,-999,0,0,0,0,0,0,0,0,10.0,6.0,50,2,200
0,0,0,0,-999,0,0,0,0,0,0,0,0,10.0,6.0,50,2,300
0,0,0,0,-999,0,0,0,0,0,0,0,0,10.0,6.0,50,2,500
0,0,0,0,-999,0,0,0,0,0,0,0,0,10.0,6.0,50,2,1000
0,0,0,0,-999,0,0,0,0,0,0,0,0,10.0,6.0,50,3,100
0,0,0,0,-999,0,0,0,0,0,0,0,0,10.0,6.0,50,3,150
0,0,0,0,-999,0,0,0,0,0,0,0,0,10.0,6.0,50,3,200
0,0,0,0,-999,0,0,0,0,0,0,0,0,10.0,6.0,50,3,300
0,0,0,0,-999,0,0,0,0,0,0,0,0,10.0,6.0,50,3,500
0,0,0,0,-999,0,0,0,0,0,0,0,0,10.0,6.0,50,3,1000
0,0,0,0,-999,0,0,0,0,0,0,0,0,10.0,6.0,50,4,100
0,0,0,0,-999,0,0,0,0,0,0,0,0,10.0,6.0,50,4,150
0,0,0,0,-999,0,0,0,0,0,0,0,0,10.0,6.0,50,4,200
0,0,0,0,-999,0,0,0,0,0,0,0,0,10.0,6.0,50,4,300
0,0,0,0,-999,0,0,0,0,0,0,0,0,10.0,6.0,50,4,500
0,0,0,0,-999,0,0,0,0,0,0,0,0,10.0,6.0,50,4,1000
0,0,0,0,-999,0,0,0,0,0,0,0,0,10.0,6.0,50,5,100
0,0,0,0,-999,0,0,0,0,0,0,0,0,10.0,6.0,50,5,150
0,0,0,0,-999,0,0,0,0,0,0,0,0,10.0,6.0,50,5,200
0,0,0,0,-999,0,0,0,0,0,0,0,0,10.0,6.0,50,5,300
0,0,0,0,-999,0,0,0,0,0,0,0,0,10.0,6.0,50,5,500
0,0,0,0,-999,0,0,0,0,0,0,0,0,10.0,6.0,50,5,1000
0,0,0,0,-999,0,0,0,0,0,0,0,0,10.0,6.0,50,7,100
0,0,0,0,-999,0,0,0,0,0,0,0,0,10.0,6.0,50,7,150
0,0,0,0,-999,0,0,0,0,0,0,0,0,10.0,6.0,50,7,200
0,0,0,0,-999,0,0,0,0,0,0,0,0,10.0,6.0,50,7,300
0,0,0,0,-999,0,0,0,0,0,0,0,0,10.0,6.0,50,7,500
0,0,0,0,-999,0,0,0,0,0,0,0,0,10.0,6.0,50,7,1000
0,0,0,0,-999,0,0,0,0,0,0,0,0,12.0,2.0,50,1,100
0,0,0,0,-999,0,0,0,0,0,0,0,0,12.0,2.0,50,1,150
0,0,0,0,-999,0,0,0,0,0,0,0,0,12.0,2.0,50,1,200
0,0,0,0,-999,0,0,0,0,0,0,0,0,12.0,2.0,50,1,300
0,0,0,0,-999,0,0,0,0,0,0,0,0,12.0,2.0,50,1,500
0,0,0,0,-999,0,0,0,0,0,0,0,0,12.0,2.0,50,1,1000
0,0,0,0,-999,0,0,0,0,0,0,0,0,12.0,2.0,50,2,100
0,0,0,0,-999,0,0,0,0,0,0,0,0,12.0,2.0,50,2,150
0,0,0,0,-999,0,0,0,0,0,0,0,0,12.0,2.0,50,2,200
0,0,0,0,-999,0,0,0,0,0,0,0,0,12.0,2.0,50,2,300
0,0,0,0,-999,0,0,0,0,0,0,0,0,12.0,2.0,50,2,500
0,0,0,0,-999,0,0,0,0,0,0,0,0,12.0,2.0,50,2,1000
0,0,0,0,-999,0,0,0,0,0,0,0,0,12.0,2.0,50,3,100
0,0,0,0,-999,0,0,0,0,0,0,0,0,12.0,2.0,50,3,150
0,0,0,0,-999,0,0,0,0,0,0,0,0,12.0,2.0,50,3,200
0,0,0,0,-999,0,0,0,0,0,0,0,0,12.0,2.0,50,3,300
0,0,0,0,-999,0,0,0,0,0,0,0,0,12.0,2.0,50,3,500
0,0,0,0,-999,0,0,0,0,0,0,0,0,12.0,2.0,50,3,1000
0,0,0,0,-999,0,0,0,0,0,0,0,0,12.0,2.0,50,4,100
0,0,0,0,-999,0,0,0,0,0,0,0,0,12.0,2.0,50,4,150
0,0,0,0,-999,0,0,0,0,0,0,0,0,12.0,2.0,50,4,200
0,0,0,0,-999,0,0,0,0,0,0,0,0,12.0,2.0,50,4,300
0,0,0,0,-999,0,0,0,0,0,0,0,0,12.0,2.0,50,4,500
0,0,0,0,-999,0,0,0,0,0,0,0,0,12.0,2.0,50,4,1000
0,0,0,0,-999,0,0,0,0,0,0,0,0,12.0,2.0,50,5,100
0,0,0,0,-999,0,0,0,0,0,0,0,0,12.0,2.0,50,5,150
0,0,0,0,-999,0,0,0,0,0,0,0,0,12.0,2.0,50,5,200
0,0,0,0,-999,0,0,0,0,0,0,0,0,12.0,2.0,50,5,300
0,0,0,0,-999,0,0,0,0,0,0,0,0,12.0,2.0,50,5,500
0,0,0,0,-999,0,0,0,0,0,0,0,0,12.0,2.0,50,5,1000
0,0,0,0,-999,0,0,0,0,0,0,0,0,12.0,2.0,50,7,100
0,0,0,0,-999,0,0,0,0,0,0,0,0,12.0,2.0,50,7,150
0,0,0,0,-999,0,0,0,0,0,0,0,0,12.0,2.0,50,7,200
0,0,0,0,-999,0,0,0,0,0,0,0,0,12.0,2.0,50,7,300
0,0,0,0,-999,0,0,0,0,0,0,0,0,12.0,2.0,50,7,500
0,0,0,0,-999,0,0,0,0,0,0,0,0,12.0,2.0,50,7,1000
0,0,0,0,-999,0,0,0,0,0,0,0,0,12.0,3.0,50,1,100
0,0,0,0,-999,0,0,0,0,0,0,0,0,12.0,3.0,50,1,150
0,0,0,0,-999,0,0,0,0,0,0,0,0,12.0,3.0,50,1,200
0,0,0,0,-999,0,0,0,0,0,0,0,0,12.0,3.0,50,1,300
0,0,0,0,-999,0,0,0,0,0,0,0,0,12.0,3.0,50,1,500
0,0,0,0,-999,0,0,0,0,0,0,0,0,12.0,3.0,50,1,1000
0,0,0,0,-999,0,0,0,0,0,0,0,0,12.0,3.0,50,2,100
0,0,0,0,-999,0,0,0,0,0,0,0,0,12.0,3.0,50,2,150
0,0,0,0,-999,0,0,0,0,0,0,0,0,12.0,3.0,50,2,200
0,0,0,0,-999,0,0,0,0,0,0,0,0,12.0,3.0,50,2,300
0,0,0,0,-999,0,0,0,0,0,0,0,0,12.0,3.0,50,2,500
0,0,0,0,-999,0,0,0,0,0,0,0,0,12.0,3.0,50,2,1000
0,0,0,0,-999,0,0,0,0,0,0,0,0,12.0,3.0,50,3,100
0,0,0,0,-999,0,0,0,0,0,0,0,0,12.0,3.0,50,3,150
0,0,0,0,-999,0,0,0,0,0,0,0,0,12.0,3.0,50,3,200
0,0,0,0,-999,0,0,0,0,0,0,0,0,12.0,3.0,50,3,300
0,0,0,0,-999,0,0,0,0,0,0,0,0,12.0,3.0,50,3,500
0,0,0,0,-999,0,0,0,0,0,0,0,0,12.0,3.0,50,3,1000
0,0,0,0,-999,0,0,0,0,0,0,0,0,12.0,3.0,50,4,100
0,0,0,0,-999,0,0,0,0,0,0,0,0,12.0,3.0,50,4,150
0,0,0,0,-999,0,0,0,0,0,0,0,0,12.0,3.0,50,4,200
0,0,0,0,-999,0,0,0,0,0,0,0,0,12.0,3.0,50,4,300
0,0,0,0,-999,0,0,0,0,0,0,0,0,12.0,3.0,50,4,500
0,0,0,0,-999,0,0,0,0,0,0,0,0,12.0,3.0,50,4,1000
0,0,0,0,-999,0,0,0,0,0,0,0,0,12.0,3.0,50,5,100
0,0,0,0,-999,0,0,0,0,0,0,0,0,12.0,3.0,50,5,150
0,0,0,0,-999,0,0,0,0,0,0,0,0,12.0,3.0,50,5,200
0,0,0,0,-999,0,0,0,0,0,0,0,0,12.0,3.0,50,5,300
0,0,0,0,-999,0,0,0,0,0,0,0,0,12.0,3.0,50,5,500
0,0,0,0,-999,0,0,0,0,0,0,0,0,12.0,3.0,50,5,1000
0,0,0,0,-999,0,0,0,0,0,0,0,0,12.0,3.0,50,7,100
0,0,0,0,-999,0,0,0,0,0,0,0,0,12.0,3.0,50,7,150
0,0,0,0,-999,0,0,0,0,0,0,0,0,12.0,3.0,50,7,200
0,0,0,0,-999,0,0,0,0,0,0,0,0,12.0,3.0,50,7,300
0,0,0,0,-999,0,0,0,0,0,0,0,0,12.0,3.0,50,7,500
0,0,0,0,-999,0,0,0,0,0,0,0,0,12.0,3.0,50,7,1000
0,0,0,0,-999,0,0,0,0,0,0,0,0,12.0,4.0,50,1,100
0,0,0,0,-999,0,0,0,0,0,0,0,0,12.0,4.0,50,1,150
0,0,0,0,-999,0,0,0,0,0,0,0,0,12.0,4.0,50,1,200
0,0,0,0,-999,0,0,0,0,0,0,0,0,12.0,4.0,50,1,300
0,0,0,0,-999,0,0,0,0,0,0,0,0,12.0,4.0,50,1,500
0,0,0,0,-999,0,0,0,0,0,0,0,0,12.0,4.0,50,1,1000
0,0,0,0,-999,0,0,0,0,0,0,0,0,12.0,4.0,50,2,100
0,0,0,0,-999,0,0,0,0,0,0,0,0,12.0,4.0,50,2,150
0,0,0,0,-999,0,0,0,0,0,0,0,0,12.0,4.0,50,2,200
0,0,0,0,-999,0,0,0,0,0,0,0,0,12.0,4.0,50,2,300
0,0,0,0,-999,0,0,0,0,0,0,0,0,12.0,4.0,50,2,500
0,0,0,0,-999,0,0,0,0,0,0,0,0,12.0,4.0,50,2,1000
0,0,0,0,-999,0,0,0,0,0,0,0,0,12.0,4.0,50,3,100
0,0,0,0,-999,0,0,0,0,0,0,0,0,12.0,4.0,50,3,150
0,0,0,0,-999,0,0,0,0,0,0,0,0,12.0,4.0,50,3,200
0,0,0,0,-999,0,0,0,0,0,0,0,0,12.0,4.0,50,3,300
0,0,0,0,-999,0,0,0,0,0,0,0,0,12.0,4.0,50,3,500
0,0,0,0,-999,0,0,0,0,0,0,0,0,12.0,4.0,50,3,1000
0,0,0,0,-999,0,0,0,0,0,0,0,0,12.0,4.0,50,4,100
0,0,0,0,-999,0,0,0,0,0,0,0,0,12.0,4.0,50,4,150
0,0,0,0,-999,0,0,0,0,0,0,0,0,12.0,4.0,50,4,200
0,0,0,0,-999,0,0,0,0,0,0,0,0,12.0,4.0,50,4,300
0,0,0,0,-999,0,0,0,0,0,0,0,0,12.0,4.0,50,4,500
0,0,0,0,-999,0,0,0,0,0,0,0,0,12.0,4.0,50,4,1000
0,0,0,0,-999,0,0,0,0,0,0,0,0,12.0,4.0,50,5,100
0,0,0,0,-999,0,0,0,0,0,0,0,0,12.0,4.0,50,5,150
0,0,0,0,-999,0,0,0,0,0,0,0,0,12.0,4.0,50,5,200
0,0,0,0,-999,0,0,0,0,0,0,0,0,12.0,4.0,50,5,300
0,0,0,0,-999,0,0,0,0,0,0,0,0,12.0,4.0,50,5,500
0,0,0,0,-999,0,0,0,0,0,0,0,0,12.0,4.0,50,5,1000
0,0,0,0,-999,0,0,0,0,0,0,0,0,12.0,4.0,50,7,100
0,0,0,0,-999,0,0,0,0,0,0,0,0,12.0,4.0,50,7,150
0,0,0,0,-999,0,0,0,0,0,0,0,0,12.0,4.0,50,7,200
0,0,0,0,-999,0,0,0,0,0,0,0,0,12.0,4.0,50,7,300
0,0,0,0,-999,0,0,0,0,0,0,0,0,12.0,4.0,50,7,500
0,0,0,0,-999,0,0,0,0,0,0,0,0,12.0,4.0,50,7,1000
0,0,0,0,-999,0,0,0,0,0,0,0,0,12.0,5.0,50,1,100
0,0,0,0,-999,0,0,0,0,0,0,0,0,12.0,5.0,50,1,150
0,0,0,0,-999,0,0,0,0,0,0,0,0,12.0,5.0,50,1,200
0,0,0,0,-999,0,0,0,0,0,0,0,0,12.0,5.0,50,1,300
0,0,0,0,-999,0,0,0,0,0,0,0,0,12.0,5.0,50,1,500
0,0,0,0,-999,0,0,0,0,0,0,0,0,12.0,5.0,50,1,1000
0,0,0,0,-999,0,0,0,0,0,0,0,0,12.0,5.0,50,2,100
0,0,0,0,-999,0,0,0,0,0,0,0,0,12.0,5.0,50,2,150
0,0,0,0,-999,0,0,0,0,0,0,0,0,12.0,5.0,50,2,200
0,0,0,0,-999,0,0,0,0,0,0,0,0,12.0,5.0,50,2,300
0,0,0,0,-999,0,0,0,0,0,0,0,0,12.0,5.0,50,2,500
0,0,0,0,-999,0,0,0,0,0,0,0,0,12.0,5.0,50,2,1000
0,0,0,0,-999,0,0,0,0,0,0,0,0,12.0,5.0,50,3,100
0,0,0,0,-999,0,0,0,0,0,0,0,0,12.0,5.0,50,3,150
0,0,0,0,-999,0,0,0,0,0,0,0,0,12.0,5.0,50,3,200
0,0,0,0,-999,0,0,0,0,0,0,0,0,12.0,5.0,50,3,300
0,0,0,0,-999,0,0,0,0,0,0,0,0,12.0,5.0,50,3,500
0,0,0,0,-999,0,0,0,0,0,0,0,0,12.0,5.0,50,3,1000
0,0,0,0,-999,0,0,0,0,0,0,0,0,12.0,5.0,50,4,100
0,0,0,0,-999,0,0,0,0,0,0,0,0,12.0,5.0,50,4,150
0,0,0,0,-999,0,0,0,0,0,0,0,0,12.0,5.0,50,4,200
0,0,0,0,-999,0,0,0,0,0,0,0,0,12.0,5.0,50,4,300
0,0,0,0,-999,0,0,0,0,0,0,0,0,12.0,5.0,50,4,500
0,0,0,0,-999,0,0,0,0,0,0,0,0,12.0,5.0,50,4,1000
0,0,0,0,-999,0,0,0,0,0,0,0,0,12.0,5.0,50,5,100
0,0,0,0,-999,0,0,0,0,0,0,0,0,12.0,5.0,50,5,150
0,0,0,0,-999,0,0,0,0,0,0,0,0,12.0,5.0,50,5,200
0,0,0,0,-999,0,0,0,0,0,0,0,0,12.0,5.0,50,5,300
0,0,0,0,-999,0,0,0,0,0,0,0,0,12.0,5.0,50,5,500
0,0,0,0,-999,0,0,0,0,0,0,0,0,12.0,5.0,50,5,1000
0,0,0,0,-999,0,0,0,0,0,0,0,0,12.0,5.0,50,7,100
0,0,0,0,-999,0,0,0,0,0,0,0,0,12.0,5.0,50,7,150
0,0,0,0,-999,0,0,0,0,0,0,0,0,12.0,5.0,50,7,200
0,0,0,0,-999,0,0,0,0,0,0,0,0,12.0,5.0,50,7,300
0,0,0,0,-999,0,0,0,0,0,0,0,0,12.0,5.0,50,7,500
0,0,0,0,-999,0,0,0,0,0,0,0,0,12.0,5.0,50,7,1000
0,0,0,0,-999,0,0,0,0,0,0,0,0,12.0,6.0,50,1,100
0,0,0,0,-999,0,0,0,0,0,0,0,0,12.0,6.0,50,1,150
0,0,0,0,-999,0,0,0,0,0,0,0,0,12.0,6.0,50,1,200
0,0,0,0,-999,0,0,0,0,0,0,0,0,12.0,6.0,50,1,300
0,0,0,0,-999,0,0,0,0,0,0,0,0,12.0,6.0,50,1,500
0,0,0,0,-999,0,0,0,0,0,0,0,0,12.0,6.0,50,1,1000
0,0,0,0,-999,0,0,0,0,0,0,0,0,12.0,6.0,50,2,100
0,0,0,0,-999,0,0,0,0,0,0,0,0,12.0,6.0,50,2,150
0,0,0,0,-999,0,0,0,0,0,0,0,0,12.0,6.0,50,2,200
0,0,0,0,-999,0,0,0,0,0,0,0,0,12.0,6.0,50,2,300
0,0,0,0,-999,0,0,0,0,0,0,0,0,12.0,6.0,50,2,500
0,0,0,0,-999,0,0,0,0,0,0,0,0,12.0,6.0,50,2,1000
0,0,0,0,-999,0,0,0,0,0,0,0,0,12.0,6.0,50,3,100
0,0,0,0,-999,0,0,0,0,0,0,0,0,12.0,6.0,50,3,150
0,0,0,0,-999,0,0,0,0,0,0,0,0,12.0,6.0,50,3,200
0,0,0,0,-999,0,0,0,0,0,0,0,0,12.0,6.0,50,3,300
0,0,0,0,-999,0,0,0,0,0,0,0,0,12.0,6.0,50,3,500
0,0,0,0,-999,0,0,0,0,0,0,0,0,12.0,6.0,50,3,1000
0,0,0,0,-999,0,0,0,0,0,0,0,0,12.0,6.0,50,4,100
0,0,0,0,-999,0,0,0,0,0,0,0,0,12.0,6.0,50,4,150
0,0,0,0,-999,0,0,0,0,0,0,0,0,12.0,6.0,50,4,200
0,0,0,0,-999,0,0,0,0,0,0,0,0,12.0,6.0,50,4,300
0,0,0,0,-999,0,0,0,0,0,0,0,0,12.0,6.0,50,4,500
0,0,0,0,-999,0,0,0,0,0,0,0,0,12.0,6.0,50,4,1000
0,0,0,0,-999,0,0,0,0,0,0,0,0,12.0,6.0,50,5,100
0,0,0,0,-999,0,0,0,0,0,0,0,0,12.0,6.0,50,5,150
0,0,0,0,-999,0,0,0,0,0,0,0,0,12.0,6.0,50,5,200
0,0,0,0,-999,0,0,0,0,0,0,0,0,12.0,6.0,50,5,300
0,0,0,0,-999,0,0,0,0,0,0,0,0,12.0,6.0,50,5,500
0,0,0,0,-999,0,0,0,0,0,0,0,0,12.0,6.0,50,5,1000
0,0,0,0,-999,0,0,0,0,0,0,0,0,12.0,6.0,50,7,100
0,0,0,0,-999,0,0,0,0,0,0,0,0,12.0,6.0,50,7,150
0,0,0,0,-999,0,0,0,0,0,0,0,0,12.0,6.0,50,7,200
0,0,0,0,-999,0,0,0,0,0,0,0,0,12.0,6.0,50,7,300
0,0,0,0,-999,0,0,0,0,0,0,0,0,12.0,6.0,50,7,500
0,0,0,0,-999,0,0,0,0,0,0,0,0,12.0,6.0,50,7,1000
0,0,0,0,-999,0,0,0,0,0,0,0,0,15.0,2.0,50,1,100
0,0,0,0,-999,0,0,0,0,0,0,0,0,15.0,2.0,50,1,150
0,0,0,0,-999,0,0,0,0,0,0,0,0,15.0,2.0,50,1,200
0,0,0,0,-999,0,0,0,0,0,0,0,0,15.0,2.0,50,1,300
0,0,0,0,-999,0,0,0,0,0,0,0,0,15.0,2.0,50,1,500
0,0,0,0,-999,0,0,0,0,0,0,0,0,15.0,2.0,50,1,1000
0,0,0,0,-999,0,0,0,0,0,0,0,0,15.0,2.0,50,2,100
0,0,0,0,-999,0,0,0,0,0,0,0,0,15.0,2.0,50,2,150
0,0,0,0,-999,0,0,0,0,0,0,0,0,15.0,2.0,50,2,200
0,0,0,0,-999,0,0,0,0,0,0,0,0,15.0,2.0,50,2,300
0,0,0,0,-999,0,0,0,0,0,0,0,0,15.0,2.0,50,2,500
0,0,0,0,-999,0,0,0,0,0,0,0,0,15.0,2.0,50,2,1000
0,0,0,0,-999,0,0,0,0,0,0,0,0,15.0,2.0,50,3,100
0,0,0,0,-999,0,0,0,0,0,0,0,0,15.0,2.0,50,3,150
0,0,0,0,-999,0,0,0,0,0,0,0,0,15.0,2.0,50,3,200
0,0,0,0,-999,0,0,0,0,0,0,0,0,15.0,2.0,50,3,300
0,0,0,0,-999,0,0,0,0,0,0,0,0,15.0,2.0,50,3,500
0,0,0,0,-999,0,0,0,0,0,0,0,0,15.0,2.0,50,3,1000
0,0,0,0,-999,0,0,0,0,0,0,0,0,15.0,2.0,50,4,100
0,0,0,0,-999,0,0,0,0,0,0,0,0,15.0,2.0,50,4,150
0,0,0,0,-999,0,0,0,0,0,0,0,0,15.0,2.0,50,4,200
0,0,0,0,-999,0,0,0,0,0,0,0,0,15.0,2.0,50,4,300
0,0,0,0,-999,0,0,0,0,0,0,0,0,15.0,2.0,50,4,500
0,0,0,0,-999,0,0,0,0,0,0,0,0,15.0,2.0,50,4,1000
0,0,0,0,-999,0,0,0,0,0,0,0,0,15.0,2.0,50,5,100
0,0,0,0,-999,0,0,0,0,0,0,0,0,15.0,2.0,50,5,150
0,0,0,0,-999,0,0,0,0,0,0,0,0,15.0,2.0,50,5,200
0,0,0,0,-999,0,0,0,0,0,0,0,0,15.0,2.0,50,5,300
0,0,0,0,-999,0,0,0,0,0,0,0,0,15.0,2.0,50,5,500
0,0,0,0,-999,0,0,0,0,0,0,0,0,15.0,2.0,50,5,1000
0,0,0,0,-999,0,0,0,0,0,0,0,0,15.0,2.0,50,7,100
0,0,0,0,-999,0,0,0,0,0,0,0,0,15.0,2.0,50,7,150
0,0,0,0,-999,0,0,0,0,0,0,0,0,15.0,2.0,50,7,200
0,0,0,0,-999,0,0,0,0,0,0,0,0,15.0,2.0,50,7,300
0,0,0,0,-999,0,0,0,0,0,0,0,0,15.0,2.0,50,7,500
0,0,0,0,-999,0,0,0,0,0,0,0,0,15.0,2.0,50,7,1000
0,0,0,0,-999,0,0,0,0,0,0,0,0,15.0,3.0,50,1,100
0,0,0,0,-999,0,0,0,0,0,0,0,0,15.0,3.0,50,1,150
0,0,0,0,-999,0,0,0,0,0,0,0,0,15.0,3.0,50,1,200
0,0,0,0,-999,0,0,0,0,0,0,0,0,15.0,3.0,50,1,300
0,0,0,0,-999,0,0,0,0,0,0,0,0,15.0,3.0,50,1,500
0,0,0,0,-999,0,0,0,0,0,0,0,0,15.0,3.0,50,1,1000
0,0,0,0,-999,0,0,0,0,0,0,0,0,15.0,3.0,50,2,100
0,0,0,0,-999,0,0,0,0,0,0,0,0,15.0,3.0,50,2,150
0,0,0,0,-999,0,0,0,0,0,0,0,0,15.0,3.0,50,2,200
0,0,0,0,-999,0,0,0,0,0,0,0,0,15.0,3.0,50,2,300
0,0,0,0,-999,0,0,0,0,0,0,0,0,15.0,3.0,50,2,500
0,0,0,0,-999,0,0,0,0,0,0,0,0,15.0,3.0,50,2,1000
0,0,0,0,-999,0,0,0,0,0,0,0,0,15.0,3.0,50,3,100
0,0,0,0,-999,0,0,0,0,0,0,0,0,15.0,3.0,50,3,150
0,0,0,0,-999,0,0,0,0,0,0,0,0,15.0,3.0,50,3,200
0,0,0,0,-999,0,0,0,0,0,0,0,0,15.0,3.0,50,3,300
0,0,0,0,-999,0,0,0,0,0,0,0,0,15.0,3.0,50,3,500
0,0,0,0,-999,0,0,0,0,0,0,0,0,15.0,3.0,50,3,1000
0,0,0,0,-999,0,0,0,0,0,0,0,0,15.0,3.0,50,4,100
0,0,0,0,-999,0,0,0,0,0,0,0,0,15.0,3.0,50,4,150
0,0,0,0,-999,0,0,0,0,0,0,0,0,15.0,3.0,50,4,200
0,0,0,0,-999,0,0,0,0,0,0,0,0,15.0,3.0,50,4,300
0,0,0,0,-999,0,0,0,0,0,0,0,0,15.0,3.0,50,4,500
0,0,0,0,-999,0,0,0,0,0,0,0,0,15.0,3.0,50,4,1000
0,0,0,0,-999,0,0,0,0,0,0,0,0,15.0,3.0,50,5,100
0,0,0,0,-999,0,0,0,0,0,0,0,0,15.0,3.0,50,5,150
0,0,0,0,-999,0,0,0,0,0,0,0,0,15.0,3.0,50,5,200
0,0,0,0,-999,0,0,0,0,0,0,0,0,15.0,3.0,50,5,300
0,0,0,0,-999,0,0,0,0,0,0,0,0,15.0,3.0,50,5,500
0,0,0,0,-999,0,0,0,0,0,0,0,0,15.0,3.0,50,5,1000
0,0,0,0,-999,0,0,0,0,0,0,0,0,15.0,3.0,50,7,100
0,0,0,0,-999,0,0,0,0,0,0,0,0,15.0,3.0,50,7,150
0,0,0,0,-999,0,0,0,0,0,0,0,0,15.0,3.0,50,7,200
0,0,0,0,-999,0,0,0,0,0,0,0,0,15.0,3.0,50,7,300
0,0,0,0,-999,0,0,0,0,0,0,0,0,15.0,3.0,50,7,500
0,0,0,0,-999,0,0,0,0,0,0,0,0,15.0,3.0,50,7,1000
0,0,0,0,-999,0,0,0,0,0,0,0,0,15.0,4.0,50,1,100
0,0,0,0,-999,0,0,0,0,0,0,0,0,15.0,4.0,50,1,150
0,0,0,0,-999,0,0,0,0,0,0,0,0,15.0,4.0,50,1,200
0,0,0,0,-999,0,0,0,0,0,0,0,0,15.0,4.0,50,1,300
0,0,0,0,-999,0,0,0,0,0,0,0,0,15.0,4.0,50,1,500
0,0,0,0,-999,0,0,0,0,0,0,0,0,15.0,4.0,50,1,1000
0,0,0,0,-999,0,0,0,0,0,0,0,0,15.0,4.0,50,2,100
0,0,0,0,-999,0,0,0,0,0,0,0,0,15.0,4.0,50,2,150
0,0,0,0,-999,0,0,0,0,0,0,0,0,15.0,4.0,50,2,200
0,0,0,0,-999,0,0,0,0,0,0,0,0,15.0,4.0,50,2,300
0,0,0,0,-999,0,0,0,0,0,0,0,0,15.0,4.0,50,2,500
0,0,0,0,-999,0,0,0,0,0,0,0,0,15.0,4.0,50,2,1000
0,0,0,0,-999,0,0,0,0,0,0,0,0,15.0,4.0,50,3,100
0,0,0,0,-999,0,0,0,0,0,0,0,0,15.0,4.0,50,3,150
0,0,0,0,-999,0,0,0,0,0,0,0,0,15.0,4.0,50,3,200
0,0,0,0,-999,0,0,0,0,0,0,0,0,15.0,4.0,50,3,300
0,0,0,0,-999,0,0,0,0,0,0,0,0,15.0,4.0,50,3,500
0,0,0,0,-999,0,0,0,0,0,0,0,0,15.0,4.0,50,3,1000
0,0,0,0,-999,0,0,0,0,0,0,0,0,15.0,4.0,50,4,100
0,0,0,0,-999,0,0,0,0,0,0,0,0,15.0,4.0,50,4,150
0,0,0,0,-999,0,0,0,0,0,0,0,0,15.0,4.0,50,4,200
0,0,0,0,-999,0,0,0,0,0,0,0,0,15.0,4.0,50,4,300
0,0,0,0,-999,0,0,0,0,0,0,0,0,15.0,4.0,50,4,500
0,0,0,0,-999,0,0,0,0,0,0,0,0,15.0,4.0,50,4,1000
0,0,0,0,-999,0,0,0,0,0,0,0,0,15.0,4.0,50,5,100
0,0,0,0,-999,0,0,0,0,0,0,0,0,15.0,4.0,50,5,150
0,0,0,0,-999,0,0,0,0,0,0,0,0,15.0,4.0,50,5,200
0,0,0,0,-999,0,0,0,0,0,0,0,0,15.0,4.0,50,5,300
0,0,0,0,-999,0,0,0,0,0,0,0,0,15.0,4.0,50,5,500
0,0,0,0,-999,0,0,0,0,0,0,0,0,15.0,4.0,50,5,1000
0,0,0,0,-999,0,0,0,0,0,0,0,0,15.0,4.0,50,7,100
0,0,0,0,-999,0,0,0,0,0,0,0,0,15.0,4.0,50,7,150
0,0,0,0,-999,0,0,0,0,0,0,0,0,15.0,4.0,50,7,200
0,0,0,0,-999,0,0,0,0,0,0,0,0,15.0,4.0,50,7,300
0,0,0,0,-999,0,0,0,0,0,0,0,0,15.0,4.0,50,7,500
0,0,0,0,-999,0,0,0,0,0,0,0,0,15.0,4.0,50,7,1000
0,0,0,0,-999,0,0,0,0,0,0,0,0,15.0,5.0,50,1,100
0,0,0,0,-999,0,0,0,0,0,0,0,0,15.0,5.0,50,1,150
0,0,0,0,-999,0,0,0,0,0,0,0,0,15.0,5.0,50,1,200
0,0,0,0,-999,0,0,0,0,0,0,0,0,15.0,5.0,50,1,300
0,0,0,0,-999,0,0,0,0,0,0,0,0,15.0,5.0,50,1,500
0,0,0,0,-999,0,0,0,0,0,0,0,0,15.0,5.0,50,1,1000
0,0,0,0,-999,0,0,0,0,0,0,0,0,15.0,5.0,50,2,100
0,0,0,0,-999,0,0,0,0,0,0,0,0,15.0,5.0,50,2,150
0,0,0,0,-999,0,0,0,0,0,0,0,0,15.0,5.0,50,2,200
0,0,0,0,-999,0,0,0,0,0,0,0,0,15.0,5.0,50,2,300
0,0,0,0,-999,0,0,0,0,0,0,0,0,15.0,5.0,50,2,500
0,0,0,0,-999,0,0,0,0,0,0,0,0,15.0,5.0,50,2,1000
0,0,0,0,-999,0,0,0,0,0,0,0,0,15.0,5.0,50,3,100
0,0,0,0,-999,0,0,0,0,0,0,0,0,15.0,5.0,50,3,150
0,0,0,0,-999,0,0,0,0,0,0,0,0,15.0,5.0,50,3,200
0,0,0,0,-999,0,0,0,0,0,0,0,0,15.0,5.0,50,3,300
0,0,0,0,-999,0,0,0,0,0,0,0,0,15.0,5.0,50,3,500
0,0,0,0,-999,0,0,0,0,0,0,0,0,15.0,5.0,50,3,1000
0,0,0,0,-999,0,0,0,0,0,0,0,0,15.0,5.0,50,4,100
0,0,0,0,-999,0,0,0,0,0,0,0,0,15.0,5.0,50,4,150
0,0,0,0,-999,0,0,0,0,0,0,0,0,15.0,5.0,50,4,200
0,0,0,0,-999,0,0,0,0,0,0,0,0,15.0,5.0,50,4,300
0,0,0,0,-999,0,0,0,0,0,0,0,0,15.0,5.0,50,4,500
0,0,0,0,-999,0,0,0,0,0,0,0,0,15.0,5.0,50,4,1000
0,0,0,0,-999,0,0,0,0,0,0,0,0,15.0,5.0,50,5,100
0,0,0,0,-999,0,0,0,0,0,0,0,0,15.0,5.0,50,5,150
0,0,0,0,-999,0,0,0,0,0,0,0,0,15.0,5.0,50,5,200
0,0,0,0,-999,0,0,0,0,0,0,0,0,15.0,5.0,50,5,300
0,0,0,0,-999,0,0,0,0,0,0,0,0,15.0,5.0,50,5,500
0,0,0,0,-999,0,0,0,0,0,0,0,0,15.0,5.0,50,5,1000
0,0,0,0,-999,0,0,0,0,0,0,0,0,15.0,5.0,50,7,100
0,0,0,0,-999,0,0,0,0,0,0,0,0,15.0,5.0,50,7,150
0,0,0,0,-999,0,0,0,0,0,0,0,0,15.0,5.0,50,7,200
0,0,0,0,-999,0,0,0,0,0,0,0,0,15.0,5.0,50,7,300
0,0,0,0,-999,0,0,0,0,0,0,0,0,15.0,5.0,50,7,500
0,0,0,0,-999,0,0,0,0,0,0,0,0,15.0,5.0,50,7,1000
0,0,0,0,-999,0,0,0,0,0,0,0,0,15.0,6.0,50,1,100
0,0,0,0,-999,0,0,0,0,0,0,0,0,15.0,6.0,50,1,150
0,0,0,0,-999,0,0,0,0,0,0,0,0,15.0,6.0,50,1,200
0,0,0,0,-999,0,0,0,0,0,0,0,0,15.0,6.0,50,1,300
0,0,0,0,-999,0,0,0,0,0,0,0,0,15.0,6.0,50,1,500
0,0,0,0,-999,0,0,0,0,0,0,0,0,15.0,6.0,50,1,1000
0,0,0,0,-999,0,0,0,0,0,0,0,0,15.0,6.0,50,2,100
0,0,0,0,-999,0,0,0,0,0,0,0,0,15.0,6.0,50,2,150
0,0,0,0,-999,0,0,0,0,0,0,0,0,15.0,6.0,50,2,200
0,0,0,0,-999,0,0,0,0,0,0,0,0,15.0,6.0,50,2,300
0,0,0,0,-999,0,0,0,0,0,0,0,0,15.0,6.0,50,2,500
0,0,0,0,-999,0,0,0,0,0,0,0,0,15.0,6.0,50,2,1000
0,0,0,0,-999,0,0,0,0,0,0,0,0,15.0,6.0,50,3,100
0,0,0,0,-999,0,0,0,0,0,0,0,0,15.0,6.0,50,3,150
0,0,0,0,-999,0,0,0,0,0,0,0,0,15.0,6.0,50,3,200
0,0,0,0,-999,0,0,0,0,0,0,0,0,15.0,6.0,50,3,300
0,0,0,0,-999,0,0,0,0,0,0,0,0,15.0,6.0,50,3,500
0,0,0,0,-999,0,0,0,0,0,0,0,0,15.0,6.0,50,3,1000
0,0,0,0,-999,0,0,0,0,0,0,0,0,15.0,6.0,50,4,100
0,0,0,0,-999,0,0,0,0,0,0,0,0,15.0,6.0,50,4,150
0,0,0,0,-999,0,0,0,0,0,0,0,0,15.0,6.0,50,4,200
0,0,0,0,-999,0,0,0,0,0,0,0,0,15.0,6.0,50,4,300
0,0,0,0,-999,0,0,0,0,0,0,0,0,15.0,6.0,50,4,500
0,0,0,0,-999,0,0,0,0,0,0,0,0,15.0,6.0,50,4,1000
0,0,0,0,-999,0,0,0,0,0,0,0,0,15.0,6.0,50,5,100
0,0,0,0,-999,0,0,0,0,0,0,0,0,15.0,6.0,50,5,150
0,0,0,0,-999,0,0,0,0,0,0,0,0,15.0,6.0,50,5,200
0,0,0,0,-999,0,0,0,0,0,0,0,0,15.0,6.0,50,5,300
0,0,0,0,-999,0,0,0,0,0,0,0,0,15.0,6.0,50,5,500
0,0,0,0,-999,0,0,0,0,0,0,0,0,15.0,6.0,50,5,1000
0,0,0,0,-999,0,0,0,0,0,0,0,0,15.0,6.0,50,7,100
0,0,0,0,-999,0,0,0,0,0,0,0,0,15.0,6.0,50,7,150
0,0,0,0,-999,0,0,0,0,0,0,0,0,15.0,6.0,50,7,200
0,0,0,0,-999,0,0,0,0,0,0,0,0,15.0,6.0,50,7,300
0,0,0,0,-999,0,0,0,0,0,0,0,0,15.0,6.0,50,7,500
0,0,0,0,-999,0,0,0,0,0,0,0,0,15.0,6.0,50,7,1000
0,0,0,0,-999,0,0,0,0,0,0,0,0,20.0,2.0,50,1,100
0,0,0,0,-999,0,0,0,0,0,0,0,0,20.0,2.0,50,1,150
0,0,0,0,-999,0,0,0,0,0,0,0,0,20.0,2.0,50,1,200
0,0,0,0,-999,0,0,0,0,0,0,0,0,20.0,2.0,50,1,300
0,0,0,0,-999,0,0,0,0,0,0,0,0,20.0,2.0,50,1,500
0,0,0,0,-999,0,0,0,0,0,0,0,0,20.0,2.0,50,1,1000
0,0,0,0,-999,0,0,0,0,0,0,0,0,20.0,2.0,50,2,100
0,0,0,0,-999,0,0,0,0,0,0,0,0,20.0,2.0,50,2,150
0,0,0,0,-999,0,0,0,0,0,0,0,0,20.0,2.0,50,2,200
0,0,0,0,-999,0,0,0,0,0,0,0,0,20.0,2.0,50,2,300
0,0,0,0,-999,0,0,0,0,0,0,0,0,20.0,2.0,50,2,500
0,0,0,0,-999,0,0,0,0,0,0,0,0,20.0,2.0,50,2,1000
0,0,0,0,-999,0,0,0,0,0,0,0,0,20.0,2.0,50,3,100
0,0,0,0,-999,0,0,0,0,0,0,0,0,20.0,2.0,50,3,150
0,0,0,0,-999,0,0,0,0,0,0,0,0,20.0,2.0,50,3,200
0,0,0,0,-999,0,0,0,0,0,0,0,0,20.0,2.0,50,3,300
0,0,0,0,-999,0,0,0,0,0,0,0,0,20.0,2.0,50,3,500
0,0,0,0,-999,0,0,0,0,0,0,0,0,20.0,2.0,50,3,1000
0,0,0,0,-999,0,0,0,0,0,0,0,0,20.0,2.0,50,4,100
0,0,0,0,-999,0,0,0,0,0,0,0,0,20.0,2.0,50,4,150
0,0,0,0,-999,0,0,0,0,0,0,0,0,20.0,2.0,50,4,200
0,0,0,0,-999,0,0,0,0,0,0,0,0,20.0,2.0,50,4,300
0,0,0,0,-999,0,0,0,0,0,0,0,0,20.0,2.0,50,4,500
0,0,0,0,-999,0,0,0,0,0,0,0,0,20.0,2.0,50,4,1000
0,0,0,0,-999,0,0,0,0,0,0,0,0,20.0,2.0,50,5,100
0,0,0,0,-999,0,0,0,0,0,0,0,0,20.0,2.0,50,5,150
0,0,0,0,-999,0,0,0,0,0,0,0,0,20.0,2.0,50,5,200
0,0,0,0,-999,0,0,0,0,0,0,0,0,20.0,2.0,50,5,300
0,0,0,0,-999,0,0,0,0,0,0,0,0,20.0,2.0,50,5,500
0,0,0,0,-999,0,0,0,0,0,0,0,0,20.0,2.0,50,5,1000
0,0,0,0,-999,0,0,0,0,0,0,0,0,20.0,2.0,50,7,100
0,0,0,0,-999,0,0,0,0,0,0,0,0,20.0,2.0,50,7,150
0,0,0,0,-999,0,0,0,0,0,0,0,0,20.0,2.0,50,7,200
0,0,0,0,-999,0,0,0,0,0,0,0,0,20.0,2.0,50,7,300
0,0,0,0,-999,0,0,0,0,0,0,0,0,20.0,2.0,50,7,500
0,0,0,0,-999,0,0,0,0,0,0,0,0,20.0,2.0,50,7,1000
0,0,0,0,-999,0,0,0,0,0,0,0,0,20.0,3.0,50,1,100
0,0,0,0,-999,0,0,0,0,0,0,0,0,20.0,3.0,50,1,150
0,0,0,0,-999,0,0,0,0,0,0,0,0,20.0,3.0,50,1,200
0,0,0,0,-999,0,0,0,0,0,0,0,0,20.0,3.0,50,1,300
0,0,0,0,-999,0,0,0,0,0,0,0,0,20.0,3.0,50,1,500
0,0,0,0,-999,0,0,0,0,0,0,0,0,20.0,3.0,50,1,1000
0,0,0,0,-999,0,0,0,0,0,0,0,0,20.0,3.0,50,2,100
0,0,0,0,-999,0,0,0,0,0,0,0,0,20.0,3.0,50,2,150
0,0,0,0,-999,0,0,0,0,0,0,0,0,20.0,3.0,50,2,200
0,0,0,0,-999,0,0,0,0,0,0,0,0,20.0,3.0,50,2,300
0,0,0,0,-999,0,0,0,0,0,0,0,0,20.0,3.0,50,2,500
0,0,0,0,-999,0,0,0,0,0,0,0,0,20.0,3.0,50,2,1000
0,0,0,0,-999,0,0,0,0,0,0,0,0,20.0,3.0,50,3,100
0,0,0,0,-999,0,0,0,0,0,0,0,0,20.0,3.0,50,3,150
0,0,0,0,-999,0,0,0,0,0,0,0,0,20.0,3.0,50,3,200
0,0,0,0,-999,0,0,0,0,0,0,0,0,20.0,3.0,50,3,300
0,0,0,0,-999,0,0,0,0,0,0,0,0,20.0,3.0,50,3,500
0,0,0,0,-999,0,0,0,0,0,0,0,0,20.0,3.0,50,3,1000
0,0,0,0,-999,0,0,0,0,0,0,0,0,20.0,3.0,50,4,100
0,0,0,0,-999,0,0,0,0,0,0,0,0,20.0,3.0,50,4,150
0,0,0,0,-999,0,0,0,0,0,0,0,0,20.0,3.0,50,4,200
0,0,0,0,-999,0,0,0,0,0,0,0,0,20.0,3.0,50,4,300
0,0,0,0,-999,0,0,0,0,0,0,0,0,20.0,3.0,50,4,500
0,0,0,0,-999,0,0,0,0,0,0,0,0,20.0,3.0,50,4,1000
0,0,0,0,-999,0,0,0,0,0,0,0,0,20.0,3.0,50,5,100
0,0,0,0,-999,0,0,0,0,0,0,0,0,20.0,3.0,50,5,150
0,0,0,0,-999,0,0,0,0,0,0,0,0,20.0,3.0,50,5,200
0,0,0,0,-999,0,0,0,0,0,0,0,0,20.0,3.0,50,5,300
0,0,0,0,-999,0,0,0,0,0,0,0,0,20.0,3.0,50,5,500
0,0,0,0,-999,0,0,0,0,0,0,0,0,20.0,3.0,50,5,1000
0,0,0,0,-999,0,0,0,0,0,0,0,0,20.0,3.0,50,7,100
0,0,0,0,-999,0,0,0,0,0,0,0,0,20.0,3.0,50,7,150
0,0,0,0,-999,0,0,0,0,0,0,0,0,20.0,3.0,50,7,200
0,0,0,0,-999,0,0,0,0,0,0,0,0,20.0,3.0,50,7,300
0,0,0,0,-999,0,0,0,0,0,0,0,0,20.0,3.0,50,7,500
0,0,0,0,-999,0,0,0,0,0,0,0,0,20.0,3.0,50,7,1000
0,0,0,0,-999,0,0,0,0,0,0,0,0,20.0,4.0,50,1,100
0,0,0,0,-999,0,0,0,0,0,0,0,0,20.0,4.0,50,1,150
0,0,0,0,-999,0,0,0,0,0,0,0,0,20.0,4.0,50,1,200
0,0,0,0,-999,0,0,0,0,0,0,0,0,20.0,4.0,50,1,300
0,0,0,0,-999,0,0,0,0,0,0,0,0,20.0,4.0,50,1,500
0,0,0,0,-999,0,0,0,0,0,0,0,0,20.0,4.0,50,1,1000
0,0,0,0,-999,0,0,0,0,0,0,0,0,20.0,4.0,50,2,100
0,0,0,0,-999,0,0,0,0,0,0,0,0,20.0,4.0,50,2,150
0,0,0,0,-999,0,0,0,0,0,0,0,0,20.0,4.0,50,2,200
0,0,0,0,-999,0,0,0,0,0,0,0,0,20.0,4.0,50,2,300
0,0,0,0,-999,0,0,0,0,0,0,0,0,20.0,4.0,50,2,500
0,0,0,0,-999,0,0,0,0,0,0,0,0,20.0,4.0,50,2,1000
0,0,0,0,-999,0,0,0,0,0,0,0,0,20.0,4.0,50,3,100
0,0,0,0,-999,0,0,0,0,0,0,0,0,20.0,4.0,50,3,150
0,0,0,0,-999,0,0,0,0,0,0,0,0,20.0,4.0,50,3,200
0,0,0,0,-999,0,0,0,0,0,0,0,0,20.0,4.0,50,3,300
0,0,0,0,-999,0,0,0,0,0,0,0,0,20.0,4.0,50,3,500
0,0,0,0,-999,0,0,0,0,0,0,0,0,20.0,4.0,50,3,1000
0,0,0,0,-999,0,0,0,0,0,0,0,0,20.0,4.0,50,4,100
0,0,0,0,-999,0,0,0,0,0,0,0,0,20.0,4.0,50,4,150
0,0,0,0,-999,0,0,0,0,0,0,0,0,20.0,4.0,50,4,200
0,0,0,0,-999,0,0,0,0,0,0,0,0,20.0,4.0,50,4,300
0,0,0,0,-999,0,0,0,0,0,0,0,0,20.0,4.0,50,4,500
0,0,0,0,-999,0,0,0,0,0,0,0,0,20.0,4.0,50,4,1000
0,0,0,0,-999,0,0,0,0,0,0,0,0,20.0,4.0,50,5,100
0,0,0,0,-999,0,0,0,0,0,0,0,0,20.0,4.0,50,5,150
0,0,0,0,-999,0,0,0,0,0,0,0,0,20.0,4.0,50,5,200
0,0,0,0,-999,0,0,0,0,0,0,0,0,20.0,4.0,50,5,300
0,0,0,0,-999,0,0,0,0,0,0,0,0,20.0,4.0,50,5,500
0,0,0,0,-999,0,0,0,0,0,0,0,0,20.0,4.0,50,5,1000
0,0,0,0,-999,0,0,0,0,0,0,0,0,20.0,4.0,50,7,100
0,0,0,0,-999,0,0,0,0,0,0,0,0,20.0,4.0,50,7,150
0,0,0,0,-999,0,0,0,0,0,0,0,0,20.0,4.0,50,7,200
0,0,0,0,-999,0,0,0,0,0,0,0,0,20.0,4.0,50,7,300
0,0,0,0,-999,0,0,0,0,0,0,0,0,20.0,4.0,50,7,500
0,0,0,0,-999,0,0,0,0,0,0,0,0,20.0,4.0,50,7,1000
0,0,0,0,-999,0,0,0,0,0,0,0,0,20.0,5.0,50,1,100
0,0,0,0,-999,0,0,0,0,0,0,0,0,20.0,5.0,50,1,150
0,0,0,0,-999,0,0,0,0,0,0,0,0,20.0,5.0,50,1,200
0,0,0,0,-999,0,0,0,0,0,0,0,0,20.0,5.0,50,1,300
0,0,0,0,-999,0,0,0,0,0,0,0,0,20.0,5.0,50,1,500
0,0,0,0,-999,0,0,0,0,0,0,0,0,20.0,5.0,50,1,1000
0,0,0,0,-999,0,0,0,0,0,0,0,0,20.0,5.0,50,2,100
0,0,0,0,-999,0,0,0,0,0,0,0,0,20.0,5.0,50,2,150
0,0,0,0,-999,0,0,0,0,0,0,0,0,20.0,5.0,50,2,200
0,0,0,0,-999,0,0,0,0,0,0,0,0,20.0,5.0,50,2,300
0,0,0,0,-999,0,0,0,0,0,0,0,0,20.0,5.0,50,2,500
0,0,0,0,-999,0,0,0,0,0,0,0,0,20.0,5.0,50,2,1000
0,0,0,0,-999,0,0,0,0,0,0,0,0,20.0,5.0,50,3,100
0,0,0,0,-999,0,0,0,0,0,0,0,0,20.0,5.0,50,3,150
0,0,0,0,-999,0,0,0,0,0,0,0,0,20.0,5.0,50,3,200
0,0,0,0,-999,0,0,0,0,0,0,0,0,20.0,5.0,50,3,300
0,0,0,0,-999,0,0,0,0,0,0,0,0,20.0,5.0,50,3,500
0,0,0,0,-999,0,0,0,0,0,0,0,0,20.0,5.0,50,3,1000
0,0,0,0,-999,0,0,0,0,0,0,0,0,20.0,5.0,50,4,100
0,0,0,0,-999,0,0,0,0,0,0,0,0,20.0,5.0,50,4,150
0,0,0,0,-999,0,0,0,0,0,0,0,0,20.0,5.0,50,4,200
0,0,0,0,-999,0,0,0,0,0,0,0,0,20.0,5.0,50,4,300
0,0,0,0,-999,0,0,0,0,0,0,0,0,20.0,5.0,50,4,500
0,0,0,0,-999,0,0,0,0,0,0,0,0,20.0,5.0,50,4,1000
0,0,0,0,-999,0,0,0,0,0,0,0,0,20.0,5.0,50,5,100
0,0,0,0,-999,0,0,0,0,0,0,0,0,20.0,5.0,50,5,150
0,0,0,0,-999,0,0,0,0,0,0,0,0,20.0,5.0,50,5,200
0,0,0,0,-999,0,0,0,0,0,0,0,0,20.0,5.0,50,5,300
0,0,0,0,-999,0,0,0,0,0,0,0,0,20.0,5.0,50,5,500
0,0,0,0,-999,0,0,0,0,0,0,0,0,20.0,5.0,50,5,1000
0,0,0,0,-999,0,0,0,0,0,0,0,0,20.0,5.0,50,7,100
0,0,0,0,-999,0,0,0,0,0,0,0,0,20.0,5.0,50,7,150
0,0,0,0,-999,0,0,0,0,0,0,0,0,20.0,5.0,50,7,200
0,0,0,0,-999,0,0,0,0,0,0,0,0,20.0,5.0,50,7,300
0,0,0,0,-999,0,0,0,0,0,0,0,0,20.0,5.0,50,7,500
0,0,0,0,-999,0,0,0,0,0,0,0,0,20.0,5.0,50,7,1000
0,0,0,0,-999,0,0,0,0,0,0,0,0,20.0,6.0,50,1,100
0,0,0,0,-999,0,0,0,0,0,0,0,0,20.0,6.0,50,1,150
0,0,0,0,-999,0,0,0,0,0,0,0,0,20.0,6.0,50,1,200
0,0,0,0,-999,0,0,0,0,0,0,0,0,20.0,6.0,50,1,300
0,0,0,0,-999,0,0,0,0,0,0,0,0,20.0,6.0,50,1,500
0,0,0,0,-999,0,0,0,0,0,0,0,0,20.0,6.0,50,1,1000
0,0,0,0,-999,0,0,0,0,0,0,0,0,20.0,6.0,50,2,100
0,0,0,0,-999,0,0,0,0,0,0,0,0,20.0,6.0,50,2,150
0,0,0,0,-999,0,0,0,0,0,0,0,0,20.0,6.0,50,2,200
0,0,0,0,-999,0,0,0,0,0,0,0,0,20.0,6.0,50,2,300
0,0,0,0,-999,0,0,0,0,0,0,0,0,20.0,6.0,50,2,500
0,0,0,0,-999,0,0,0,0,0,0,0,0,20.0,6.0,50,2,1000
0,0,0,0,-999,0,0,0,0,0,0,0,0,20.0,6.0,50,3,100
0,0,0,0,-999,0,0,0,0,0,0,0,0,20.0,6.0,50,3,150
0,0,0,0,-999,0,0,0,0,0,0,0,0,20.0,6.0,50,3,200
0,0,0,0,-999,0,0,0,0,0,0,0,0,20.0,6.0,50,3,300
0,0,0,0,-999,0,0,0,0,0,0,0,0,20.0,6.0,50,3,500
0,0,0,0,-999,0,0,0,0,0,0,0,0,20.0,6.0,50,3,1000
0,0,0,0,-999,0,0,0,0,0,0,0,0,20.0,6.0,50,4,100
0,0,0,0,-999,0,0,0,0,0,0,0,0,20.0,6.0,50,4,150
0,0,0,0,-999,0,0,0,0,0,0,0,0,20.0,6.0,50,4,200
0,0,0,0,-999,0,0,0,0,0,0,0,0,20.0,6.0,50,4,300
0,0,0,0,-999,0,0,0,0,0,0,0,0,20.0,6.0,50,4,500
0,0,0,0,-999,0,0,0,0,0,0,0,0,20.0,6.0,50,4,1000
0,0,0,0,-999,0,0,0,0,0,0,0,0,20.0,6.0,50,5,100
0,0,0,0,-999,0,0,0,0,0,0,0,0,20.0,6.0,50,5,150
0,0,0,0,-999,0,0,0,0,0,0,0,0,20.0,6.0,50,5,200
0,0,0,0,-999,0,0,0,0,0,0,0,0,20.0,6.0,50,5,300
0,0,0,0,-999,0,0,0,0,0,0,0,0,20.0,6.0,50,5,500
0,0,0,0,-999,0,0,0,0,0,0,0,0,20.0,6.0,50,5,1000
0,0,0,0,-999,0,0,0,0,0,0,0,0,20.0,6.0,50,7,100
0,0,0,0,-999,0,0,0,0,0,0,0,0,20.0,6.0,50,7,150
0,0,0,0,-999,0,0,0,0,0,0,0,0,20.0,6.0,50,7,200
0,0,0,0,-999,0,0,0,0,0,0,0,0,20.0,6.0,50,7,300
0,0,0,0,-999,0,0,0,0,0,0,0,0,20.0,6.0,50,7,500
0,0,0,0,-999,0,0,0,0,0,0,0,0,20.0,6.0,50,7,1000
